{"type":"FeatureCollection","name":"Beveiligde gebieden en vitale processen","source":"Afgeleid uit nl/uas-zones.json, AIP Nederland ENR 5.3, uitgave 22 juli 2024. Cirkels zijn benaderd met 64 punten.","features":[{"type":"Feature","properties":{"identifier":"6.2.1","name":"Gebied met verbod vanuit beveiligingsoverwegingen","restriction":"CONDITIONAL","rule":"OPEN cat. vluchten zijn hier verboden SPEC cat. vluchten vereisen een privilege op de exploitatievergunning","category":"beveiligd","source":"AIP Nederland ENR 5.3, ED-269, 22 juli 2024"},"geometry":{"type":"Polygon","coordinates":[[[6.686111,52.346436],[6.686832,52.346414],[6.687545,52.34635],[6.688245,52.346243],[6.688925,52.346094],[6.689577,52.345906],[6.690196,52.345679],[6.690775,52.345416],[6.69131,52.34512],[6.691794,52.344794],[6.692224,52.34444],[6.692595,52.344062],[6.692903,52.343663],[6.693146,52.343248],[6.693322,52.342821],[6.693428,52.342385],[6.693463,52.341944],[6.693428,52.341504],[6.693322,52.341068],[6.693146,52.340641],[6.692903,52.340226],[6.692595,52.339827],[6.692224,52.339449],[6.691794,52.339095],[6.69131,52.338768],[6.690775,52.338472],[6.690196,52.33821],[6.689577,52.337983],[6.688925,52.337795],[6.688245,52.337646],[6.687545,52.337539],[6.686832,52.337474],[6.686111,52.337453],[6.685391,52.337474],[6.684677,52.337539],[6.683977,52.337646],[6.683298,52.337795],[6.682645,52.337983],[6.682027,52.33821],[6.681447,52.338472],[6.680913,52.338768],[6.680428,52.339095],[6.679998,52.339449],[6.679627,52.339827],[6.679319,52.340226],[6.679076,52.340641],[6.678901,52.341068],[6.678795,52.341504],[6.678759,52.341944],[6.678795,52.342385],[6.678901,52.342821],[6.679076,52.343248],[6.679319,52.343663],[6.679627,52.344062],[6.679998,52.34444],[6.680428,52.344794],[6.680913,52.34512],[6.681447,52.345416],[6.682027,52.345679],[6.682645,52.345906],[6.683298,52.346094],[6.683977,52.346243],[6.684677,52.34635],[6.685391,52.346414],[6.686111,52.346436]]]}},{"type":"Feature","properties":{"identifier":"6.2.2","name":"Gebied met verbod vanuit beveiligingsoverwegingen","restriction":"CONDITIONAL","rule":"OPEN cat. vluchten zijn hier verboden SPEC cat. vluchten vereisen een privilege op de exploitatievergunning","category":"beveiligd","source":"AIP Nederland ENR 5.3, ED-269, 22 juli 2024"},"geometry":{"type":"Polygon","coordinates":[[[4.633889,52.136714],[4.634606,52.136692],[4.635316,52.136627],[4.636013,52.13652],[4.636689,52.136372],[4.637338,52.136183],[4.637954,52.135957],[4.638531,52.135694],[4.639063,52.135398],[4.639545,52.135072],[4.639973,52.134718],[4.640342,52.13434],[4.640649,52.133941],[4.640891,52.133526],[4.641065,52.133098],[4.641171,52.132662],[4.641206,52.132222],[4.641171,52.131782],[4.641065,52.131346],[4.640891,52.130918],[4.640649,52.130503],[4.640342,52.130105],[4.639973,52.129727],[4.639545,52.129373],[4.639063,52.129046],[4.638531,52.12875],[4.637954,52.128488],[4.637338,52.128261],[4.636689,52.128073],[4.636013,52.127924],[4.635316,52.127817],[4.634606,52.127752],[4.633889,52.127731],[4.633172,52.127752],[4.632461,52.127817],[4.631765,52.127924],[4.631089,52.128073],[4.63044,52.128261],[4.629824,52.128488],[4.629247,52.12875],[4.628715,52.129046],[4.628233,52.129373],[4.627805,52.129727],[4.627436,52.130105],[4.627129,52.130503],[4.626887,52.130918],[4.626712,52.131346],[4.626607,52.131782],[4.626572,52.132222],[4.626607,52.132662],[4.626712,52.133098],[4.626887,52.133526],[4.627129,52.133941],[4.627436,52.13434],[4.627805,52.134718],[4.628233,52.135072],[4.628715,52.135398],[4.629247,52.135694],[4.629824,52.135957],[4.63044,52.136183],[4.631089,52.136372],[4.631765,52.13652],[4.632461,52.136627],[4.633172,52.136692],[4.633889,52.136714]]]}},{"type":"Feature","properties":{"identifier":"6.2.3","name":"Gebied met verbod vanuit beveiligingsoverwegingen","restriction":"CONDITIONAL","rule":"OPEN cat. vluchten zijn hier verboden SPEC cat. vluchten vereisen een privilege op de exploitatievergunning","category":"beveiligd","source":"AIP Nederland ENR 5.3, ED-269, 22 juli 2024"},"geometry":{"type":"Polygon","coordinates":[[[4.631389,52.138658],[4.632106,52.138637],[4.632816,52.138572],[4.633513,52.138465],[4.634189,52.138316],[4.634838,52.138128],[4.635454,52.137901],[4.636031,52.137639],[4.636563,52.137343],[4.637045,52.137016],[4.637473,52.136662],[4.637842,52.136284],[4.638149,52.135886],[4.638391,52.135471],[4.638566,52.135043],[4.638671,52.134607],[4.638706,52.134167],[4.638671,52.133726],[4.638566,52.13329],[4.638391,52.132863],[4.638149,52.132448],[4.637842,52.132049],[4.637473,52.131671],[4.637045,52.131317],[4.636563,52.130991],[4.636031,52.130695],[4.635454,52.130432],[4.634838,52.130205],[4.634189,52.130017],[4.633513,52.129868],[4.632816,52.129761],[4.632106,52.129697],[4.631389,52.129675],[4.630672,52.129697],[4.629961,52.129761],[4.629265,52.129868],[4.628589,52.130017],[4.627939,52.130205],[4.627324,52.130432],[4.626747,52.130695],[4.626215,52.130991],[4.625732,52.131317],[4.625305,52.131671],[4.624935,52.132049],[4.624628,52.132448],[4.624386,52.132863],[4.624212,52.13329],[4.624107,52.133726],[4.624071,52.134167],[4.624107,52.134607],[4.624212,52.135043],[4.624386,52.135471],[4.624628,52.135886],[4.624935,52.136284],[4.625305,52.136662],[4.625732,52.137016],[4.626215,52.137343],[4.626747,52.137639],[4.627324,52.137901],[4.627939,52.138128],[4.628589,52.138316],[4.629265,52.138465],[4.629961,52.138572],[4.630672,52.138637],[4.631389,52.138658]]]}},{"type":"Feature","properties":{"identifier":"6.2.4","name":"Gebied met verbod vanuit beveiligingsoverwegingen","restriction":"CONDITIONAL","rule":"OPEN cat. vluchten zijn hier verboden SPEC cat. vluchten vereisen een privilege op de exploitatievergunning","category":"beveiligd","source":"AIP Nederland ENR 5.3, ED-269, 22 juli 2024"},"geometry":{"type":"Polygon","coordinates":[[[5.926389,51.965047],[5.927103,51.965026],[5.927811,51.964961],[5.928505,51.964854],[5.929178,51.964705],[5.929825,51.964517],[5.930439,51.96429],[5.931013,51.964028],[5.931543,51.963732],[5.932023,51.963405],[5.93245,51.963051],[5.932817,51.962673],[5.933123,51.962274],[5.933364,51.961859],[5.933538,51.961432],[5.933643,51.960996],[5.933678,51.960556],[5.933643,51.960115],[5.933538,51.959679],[5.933364,51.959252],[5.933123,51.958837],[5.932817,51.958438],[5.93245,51.95806],[5.932023,51.957706],[5.931543,51.95738],[5.931013,51.957084],[5.930439,51.956821],[5.929825,51.956594],[5.929178,51.956406],[5.928505,51.956257],[5.927811,51.95615],[5.927103,51.956086],[5.926389,51.956064],[5.925674,51.956086],[5.924967,51.95615],[5.924273,51.956257],[5.923599,51.956406],[5.922953,51.956594],[5.922339,51.956821],[5.921765,51.957084],[5.921235,51.95738],[5.920754,51.957706],[5.920328,51.95806],[5.91996,51.958438],[5.919655,51.958837],[5.919414,51.959252],[5.91924,51.959679],[5.919135,51.960115],[5.9191,51.960556],[5.919135,51.960996],[5.91924,51.961432],[5.919414,51.961859],[5.919655,51.962274],[5.91996,51.962673],[5.920328,51.963051],[5.920754,51.963405],[5.921235,51.963732],[5.921765,51.964028],[5.922339,51.96429],[5.922953,51.964517],[5.923599,51.964705],[5.924273,51.964854],[5.924967,51.964961],[5.925674,51.965026],[5.926389,51.965047]]]}},{"type":"Feature","properties":{"identifier":"6.2.5","name":"Gebied met verbod vanuit beveiligingsoverwegingen","restriction":"CONDITIONAL","rule":"OPEN cat. vluchten zijn hier verboden SPEC cat. vluchten vereisen een privilege op de exploitatievergunning","category":"beveiligd","source":"AIP Nederland ENR 5.3, ED-269, 22 juli 2024"},"geometry":{"type":"Polygon","coordinates":[[[4.752778,52.32588],[4.753498,52.325859],[4.754211,52.325794],[4.754911,52.325687],[4.75559,52.325539],[4.756242,52.32535],[4.75686,52.325123],[4.75744,52.324861],[4.757974,52.324565],[4.758458,52.324238],[4.758888,52.323884],[4.759258,52.323506],[4.759567,52.323108],[4.75981,52.322693],[4.759985,52.322265],[4.760091,52.321829],[4.760126,52.321389],[4.760091,52.320949],[4.759985,52.320513],[4.75981,52.320085],[4.759567,52.31967],[4.759258,52.319272],[4.758888,52.318894],[4.758458,52.318539],[4.757974,52.318213],[4.75744,52.317917],[4.75686,52.317654],[4.756242,52.317428],[4.75559,52.317239],[4.754911,52.317091],[4.754211,52.316984],[4.753498,52.316919],[4.752778,52.316897],[4.752058,52.316919],[4.751344,52.316984],[4.750645,52.317091],[4.749966,52.317239],[4.749314,52.317428],[4.748695,52.317654],[4.748116,52.317917],[4.747582,52.318213],[4.747097,52.318539],[4.746668,52.318894],[4.746297,52.319272],[4.745989,52.31967],[4.745746,52.320085],[4.745571,52.320513],[4.745465,52.320949],[4.745429,52.321389],[4.745465,52.321829],[4.745571,52.322265],[4.745746,52.322693],[4.745989,52.323108],[4.746297,52.323506],[4.746668,52.323884],[4.747097,52.324238],[4.747582,52.324565],[4.748116,52.324861],[4.748695,52.325123],[4.749314,52.32535],[4.749966,52.325539],[4.750645,52.325687],[4.751344,52.325794],[4.752058,52.325859],[4.752778,52.32588]]]}},{"type":"Feature","properties":{"identifier":"6.2.6","name":"Gebied met verbod vanuit beveiligingsoverwegingen","restriction":"CONDITIONAL","rule":"OPEN cat. vluchten zijn hier verboden SPEC cat. vluchten vereisen een privilege op de exploitatievergunning","category":"beveiligd","source":"AIP Nederland ENR 5.3, ED-269, 22 juli 2024"},"geometry":{"type":"Polygon","coordinates":[[[4.711389,51.82338],[4.712101,51.823359],[4.712806,51.823294],[4.713498,51.823187],[4.71417,51.823039],[4.714814,51.82285],[4.715426,51.822623],[4.715998,51.822361],[4.716527,51.822065],[4.717006,51.821738],[4.71743,51.821384],[4.717797,51.821006],[4.718102,51.820608],[4.718342,51.820193],[4.718515,51.819765],[4.71862,51.819329],[4.718655,51.818889],[4.71862,51.818449],[4.718515,51.818013],[4.718342,51.817585],[4.718102,51.81717],[4.717797,51.816772],[4.71743,51.816394],[4.717006,51.816039],[4.716527,51.815713],[4.715998,51.815417],[4.715426,51.815154],[4.714814,51.814928],[4.71417,51.814739],[4.713498,51.814591],[4.712806,51.814484],[4.712101,51.814419],[4.711389,51.814397],[4.710677,51.814419],[4.709971,51.814484],[4.70928,51.814591],[4.708608,51.814739],[4.707964,51.814928],[4.707352,51.815154],[4.706779,51.815417],[4.706251,51.815713],[4.705772,51.816039],[4.705347,51.816394],[4.704981,51.816772],[4.704676,51.81717],[4.704436,51.817585],[4.704262,51.818013],[4.704158,51.818449],[4.704123,51.818889],[4.704158,51.819329],[4.704262,51.819765],[4.704436,51.820193],[4.704676,51.820608],[4.704981,51.821006],[4.705347,51.821384],[4.705772,51.821738],[4.706251,51.822065],[4.706779,51.822361],[4.707352,51.822623],[4.707964,51.82285],[4.708608,51.823039],[4.70928,51.823187],[4.709971,51.823294],[4.710677,51.823359],[4.711389,51.82338]]]}},{"type":"Feature","properties":{"identifier":"6.2.7","name":"Gebied met verbod vanuit beveiligingsoverwegingen","restriction":"CONDITIONAL","rule":"OPEN cat. vluchten zijn hier verboden SPEC cat. vluchten vereisen een privilege op de exploitatievergunning","category":"beveiligd","source":"AIP Nederland ENR 5.3, ED-269, 22 juli 2024"},"geometry":{"type":"Polygon","coordinates":[[[5.959722,51.411158],[5.960428,51.411137],[5.961127,51.411072],[5.961812,51.410965],[5.962478,51.410816],[5.963117,51.410628],[5.963723,51.410401],[5.96429,51.410139],[5.964814,51.409843],[5.965288,51.409516],[5.965709,51.409162],[5.966072,51.408784],[5.966375,51.408386],[5.966613,51.407971],[5.966784,51.407543],[5.966888,51.407107],[5.966923,51.406667],[5.966888,51.406226],[5.966784,51.40579],[5.966613,51.405363],[5.966375,51.404948],[5.966072,51.404549],[5.965709,51.404171],[5.965288,51.403817],[5.964814,51.403491],[5.96429,51.403195],[5.963723,51.402932],[5.963117,51.402705],[5.962478,51.402517],[5.961812,51.402368],[5.961127,51.402261],[5.960428,51.402197],[5.959722,51.402175],[5.959016,51.402197],[5.958317,51.402261],[5.957632,51.402368],[5.956967,51.402517],[5.956328,51.402705],[5.955722,51.402932],[5.955154,51.403195],[5.954631,51.403491],[5.954156,51.403817],[5.953735,51.404171],[5.953372,51.404549],[5.95307,51.404948],[5.952832,51.405363],[5.95266,51.40579],[5.952556,51.406226],[5.952522,51.406667],[5.952556,51.407107],[5.95266,51.407543],[5.952832,51.407971],[5.95307,51.408386],[5.953372,51.408784],[5.953735,51.409162],[5.954156,51.409516],[5.954631,51.409843],[5.955154,51.410139],[5.955722,51.410401],[5.956328,51.410628],[5.956967,51.410816],[5.957632,51.410965],[5.958317,51.411072],[5.959016,51.411137],[5.959722,51.411158]]]}},{"type":"Feature","properties":{"identifier":"6.2.8","name":"Gebied met verbod vanuit beveiligingsoverwegingen","restriction":"CONDITIONAL","rule":"OPEN cat. vluchten zijn hier verboden SPEC cat. vluchten vereisen een privilege op de exploitatievergunning","category":"beveiligd","source":"AIP Nederland ENR 5.3, ED-269, 22 juli 2024"},"geometry":{"type":"Polygon","coordinates":[[[5.734444,51.756158],[5.735156,51.756137],[5.73586,51.756072],[5.736551,51.755965],[5.737221,51.755816],[5.737865,51.755628],[5.738475,51.755401],[5.739047,51.755139],[5.739575,51.754843],[5.740053,51.754516],[5.740477,51.754162],[5.740843,51.753784],[5.741148,51.753386],[5.741387,51.752971],[5.74156,51.752543],[5.741665,51.752107],[5.7417,51.751667],[5.741665,51.751226],[5.74156,51.75079],[5.741387,51.750363],[5.741148,51.749948],[5.740843,51.749549],[5.740477,51.749171],[5.740053,51.748817],[5.739575,51.748491],[5.739047,51.748195],[5.738475,51.747932],[5.737865,51.747705],[5.737221,51.747517],[5.736551,51.747368],[5.73586,51.747261],[5.735156,51.747197],[5.734444,51.747175],[5.733733,51.747197],[5.733029,51.747261],[5.732338,51.747368],[5.731668,51.747517],[5.731024,51.747705],[5.730414,51.747932],[5.729842,51.748195],[5.729314,51.748491],[5.728836,51.748817],[5.728412,51.749171],[5.728046,51.749549],[5.727741,51.749948],[5.727502,51.750363],[5.727329,51.75079],[5.727224,51.751226],[5.727189,51.751667],[5.727224,51.752107],[5.727329,51.752543],[5.727502,51.752971],[5.727741,51.753386],[5.728046,51.753784],[5.728412,51.754162],[5.728836,51.754516],[5.729314,51.754843],[5.729842,51.755139],[5.730414,51.755401],[5.731024,51.755628],[5.731668,51.755816],[5.732338,51.755965],[5.733029,51.756072],[5.733733,51.756137],[5.734444,51.756158]]]}},{"type":"Feature","properties":{"identifier":"6.2.9","name":"Gebied met verbod vanuit beveiligingsoverwegingen","restriction":"CONDITIONAL","rule":"OPEN cat. vluchten zijn hier verboden SPEC cat. vluchten vereisen een privilege op de exploitatievergunning","category":"beveiligd","source":"AIP Nederland ENR 5.3, ED-269, 22 juli 2024"},"geometry":{"type":"Polygon","coordinates":[[[4.837778,52.69588],[4.838504,52.695859],[4.839223,52.695794],[4.839929,52.695687],[4.840614,52.695539],[4.841271,52.69535],[4.841895,52.695123],[4.842479,52.694861],[4.843018,52.694565],[4.843506,52.694238],[4.843939,52.693884],[4.844313,52.693506],[4.844624,52.693108],[4.844869,52.692693],[4.845046,52.692265],[4.845153,52.691829],[4.845188,52.691389],[4.845153,52.690949],[4.845046,52.690513],[4.844869,52.690085],[4.844624,52.68967],[4.844313,52.689272],[4.843939,52.688894],[4.843506,52.688539],[4.843018,52.688213],[4.842479,52.687917],[4.841895,52.687654],[4.841271,52.687428],[4.840614,52.687239],[4.839929,52.687091],[4.839223,52.686984],[4.838504,52.686919],[4.837778,52.686897],[4.837051,52.686919],[4.836332,52.686984],[4.835627,52.687091],[4.834942,52.687239],[4.834284,52.687428],[4.833661,52.687654],[4.833077,52.687917],[4.832538,52.688213],[4.832049,52.688539],[4.831616,52.688894],[4.831242,52.689272],[4.830931,52.68967],[4.830686,52.690085],[4.83051,52.690513],[4.830403,52.690949],[4.830367,52.691389],[4.830403,52.691829],[4.83051,52.692265],[4.830686,52.692693],[4.830931,52.693108],[4.831242,52.693506],[4.831616,52.693884],[4.832049,52.694238],[4.832538,52.694565],[4.833077,52.694861],[4.833661,52.695123],[4.834284,52.69535],[4.834942,52.695539],[4.835627,52.695687],[4.836332,52.695794],[4.837051,52.695859],[4.837778,52.69588]]]}},{"type":"Feature","properties":{"identifier":"6.2.10","name":"Gebied met verbod vanuit beveiligingsoverwegingen","restriction":"CONDITIONAL","rule":"OPEN cat. vluchten zijn hier verboden SPEC cat. vluchten vereisen een privilege op de exploitatievergunning","category":"beveiligd","source":"AIP Nederland ENR 5.3, ED-269, 22 juli 2024"},"geometry":{"type":"Polygon","coordinates":[[[4.379722,51.869214],[4.380435,51.869192],[4.381141,51.869127],[4.381834,51.86902],[4.382506,51.868872],[4.383151,51.868683],[4.383763,51.868457],[4.384337,51.868194],[4.384865,51.867898],[4.385345,51.867572],[4.38577,51.867218],[4.386137,51.86684],[4.386442,51.866441],[4.386683,51.866026],[4.386856,51.865598],[4.386961,51.865162],[4.386996,51.864722],[4.386961,51.864282],[4.386856,51.863846],[4.386683,51.863418],[4.386442,51.863003],[4.386137,51.862605],[4.38577,51.862227],[4.385345,51.861873],[4.384865,51.861546],[4.384337,51.86125],[4.383763,51.860988],[4.383151,51.860761],[4.382506,51.860573],[4.381834,51.860424],[4.381141,51.860317],[4.380435,51.860252],[4.379722,51.860231],[4.379009,51.860252],[4.378303,51.860317],[4.377611,51.860424],[4.376939,51.860573],[4.376293,51.860761],[4.375681,51.860988],[4.375108,51.86125],[4.374579,51.861546],[4.3741,51.861873],[4.373674,51.862227],[4.373308,51.862605],[4.373002,51.863003],[4.372762,51.863418],[4.372588,51.863846],[4.372484,51.864282],[4.372449,51.864722],[4.372484,51.865162],[4.372588,51.865598],[4.372762,51.866026],[4.373002,51.866441],[4.373308,51.86684],[4.373674,51.867218],[4.3741,51.867572],[4.374579,51.867898],[4.375108,51.868194],[4.375681,51.868457],[4.376293,51.868683],[4.376939,51.868872],[4.377611,51.86902],[4.378303,51.869127],[4.379009,51.869192],[4.379722,51.869214]]]}},{"type":"Feature","properties":{"identifier":"6.2.11","name":"Gebied met verbod vanuit beveiligingsoverwegingen","restriction":"CONDITIONAL","rule":"OPEN cat. vluchten zijn hier verboden SPEC cat. vluchten vereisen een privilege op de exploitatievergunning","category":"beveiligd","source":"AIP Nederland ENR 5.3, ED-269, 22 juli 2024"},"geometry":{"type":"Polygon","coordinates":[[[4.571944,51.914769],[4.572658,51.914748],[4.573365,51.914683],[4.574058,51.914576],[4.574731,51.914427],[4.575377,51.914239],[4.57599,51.914012],[4.576563,51.91375],[4.577093,51.913454],[4.577573,51.913127],[4.577998,51.912773],[4.578366,51.912395],[4.578671,51.911997],[4.578912,51.911582],[4.579085,51.911154],[4.57919,51.910718],[4.579225,51.910278],[4.57919,51.909838],[4.579085,51.909402],[4.578912,51.908974],[4.578671,51.908559],[4.578366,51.90816],[4.577998,51.907782],[4.577573,51.907428],[4.577093,51.907102],[4.576563,51.906806],[4.57599,51.906543],[4.575377,51.906317],[4.574731,51.906128],[4.574058,51.90598],[4.573365,51.905873],[4.572658,51.905808],[4.571944,51.905786],[4.571231,51.905808],[4.570524,51.905873],[4.569831,51.90598],[4.569158,51.906128],[4.568512,51.906317],[4.567899,51.906543],[4.567325,51.906806],[4.566796,51.907102],[4.566316,51.907428],[4.565891,51.907782],[4.565523,51.90816],[4.565218,51.908559],[4.564977,51.908974],[4.564803,51.909402],[4.564699,51.909838],[4.564663,51.910278],[4.564699,51.910718],[4.564803,51.911154],[4.564977,51.911582],[4.565218,51.911997],[4.565523,51.912395],[4.565891,51.912773],[4.566316,51.913127],[4.566796,51.913454],[4.567325,51.91375],[4.567899,51.914012],[4.568512,51.914239],[4.569158,51.914427],[4.569831,51.914576],[4.570524,51.914683],[4.571231,51.914748],[4.571944,51.914769]]]}},{"type":"Feature","properties":{"identifier":"6.2.12","name":"Gebied met verbod vanuit beveiligingsoverwegingen","restriction":"CONDITIONAL","rule":"OPEN cat. vluchten zijn hier verboden SPEC cat. vluchten vereisen een privilege op de exploitatievergunning","category":"beveiligd","source":"AIP Nederland ENR 5.3, ED-269, 22 juli 2024"},"geometry":{"type":"Polygon","coordinates":[[[5.830833,53.197269],[5.831568,53.197248],[5.832296,53.197183],[5.83301,53.197076],[5.833702,53.196927],[5.834367,53.196739],[5.834998,53.196512],[5.835589,53.19625],[5.836134,53.195954],[5.836629,53.195627],[5.837067,53.195273],[5.837445,53.194895],[5.83776,53.194497],[5.838007,53.194082],[5.838186,53.193654],[5.838294,53.193218],[5.83833,53.192778],[5.838294,53.192338],[5.838186,53.191902],[5.838007,53.191474],[5.83776,53.191059],[5.837445,53.19066],[5.837067,53.190282],[5.836629,53.189928],[5.836134,53.189602],[5.835589,53.189306],[5.834998,53.189043],[5.834367,53.188817],[5.833702,53.188628],[5.83301,53.18848],[5.832296,53.188373],[5.831568,53.188308],[5.830833,53.188286],[5.830099,53.188308],[5.829371,53.188373],[5.828657,53.18848],[5.827964,53.188628],[5.827299,53.188817],[5.826668,53.189043],[5.826077,53.189306],[5.825532,53.189602],[5.825038,53.189928],[5.8246,53.190282],[5.824222,53.19066],[5.823907,53.191059],[5.823659,53.191474],[5.82348,53.191902],[5.823373,53.192338],[5.823336,53.192778],[5.823373,53.193218],[5.82348,53.193654],[5.823659,53.194082],[5.823907,53.194497],[5.824222,53.194895],[5.8246,53.195273],[5.825038,53.195627],[5.825532,53.195954],[5.826077,53.19625],[5.826668,53.196512],[5.827299,53.196739],[5.827964,53.196927],[5.828657,53.197076],[5.829371,53.197183],[5.830099,53.197248],[5.830833,53.197269]]]}},{"type":"Feature","properties":{"identifier":"6.2.13","name":"Gebied met verbod vanuit beveiligingsoverwegingen","restriction":"CONDITIONAL","rule":"OPEN cat. vluchten zijn hier verboden SPEC cat. vluchten vereisen een privilege op de exploitatievergunning","category":"beveiligd","source":"AIP Nederland ENR 5.3, ED-269, 22 juli 2024"},"geometry":{"type":"Polygon","coordinates":[[[5.470278,52.496714],[5.471001,52.496692],[5.471717,52.496627],[5.472419,52.49652],[5.473101,52.496372],[5.473755,52.496183],[5.474376,52.495957],[5.474958,52.495694],[5.475494,52.495398],[5.47598,52.495072],[5.476411,52.494718],[5.476784,52.49434],[5.477093,52.493941],[5.477337,52.493526],[5.477513,52.493098],[5.477619,52.492662],[5.477655,52.492222],[5.477619,52.491782],[5.477513,52.491346],[5.477337,52.490918],[5.477093,52.490503],[5.476784,52.490105],[5.476411,52.489727],[5.47598,52.489373],[5.475494,52.489046],[5.474958,52.48875],[5.474376,52.488488],[5.473755,52.488261],[5.473101,52.488073],[5.472419,52.487924],[5.471717,52.487817],[5.471001,52.487752],[5.470278,52.487731],[5.469555,52.487752],[5.468839,52.487817],[5.468136,52.487924],[5.467455,52.488073],[5.4668,52.488261],[5.466179,52.488488],[5.465598,52.48875],[5.465062,52.489046],[5.464575,52.489373],[5.464144,52.489727],[5.463772,52.490105],[5.463462,52.490503],[5.463219,52.490918],[5.463043,52.491346],[5.462936,52.491782],[5.462901,52.492222],[5.462936,52.492662],[5.463043,52.493098],[5.463219,52.493526],[5.463462,52.493941],[5.463772,52.49434],[5.464144,52.494718],[5.464575,52.495072],[5.465062,52.495398],[5.465598,52.495694],[5.466179,52.495957],[5.4668,52.496183],[5.467455,52.496372],[5.468136,52.49652],[5.468839,52.496627],[5.469555,52.496692],[5.470278,52.496714]]]}},{"type":"Feature","properties":{"identifier":"6.2.14","name":"Gebied met verbod vanuit beveiligingsoverwegingen","restriction":"CONDITIONAL","rule":"OPEN cat. vluchten zijn hier verboden SPEC cat. vluchten vereisen een privilege op de exploitatievergunning","category":"beveiligd","source":"AIP Nederland ENR 5.3, ED-269, 22 juli 2024"},"geometry":{"type":"Polygon","coordinates":[[[3.636111,51.494769],[3.636818,51.494748],[3.637518,51.494683],[3.638205,51.494576],[3.638872,51.494427],[3.639512,51.494239],[3.640119,51.494012],[3.640687,51.49375],[3.641212,51.493454],[3.641687,51.493127],[3.642109,51.492773],[3.642473,51.492395],[3.642776,51.491997],[3.643014,51.491582],[3.643186,51.491154],[3.64329,51.490718],[3.643325,51.490278],[3.64329,51.489838],[3.643186,51.489402],[3.643014,51.488974],[3.642776,51.488559],[3.642473,51.48816],[3.642109,51.487782],[3.641687,51.487428],[3.641212,51.487102],[3.640687,51.486806],[3.640119,51.486543],[3.639512,51.486317],[3.638872,51.486128],[3.638205,51.48598],[3.637518,51.485873],[3.636818,51.485808],[3.636111,51.485786],[3.635404,51.485808],[3.634704,51.485873],[3.634017,51.48598],[3.633351,51.486128],[3.632711,51.486317],[3.632103,51.486543],[3.631535,51.486806],[3.63101,51.487102],[3.630535,51.487428],[3.630113,51.487782],[3.629749,51.48816],[3.629447,51.488559],[3.629208,51.488974],[3.629036,51.489402],[3.628932,51.489838],[3.628897,51.490278],[3.628932,51.490718],[3.629036,51.491154],[3.629208,51.491582],[3.629447,51.491997],[3.629749,51.492395],[3.630113,51.492773],[3.630535,51.493127],[3.63101,51.493454],[3.631535,51.49375],[3.632103,51.494012],[3.632711,51.494239],[3.633351,51.494427],[3.634017,51.494576],[3.634704,51.494683],[3.635404,51.494748],[3.636111,51.494769]]]}},{"type":"Feature","properties":{"identifier":"6.2.15","name":"Gebied met verbod vanuit beveiligingsoverwegingen","restriction":"CONDITIONAL","rule":"OPEN cat. vluchten zijn hier verboden SPEC cat. vluchten vereisen een privilege op de exploitatievergunning","category":"beveiligd","source":"AIP Nederland ENR 5.3, ED-269, 22 juli 2024"},"geometry":{"type":"Polygon","coordinates":[[[5.112222,52.059769],[5.112938,52.059748],[5.113647,52.059683],[5.114343,52.059576],[5.115018,52.059427],[5.115666,52.059239],[5.11628,52.059012],[5.116856,52.05875],[5.117387,52.058454],[5.117869,52.058127],[5.118296,52.057773],[5.118664,52.057395],[5.118971,52.056997],[5.119212,52.056582],[5.119386,52.056154],[5.119492,52.055718],[5.119527,52.055278],[5.119492,52.054838],[5.119386,52.054402],[5.119212,52.053974],[5.118971,52.053559],[5.118664,52.05316],[5.118296,52.052782],[5.117869,52.052428],[5.117387,52.052102],[5.116856,52.051806],[5.11628,52.051543],[5.115666,52.051317],[5.115018,52.051128],[5.114343,52.05098],[5.113647,52.050873],[5.112938,52.050808],[5.112222,52.050786],[5.111506,52.050808],[5.110797,52.050873],[5.110102,52.05098],[5.109427,52.051128],[5.108779,52.051317],[5.108164,52.051543],[5.107588,52.051806],[5.107057,52.052102],[5.106576,52.052428],[5.106149,52.052782],[5.10578,52.05316],[5.105474,52.053559],[5.105232,52.053974],[5.105058,52.054402],[5.104953,52.054838],[5.104918,52.055278],[5.104953,52.055718],[5.105058,52.056154],[5.105232,52.056582],[5.105474,52.056997],[5.10578,52.057395],[5.106149,52.057773],[5.106576,52.058127],[5.107057,52.058454],[5.107588,52.05875],[5.108164,52.059012],[5.108779,52.059239],[5.109427,52.059427],[5.110102,52.059576],[5.110797,52.059683],[5.111506,52.059748],[5.112222,52.059769]]]}},{"type":"Feature","properties":{"identifier":"6.2.16","name":"Gebied met verbod vanuit beveiligingsoverwegingen","restriction":"CONDITIONAL","rule":"OPEN cat. vluchten zijn hier verboden SPEC cat. vluchten vereisen een privilege op de exploitatievergunning","category":"beveiligd","source":"AIP Nederland ENR 5.3, ED-269, 22 juli 2024"},"geometry":{"type":"Polygon","coordinates":[[[5.008611,52.199769],[5.009329,52.199748],[5.010041,52.199683],[5.010738,52.199576],[5.011415,52.199427],[5.012065,52.199239],[5.012682,52.199012],[5.01326,52.19875],[5.013792,52.198454],[5.014275,52.198127],[5.014704,52.197773],[5.015073,52.197395],[5.015381,52.196997],[5.015623,52.196582],[5.015798,52.196154],[5.015903,52.195718],[5.015939,52.195278],[5.015903,52.194838],[5.015798,52.194402],[5.015623,52.193974],[5.015381,52.193559],[5.015073,52.19316],[5.014704,52.192782],[5.014275,52.192428],[5.013792,52.192102],[5.01326,52.191806],[5.012682,52.191543],[5.012065,52.191317],[5.011415,52.191128],[5.010738,52.19098],[5.010041,52.190873],[5.009329,52.190808],[5.008611,52.190786],[5.007893,52.190808],[5.007182,52.190873],[5.006484,52.19098],[5.005807,52.191128],[5.005157,52.191317],[5.00454,52.191543],[5.003963,52.191806],[5.00343,52.192102],[5.002947,52.192428],[5.002518,52.192782],[5.002149,52.19316],[5.001841,52.193559],[5.001599,52.193974],[5.001424,52.194402],[5.001319,52.194838],[5.001284,52.195278],[5.001319,52.195718],[5.001424,52.196154],[5.001599,52.196582],[5.001841,52.196997],[5.002149,52.197395],[5.002518,52.197773],[5.002947,52.198127],[5.00343,52.198454],[5.003963,52.19875],[5.00454,52.199012],[5.005157,52.199239],[5.005807,52.199427],[5.006484,52.199576],[5.007182,52.199683],[5.007893,52.199748],[5.008611,52.199769]]]}},{"type":"Feature","properties":{"identifier":"6.2.17","name":"Gebied met verbod vanuit beveiligingsoverwegingen","restriction":"CONDITIONAL","rule":"OPEN cat. vluchten zijn hier verboden SPEC cat. vluchten vereisen een privilege op de exploitatievergunning","category":"beveiligd","source":"AIP Nederland ENR 5.3, ED-269, 22 juli 2024"},"geometry":{"type":"Polygon","coordinates":[[[6.040833,51.172269],[6.041535,51.172248],[6.042231,51.172183],[6.042913,51.172076],[6.043575,51.171927],[6.04421,51.171739],[6.044813,51.171512],[6.045378,51.17125],[6.045898,51.170954],[6.04637,51.170627],[6.046789,51.170273],[6.047151,51.169895],[6.047451,51.169497],[6.047688,51.169082],[6.047859,51.168654],[6.047962,51.168218],[6.047996,51.167778],[6.047962,51.167338],[6.047859,51.166902],[6.047688,51.166474],[6.047451,51.166059],[6.047151,51.16566],[6.046789,51.165282],[6.04637,51.164928],[6.045898,51.164602],[6.045378,51.164306],[6.044813,51.164043],[6.04421,51.163817],[6.043575,51.163628],[6.042913,51.16348],[6.042231,51.163373],[6.041535,51.163308],[6.040833,51.163286],[6.040131,51.163308],[6.039436,51.163373],[6.038754,51.16348],[6.038092,51.163628],[6.037457,51.163817],[6.036854,51.164043],[6.036289,51.164306],[6.035768,51.164602],[6.035296,51.164928],[6.034877,51.165282],[6.034516,51.16566],[6.034215,51.166059],[6.033979,51.166474],[6.033808,51.166902],[6.033705,51.167338],[6.03367,51.167778],[6.033705,51.168218],[6.033808,51.168654],[6.033979,51.169082],[6.034215,51.169497],[6.034516,51.169895],[6.034877,51.170273],[6.035296,51.170627],[6.035768,51.170954],[6.036289,51.17125],[6.036854,51.171512],[6.037457,51.171739],[6.038092,51.171927],[6.038754,51.172076],[6.039436,51.172183],[6.040131,51.172248],[6.040833,51.172269]]]}},{"type":"Feature","properties":{"identifier":"6.2.18","name":"Gebied met verbod vanuit beveiligingsoverwegingen","restriction":"CONDITIONAL","rule":"OPEN cat. vluchten zijn hier verboden SPEC cat. vluchten vereisen een privilege op de exploitatievergunning","category":"beveiligd","source":"AIP Nederland ENR 5.3, ED-269, 22 juli 2024"},"geometry":{"type":"Polygon","coordinates":[[[4.434167,51.930047],[4.434881,51.930026],[4.435588,51.929961],[4.436281,51.929854],[4.436954,51.929705],[4.4376,51.929517],[4.438213,51.92929],[4.438787,51.929028],[4.439317,51.928732],[4.439797,51.928405],[4.440223,51.928051],[4.44059,51.927673],[4.440896,51.927274],[4.441136,51.926859],[4.44131,51.926432],[4.441415,51.925996],[4.44145,51.925556],[4.441415,51.925115],[4.44131,51.924679],[4.441136,51.924252],[4.440896,51.923837],[4.44059,51.923438],[4.440223,51.92306],[4.439797,51.922706],[4.439317,51.92238],[4.438787,51.922084],[4.438213,51.921821],[4.4376,51.921594],[4.436954,51.921406],[4.436281,51.921257],[4.435588,51.92115],[4.434881,51.921086],[4.434167,51.921064],[4.433453,51.921086],[4.432746,51.92115],[4.432052,51.921257],[4.431379,51.921406],[4.430733,51.921594],[4.43012,51.921821],[4.429546,51.922084],[4.429017,51.92238],[4.428537,51.922706],[4.428111,51.92306],[4.427743,51.923438],[4.427438,51.923837],[4.427197,51.924252],[4.427023,51.924679],[4.426918,51.925115],[4.426883,51.925556],[4.426918,51.925996],[4.427023,51.926432],[4.427197,51.926859],[4.427438,51.927274],[4.427743,51.927673],[4.428111,51.928051],[4.428537,51.928405],[4.429017,51.928732],[4.429546,51.929028],[4.43012,51.92929],[4.430733,51.929517],[4.431379,51.929705],[4.432052,51.929854],[4.432746,51.929961],[4.433453,51.930026],[4.434167,51.930047]]]}},{"type":"Feature","properties":{"identifier":"6.2.19","name":"Gebied met verbod vanuit beveiligingsoverwegingen","restriction":"CONDITIONAL","rule":"OPEN cat. vluchten zijn hier verboden SPEC cat. vluchten vereisen een privilege op de exploitatievergunning","category":"beveiligd","source":"AIP Nederland ENR 5.3, ED-269, 22 juli 2024"},"geometry":{"type":"Polygon","coordinates":[[[4.442778,51.957269],[4.443492,51.957248],[4.4442,51.957183],[4.444893,51.957076],[4.445567,51.956927],[4.446213,51.956739],[4.446827,51.956512],[4.447401,51.95625],[4.447931,51.955954],[4.448411,51.955627],[4.448837,51.955273],[4.449205,51.954895],[4.449511,51.954497],[4.449752,51.954082],[4.449926,51.953654],[4.450031,51.953218],[4.450066,51.952778],[4.450031,51.952338],[4.449926,51.951902],[4.449752,51.951474],[4.449511,51.951059],[4.449205,51.95066],[4.448837,51.950282],[4.448411,51.949928],[4.447931,51.949602],[4.447401,51.949306],[4.446827,51.949043],[4.446213,51.948817],[4.445567,51.948628],[4.444893,51.94848],[4.4442,51.948373],[4.443492,51.948308],[4.442778,51.948286],[4.442063,51.948308],[4.441356,51.948373],[4.440662,51.94848],[4.439989,51.948628],[4.439342,51.948817],[4.438729,51.949043],[4.438154,51.949306],[4.437624,51.949602],[4.437144,51.949928],[4.436718,51.950282],[4.43635,51.95066],[4.436045,51.951059],[4.435804,51.951474],[4.43563,51.951902],[4.435525,51.952338],[4.43549,51.952778],[4.435525,51.953218],[4.43563,51.953654],[4.435804,51.954082],[4.436045,51.954497],[4.43635,51.954895],[4.436718,51.955273],[4.437144,51.955627],[4.437624,51.955954],[4.438154,51.95625],[4.438729,51.956512],[4.439342,51.956739],[4.439989,51.956927],[4.440662,51.957076],[4.441356,51.957183],[4.442063,51.957248],[4.442778,51.957269]]]}},{"type":"Feature","properties":{"identifier":"6.2.20","name":"Gebied met verbod vanuit beveiligingsoverwegingen","restriction":"CONDITIONAL","rule":"OPEN cat. vluchten zijn hier verboden SPEC cat. vluchten vereisen een privilege op de exploitatievergunning","category":"beveiligd","source":"AIP Nederland ENR 5.3, ED-269, 22 juli 2024"},"geometry":{"type":"Polygon","coordinates":[[[4.302778,52.114214],[4.303495,52.114192],[4.304205,52.114127],[4.304901,52.11402],[4.305577,52.113872],[4.306225,52.113683],[4.306841,52.113457],[4.307417,52.113194],[4.307949,52.112898],[4.308431,52.112572],[4.308859,52.112218],[4.309228,52.11184],[4.309535,52.111441],[4.309776,52.111026],[4.309951,52.110598],[4.310056,52.110162],[4.310091,52.109722],[4.310056,52.109282],[4.309951,52.108846],[4.309776,52.108418],[4.309535,52.108003],[4.309228,52.107605],[4.308859,52.107227],[4.308431,52.106873],[4.307949,52.106546],[4.307417,52.10625],[4.306841,52.105988],[4.306225,52.105761],[4.305577,52.105573],[4.304901,52.105424],[4.304205,52.105317],[4.303495,52.105252],[4.302778,52.105231],[4.302061,52.105252],[4.301351,52.105317],[4.300655,52.105424],[4.299979,52.105573],[4.29933,52.105761],[4.298715,52.105988],[4.298138,52.10625],[4.297606,52.106546],[4.297124,52.106873],[4.296697,52.107227],[4.296328,52.107605],[4.296021,52.108003],[4.295779,52.108418],[4.295605,52.108846],[4.2955,52.109282],[4.295464,52.109722],[4.2955,52.110162],[4.295605,52.110598],[4.295779,52.111026],[4.296021,52.111441],[4.296328,52.11184],[4.296697,52.112218],[4.297124,52.112572],[4.297606,52.112898],[4.298138,52.113194],[4.298715,52.113457],[4.29933,52.113683],[4.299979,52.113872],[4.300655,52.11402],[4.301351,52.114127],[4.302061,52.114192],[4.302778,52.114214]]]}},{"type":"Feature","properties":{"identifier":"6.2.21","name":"Gebied met verbod vanuit beveiligingsoverwegingen","restriction":"CONDITIONAL","rule":"OPEN cat. vluchten zijn hier verboden SPEC cat. vluchten vereisen een privilege op de exploitatievergunning","category":"beveiligd","source":"AIP Nederland ENR 5.3, ED-269, 22 juli 2024"},"geometry":{"type":"Polygon","coordinates":[[[5.301111,52.116436],[5.301828,52.116414],[5.302538,52.11635],[5.303234,52.116243],[5.30391,52.116094],[5.304559,52.115906],[5.305174,52.115679],[5.305751,52.115416],[5.306283,52.11512],[5.306765,52.114794],[5.307192,52.11444],[5.307561,52.114062],[5.307868,52.113663],[5.30811,52.113248],[5.308284,52.112821],[5.30839,52.112385],[5.308425,52.111944],[5.30839,52.111504],[5.308284,52.111068],[5.30811,52.110641],[5.307868,52.110226],[5.307561,52.109827],[5.307192,52.109449],[5.306765,52.109095],[5.306283,52.108768],[5.305751,52.108472],[5.305174,52.10821],[5.304559,52.107983],[5.30391,52.107795],[5.303234,52.107646],[5.302538,52.107539],[5.301828,52.107474],[5.301111,52.107453],[5.300394,52.107474],[5.299684,52.107539],[5.298988,52.107646],[5.298312,52.107795],[5.297663,52.107983],[5.297048,52.10821],[5.296471,52.108472],[5.295939,52.108768],[5.295457,52.109095],[5.29503,52.109449],[5.294661,52.109827],[5.294354,52.110226],[5.294112,52.110641],[5.293938,52.111068],[5.293832,52.111504],[5.293797,52.111944],[5.293832,52.112385],[5.293938,52.112821],[5.294112,52.113248],[5.294354,52.113663],[5.294661,52.114062],[5.29503,52.11444],[5.295457,52.114794],[5.295939,52.11512],[5.296471,52.115416],[5.297048,52.115679],[5.297663,52.115906],[5.298312,52.116094],[5.298988,52.116243],[5.299684,52.11635],[5.300394,52.116414],[5.301111,52.116436]]]}},{"type":"Feature","properties":{"identifier":"6.2.22","name":"Gebied met verbod vanuit beveiligingsoverwegingen","restriction":"CONDITIONAL","rule":"OPEN cat. vluchten zijn hier verboden SPEC cat. vluchten vereisen een privilege op de exploitatievergunning","category":"beveiligd","source":"AIP Nederland ENR 5.3, ED-269, 22 juli 2024"},"geometry":{"type":"Polygon","coordinates":[[[5.851389,51.00588],[5.852088,51.005859],[5.852781,51.005794],[5.853461,51.005687],[5.85412,51.005539],[5.854753,51.00535],[5.855354,51.005123],[5.855917,51.004861],[5.856436,51.004565],[5.856906,51.004238],[5.857323,51.003884],[5.857684,51.003506],[5.857983,51.003108],[5.858219,51.002693],[5.858389,51.002265],[5.858492,51.001829],[5.858526,51.001389],[5.858492,51.000949],[5.858389,51.000513],[5.858219,51.000085],[5.857983,50.99967],[5.857684,50.999272],[5.857323,50.998894],[5.856906,50.998539],[5.856436,50.998213],[5.855917,50.997917],[5.855354,50.997654],[5.854753,50.997428],[5.85412,50.997239],[5.853461,50.997091],[5.852781,50.996984],[5.852088,50.996919],[5.851389,50.996897],[5.850689,50.996919],[5.849996,50.996984],[5.849317,50.997091],[5.848658,50.997239],[5.848024,50.997428],[5.847424,50.997654],[5.846861,50.997917],[5.846342,50.998213],[5.845872,50.998539],[5.845454,50.998894],[5.845094,50.999272],[5.844795,50.99967],[5.844559,51.000085],[5.844389,51.000513],[5.844286,51.000949],[5.844251,51.001389],[5.844286,51.001829],[5.844389,51.002265],[5.844559,51.002693],[5.844795,51.003108],[5.845094,51.003506],[5.845454,51.003884],[5.845872,51.004238],[5.846342,51.004565],[5.846861,51.004861],[5.847424,51.005123],[5.848024,51.00535],[5.848658,51.005539],[5.849317,51.005687],[5.849996,51.005794],[5.850689,51.005859],[5.851389,51.00588]]]}},{"type":"Feature","properties":{"identifier":"6.2.23","name":"Gebied met verbod vanuit beveiligingsoverwegingen","restriction":"CONDITIONAL","rule":"OPEN cat. vluchten zijn hier verboden SPEC cat. vluchten vereisen een privilege op de exploitatievergunning","category":"beveiligd","source":"AIP Nederland ENR 5.3, ED-269, 22 juli 2024"},"geometry":{"type":"Polygon","coordinates":[[[7.028056,52.890325],[7.028785,52.890303],[7.029508,52.890239],[7.030216,52.890132],[7.030904,52.889983],[7.031564,52.889795],[7.032191,52.889568],[7.032778,52.889305],[7.033319,52.889009],[7.03381,52.888683],[7.034245,52.888329],[7.03462,52.887951],[7.034933,52.887552],[7.035179,52.887137],[7.035356,52.88671],[7.035463,52.886274],[7.035499,52.885833],[7.035463,52.885393],[7.035356,52.884957],[7.035179,52.884529],[7.034933,52.884114],[7.03462,52.883716],[7.034245,52.883338],[7.03381,52.882984],[7.033319,52.882657],[7.032778,52.882361],[7.032191,52.882099],[7.031564,52.881872],[7.030904,52.881684],[7.030216,52.881535],[7.029508,52.881428],[7.028785,52.881363],[7.028056,52.881342],[7.027326,52.881363],[7.026603,52.881428],[7.025895,52.881535],[7.025207,52.881684],[7.024547,52.881872],[7.02392,52.882099],[7.023333,52.882361],[7.022792,52.882657],[7.022301,52.882984],[7.021866,52.883338],[7.021491,52.883716],[7.021178,52.884114],[7.020932,52.884529],[7.020755,52.884957],[7.020648,52.885393],[7.020612,52.885833],[7.020648,52.886274],[7.020755,52.88671],[7.020932,52.887137],[7.021178,52.887552],[7.021491,52.887951],[7.021866,52.888329],[7.022301,52.888683],[7.022792,52.889009],[7.023333,52.889305],[7.02392,52.889568],[7.024547,52.889795],[7.025207,52.889983],[7.025895,52.890132],[7.026603,52.890239],[7.027326,52.890303],[7.028056,52.890325]]]}},{"type":"Feature","properties":{"identifier":"6.2.24","name":"Gebied met verbod vanuit beveiligingsoverwegingen","restriction":"CONDITIONAL","rule":"OPEN cat. vluchten zijn hier verboden SPEC cat. vluchten vereisen een privilege op de exploitatievergunning","category":"beveiligd","source":"AIP Nederland ENR 5.3, ED-269, 22 juli 2024"},"geometry":{"type":"Polygon","coordinates":[[[6.394167,53.044769],[6.394899,53.044748],[6.395624,53.044683],[6.396335,53.044576],[6.397025,53.044427],[6.397688,53.044239],[6.398317,53.044012],[6.398906,53.04375],[6.399449,53.043454],[6.399941,53.043127],[6.400378,53.042773],[6.400755,53.042395],[6.401068,53.041997],[6.401315,53.041582],[6.401493,53.041154],[6.401601,53.040718],[6.401637,53.040278],[6.401601,53.039838],[6.401493,53.039402],[6.401315,53.038974],[6.401068,53.038559],[6.400755,53.03816],[6.400378,53.037782],[6.399941,53.037428],[6.399449,53.037102],[6.398906,53.036806],[6.398317,53.036543],[6.397688,53.036317],[6.397025,53.036128],[6.396335,53.03598],[6.395624,53.035873],[6.394899,53.035808],[6.394167,53.035786],[6.393434,53.035808],[6.392709,53.035873],[6.391998,53.03598],[6.391308,53.036128],[6.390645,53.036317],[6.390016,53.036543],[6.389428,53.036806],[6.388884,53.037102],[6.388392,53.037428],[6.387955,53.037782],[6.387578,53.03816],[6.387265,53.038559],[6.387018,53.038974],[6.38684,53.039402],[6.386732,53.039838],[6.386696,53.040278],[6.386732,53.040718],[6.38684,53.041154],[6.387018,53.041582],[6.387265,53.041997],[6.387578,53.042395],[6.387955,53.042773],[6.388392,53.043127],[6.388884,53.043454],[6.389428,53.04375],[6.390016,53.044012],[6.390645,53.044239],[6.391308,53.044427],[6.391998,53.044576],[6.392709,53.044683],[6.393434,53.044748],[6.394167,53.044769]]]}},{"type":"Feature","properties":{"identifier":"6.2.25","name":"Gebied met verbod vanuit beveiligingsoverwegingen","restriction":"CONDITIONAL","rule":"OPEN cat. vluchten zijn hier verboden SPEC cat. vluchten vereisen een privilege op de exploitatievergunning","category":"beveiligd","source":"AIP Nederland ENR 5.3, ED-269, 22 juli 2024"},"geometry":{"type":"Polygon","coordinates":[[[6.425556,53.02338],[6.426287,53.023359],[6.427012,53.023294],[6.427723,53.023187],[6.428413,53.023039],[6.429075,53.02285],[6.429704,53.022623],[6.430292,53.022361],[6.430835,53.022065],[6.431327,53.021738],[6.431764,53.021384],[6.432141,53.021006],[6.432454,53.020608],[6.432701,53.020193],[6.432879,53.019765],[6.432986,53.019329],[6.433022,53.018889],[6.432986,53.018449],[6.432879,53.018013],[6.432701,53.017585],[6.432454,53.01717],[6.432141,53.016772],[6.431764,53.016394],[6.431327,53.016039],[6.430835,53.015713],[6.430292,53.015417],[6.429704,53.015154],[6.429075,53.014928],[6.428413,53.014739],[6.427723,53.014591],[6.427012,53.014484],[6.426287,53.014419],[6.425556,53.014397],[6.424824,53.014419],[6.424099,53.014484],[6.423388,53.014591],[6.422698,53.014739],[6.422036,53.014928],[6.421407,53.015154],[6.420819,53.015417],[6.420276,53.015713],[6.419784,53.016039],[6.419347,53.016394],[6.418971,53.016772],[6.418657,53.01717],[6.41841,53.017585],[6.418232,53.018013],[6.418125,53.018449],[6.418089,53.018889],[6.418125,53.019329],[6.418232,53.019765],[6.41841,53.020193],[6.418657,53.020608],[6.418971,53.021006],[6.419347,53.021384],[6.419784,53.021738],[6.420276,53.022065],[6.420819,53.022361],[6.421407,53.022623],[6.422036,53.02285],[6.422698,53.023039],[6.423388,53.023187],[6.424099,53.023294],[6.424824,53.023359],[6.425556,53.02338]]]}},{"type":"Feature","properties":{"identifier":"6.2.26","name":"Gebied met verbod vanuit beveiligingsoverwegingen","restriction":"CONDITIONAL","rule":"OPEN cat. vluchten zijn hier verboden SPEC cat. vluchten vereisen een privilege op de exploitatievergunning","category":"beveiligd","source":"AIP Nederland ENR 5.3, ED-269, 22 juli 2024"},"geometry":{"type":"Polygon","coordinates":[[[5.256783,51.669053],[5.257493,51.669031],[5.258196,51.668966],[5.258885,51.668859],[5.259554,51.668711],[5.260197,51.668522],[5.260806,51.668296],[5.261377,51.668033],[5.261904,51.667737],[5.262381,51.667411],[5.262804,51.667056],[5.26317,51.666678],[5.263474,51.66628],[5.263713,51.665865],[5.263886,51.665437],[5.26399,51.665001],[5.264025,51.664561],[5.26399,51.664121],[5.263886,51.663685],[5.263713,51.663257],[5.263474,51.662842],[5.26317,51.662444],[5.262804,51.662066],[5.262381,51.661712],[5.261904,51.661385],[5.261377,51.661089],[5.260806,51.660827],[5.260197,51.6606],[5.259554,51.660411],[5.258885,51.660263],[5.258196,51.660156],[5.257493,51.660091],[5.256783,51.66007],[5.256074,51.660091],[5.255371,51.660156],[5.254681,51.660263],[5.254012,51.660411],[5.25337,51.6606],[5.25276,51.660827],[5.252189,51.661089],[5.251663,51.661385],[5.251186,51.661712],[5.250762,51.662066],[5.250397,51.662444],[5.250093,51.662842],[5.249854,51.663257],[5.249681,51.663685],[5.249577,51.664121],[5.249542,51.664561],[5.249577,51.665001],[5.249681,51.665437],[5.249854,51.665865],[5.250093,51.66628],[5.250397,51.666678],[5.250762,51.667056],[5.251186,51.667411],[5.251663,51.667737],[5.252189,51.668033],[5.25276,51.668296],[5.25337,51.668522],[5.254012,51.668711],[5.254681,51.668859],[5.255371,51.668966],[5.256074,51.669031],[5.256783,51.669053]]]}},{"type":"Feature","properties":{"identifier":"6.2.27","name":"Gebied met verbod vanuit beveiligingsoverwegingen","restriction":"CONDITIONAL","rule":"OPEN cat. vluchten zijn hier verboden SPEC cat. vluchten vereisen een privilege op de exploitatievergunning","category":"beveiligd","source":"AIP Nederland ENR 5.3, ED-269, 22 juli 2024"},"geometry":{"type":"Polygon","coordinates":[[[4.772222,52.436992],[4.772944,52.43697],[4.773659,52.436905],[4.774361,52.436798],[4.775041,52.43665],[4.775695,52.436461],[4.776315,52.436235],[4.776896,52.435972],[4.777431,52.435676],[4.777917,52.435349],[4.778348,52.434995],[4.778719,52.434617],[4.779028,52.434219],[4.779272,52.433804],[4.779448,52.433376],[4.779554,52.43294],[4.779589,52.4325],[4.779554,52.43206],[4.779448,52.431624],[4.779272,52.431196],[4.779028,52.430781],[4.778719,52.430383],[4.778348,52.430005],[4.777917,52.429651],[4.777431,52.429324],[4.776896,52.429028],[4.776315,52.428765],[4.775695,52.428539],[4.775041,52.42835],[4.774361,52.428202],[4.773659,52.428095],[4.772944,52.42803],[4.772222,52.428008],[4.7715,52.42803],[4.770785,52.428095],[4.770084,52.428202],[4.769403,52.42835],[4.768749,52.428539],[4.768129,52.428765],[4.767549,52.429028],[4.767013,52.429324],[4.766528,52.429651],[4.766097,52.430005],[4.765725,52.430383],[4.765416,52.430781],[4.765173,52.431196],[4.764997,52.431624],[4.764891,52.43206],[4.764855,52.4325],[4.764891,52.43294],[4.764997,52.433376],[4.765173,52.433804],[4.765416,52.434219],[4.765725,52.434617],[4.766097,52.434995],[4.766528,52.435349],[4.767013,52.435676],[4.767549,52.435972],[4.768129,52.436235],[4.768749,52.436461],[4.769403,52.43665],[4.770084,52.436798],[4.770785,52.436905],[4.7715,52.43697],[4.772222,52.436992]]]}},{"type":"Feature","properties":{"identifier":"6.2.28","name":"Gebied met verbod vanuit beveiligingsoverwegingen","restriction":"CONDITIONAL","rule":"OPEN cat. vluchten zijn hier verboden SPEC cat. vluchten vereisen een privilege op de exploitatievergunning","category":"beveiligd","source":"AIP Nederland ENR 5.3, ED-269, 22 juli 2024"},"geometry":{"type":"Polygon","coordinates":[[[6.222222,52.123658],[6.222939,52.123637],[6.223649,52.123572],[6.224346,52.123465],[6.225022,52.123316],[6.22567,52.123128],[6.226286,52.122901],[6.226863,52.122639],[6.227395,52.122343],[6.227877,52.122016],[6.228304,52.121662],[6.228673,52.121284],[6.22898,52.120886],[6.229222,52.120471],[6.229397,52.120043],[6.229502,52.119607],[6.229537,52.119167],[6.229502,52.118726],[6.229397,52.11829],[6.229222,52.117863],[6.22898,52.117448],[6.228673,52.117049],[6.228304,52.116671],[6.227877,52.116317],[6.227395,52.115991],[6.226863,52.115695],[6.226286,52.115432],[6.22567,52.115205],[6.225022,52.115017],[6.224346,52.114868],[6.223649,52.114761],[6.222939,52.114697],[6.222222,52.114675],[6.221505,52.114697],[6.220795,52.114761],[6.220099,52.114868],[6.219423,52.115017],[6.218774,52.115205],[6.218158,52.115432],[6.217582,52.115695],[6.21705,52.115991],[6.216568,52.116317],[6.21614,52.116671],[6.215771,52.117049],[6.215464,52.117448],[6.215222,52.117863],[6.215048,52.11829],[6.214942,52.118726],[6.214907,52.119167],[6.214942,52.119607],[6.215048,52.120043],[6.215222,52.120471],[6.215464,52.120886],[6.215771,52.121284],[6.21614,52.121662],[6.216568,52.122016],[6.21705,52.122343],[6.217582,52.122639],[6.218158,52.122901],[6.218774,52.123128],[6.219423,52.123316],[6.220099,52.123465],[6.220795,52.123572],[6.221505,52.123637],[6.222222,52.123658]]]}},{"type":"Feature","properties":{"identifier":"6.2.29","name":"Gebied met verbod vanuit beveiligingsoverwegingen","restriction":"CONDITIONAL","rule":"OPEN cat. vluchten zijn hier verboden SPEC cat. vluchten vereisen een privilege op de exploitatievergunning","category":"beveiligd","source":"AIP Nederland ENR 5.3, ED-269, 22 juli 2024"},"geometry":{"type":"Polygon","coordinates":[[[6.114444,52.501158],[6.115168,52.501137],[6.115884,52.501072],[6.116586,52.500965],[6.117268,52.500816],[6.117922,52.500628],[6.118543,52.500401],[6.119125,52.500139],[6.119661,52.499843],[6.120147,52.499516],[6.120579,52.499162],[6.120951,52.498784],[6.121261,52.498386],[6.121504,52.497971],[6.12168,52.497543],[6.121787,52.497107],[6.121822,52.496667],[6.121787,52.496226],[6.12168,52.49579],[6.121504,52.495363],[6.121261,52.494948],[6.120951,52.494549],[6.120579,52.494171],[6.120147,52.493817],[6.119661,52.493491],[6.119125,52.493195],[6.118543,52.492932],[6.117922,52.492705],[6.117268,52.492517],[6.116586,52.492368],[6.115884,52.492261],[6.115168,52.492197],[6.114444,52.492175],[6.113721,52.492197],[6.113005,52.492261],[6.112303,52.492368],[6.111621,52.492517],[6.110967,52.492705],[6.110346,52.492932],[6.109764,52.493195],[6.109228,52.493491],[6.108741,52.493817],[6.10831,52.494171],[6.107938,52.494549],[6.107628,52.494948],[6.107384,52.495363],[6.107209,52.49579],[6.107102,52.496226],[6.107067,52.496667],[6.107102,52.497107],[6.107209,52.497543],[6.107384,52.497971],[6.107628,52.498386],[6.107938,52.498784],[6.10831,52.499162],[6.108741,52.499516],[6.109228,52.499843],[6.109764,52.500139],[6.110346,52.500401],[6.110967,52.500628],[6.111621,52.500816],[6.112303,52.500965],[6.113005,52.501072],[6.113721,52.501137],[6.114444,52.501158]]]}},{"type":"Feature","properties":{"identifier":"6.2.30","name":"Gebied met verbod vanuit beveiligingsoverwegingen","restriction":"CONDITIONAL","rule":"OPEN cat. vluchten zijn hier verboden SPEC cat. vluchten vereisen een privilege op de exploitatievergunning","category":"beveiligd","source":"AIP Nederland ENR 5.3, ED-269, 22 juli 2024"},"geometry":{"type":"Polygon","coordinates":[[[4.781944,51.560325],[4.782653,51.560303],[4.783354,51.560239],[4.784041,51.560132],[4.784709,51.559983],[4.78535,51.559795],[4.785958,51.559568],[4.786527,51.559305],[4.787053,51.559009],[4.787529,51.558683],[4.787951,51.558329],[4.788316,51.557951],[4.788619,51.557552],[4.788857,51.557137],[4.78903,51.55671],[4.789134,51.556274],[4.789169,51.555833],[4.789134,51.555393],[4.78903,51.554957],[4.788857,51.554529],[4.788619,51.554114],[4.788316,51.553716],[4.787951,51.553338],[4.787529,51.552984],[4.787053,51.552657],[4.786527,51.552361],[4.785958,51.552099],[4.78535,51.551872],[4.784709,51.551684],[4.784041,51.551535],[4.783354,51.551428],[4.782653,51.551363],[4.781944,51.551342],[4.781236,51.551363],[4.780535,51.551428],[4.779847,51.551535],[4.77918,51.551684],[4.778539,51.551872],[4.777931,51.552099],[4.777362,51.552361],[4.776836,51.552657],[4.77636,51.552984],[4.775938,51.553338],[4.775573,51.553716],[4.77527,51.554114],[4.775031,51.554529],[4.774859,51.554957],[4.774755,51.555393],[4.77472,51.555833],[4.774755,51.556274],[4.774859,51.55671],[4.775031,51.557137],[4.77527,51.557552],[4.775573,51.557951],[4.775938,51.558329],[4.77636,51.558683],[4.776836,51.559009],[4.777362,51.559305],[4.777931,51.559568],[4.778539,51.559795],[4.77918,51.559983],[4.779847,51.560132],[4.780535,51.560239],[4.781236,51.560303],[4.781944,51.560325]]]}},{"type":"Feature","properties":{"identifier":"6.2.31","name":"Gebied met verbod vanuit beveiligingsoverwegingen","restriction":"CONDITIONAL","rule":"OPEN cat. vluchten zijn hier verboden SPEC cat. vluchten vereisen een privilege op de exploitatievergunning","category":"beveiligd","source":"AIP Nederland ENR 5.3, ED-269, 22 juli 2024"},"geometry":{"type":"Polygon","coordinates":[[[4.295,51.866158],[4.295713,51.866137],[4.296419,51.866072],[4.297111,51.865965],[4.297783,51.865816],[4.298429,51.865628],[4.299041,51.865401],[4.299614,51.865139],[4.300143,51.864843],[4.300622,51.864516],[4.301047,51.864162],[4.301414,51.863784],[4.301719,51.863386],[4.30196,51.862971],[4.302133,51.862543],[4.302238,51.862107],[4.302273,51.861667],[4.302238,51.861226],[4.302133,51.86079],[4.30196,51.860363],[4.301719,51.859948],[4.301414,51.859549],[4.301047,51.859171],[4.300622,51.858817],[4.300143,51.858491],[4.299614,51.858195],[4.299041,51.857932],[4.298429,51.857705],[4.297783,51.857517],[4.297111,51.857368],[4.296419,51.857261],[4.295713,51.857197],[4.295,51.857175],[4.294287,51.857197],[4.293581,51.857261],[4.292889,51.857368],[4.292217,51.857517],[4.291571,51.857705],[4.290959,51.857932],[4.290386,51.858195],[4.289857,51.858491],[4.289378,51.858817],[4.288953,51.859171],[4.288586,51.859549],[4.288281,51.859948],[4.28804,51.860363],[4.287867,51.86079],[4.287762,51.861226],[4.287727,51.861667],[4.287762,51.862107],[4.287867,51.862543],[4.28804,51.862971],[4.288281,51.863386],[4.288586,51.863784],[4.288953,51.864162],[4.289378,51.864516],[4.289857,51.864843],[4.290386,51.865139],[4.290959,51.865401],[4.291571,51.865628],[4.292217,51.865816],[4.292889,51.865965],[4.293581,51.866072],[4.294287,51.866137],[4.295,51.866158]]]}},{"type":"Feature","properties":{"identifier":"6.2.32","name":"Gebied met verbod vanuit beveiligingsoverwegingen","restriction":"CONDITIONAL","rule":"OPEN cat. vluchten zijn hier verboden SPEC cat. vluchten vereisen een privilege op de exploitatievergunning","category":"beveiligd","source":"AIP Nederland ENR 5.3, ED-269, 22 juli 2024"},"geometry":{"type":"Polygon","coordinates":[[[5.889167,51.840047],[5.889879,51.840026],[5.890585,51.839961],[5.891277,51.839854],[5.891948,51.839705],[5.892593,51.839517],[5.893205,51.83929],[5.893778,51.839028],[5.894307,51.838732],[5.894786,51.838405],[5.895211,51.838051],[5.895577,51.837673],[5.895882,51.837274],[5.896123,51.836859],[5.896296,51.836432],[5.896401,51.835996],[5.896436,51.835556],[5.896401,51.835115],[5.896296,51.834679],[5.896123,51.834252],[5.895882,51.833837],[5.895577,51.833438],[5.895211,51.83306],[5.894786,51.832706],[5.894307,51.83238],[5.893778,51.832084],[5.893205,51.831821],[5.892593,51.831594],[5.891948,51.831406],[5.891277,51.831257],[5.890585,51.83115],[5.889879,51.831086],[5.889167,51.831064],[5.888454,51.831086],[5.887749,51.83115],[5.887057,51.831257],[5.886385,51.831406],[5.88574,51.831594],[5.885128,51.831821],[5.884555,51.832084],[5.884027,51.83238],[5.883548,51.832706],[5.883123,51.83306],[5.882756,51.833438],[5.882451,51.833837],[5.882211,51.834252],[5.882037,51.834679],[5.881933,51.835115],[5.881898,51.835556],[5.881933,51.835996],[5.882037,51.836432],[5.882211,51.836859],[5.882451,51.837274],[5.882756,51.837673],[5.883123,51.838051],[5.883548,51.838405],[5.884027,51.838732],[5.884555,51.839028],[5.885128,51.83929],[5.88574,51.839517],[5.886385,51.839705],[5.887057,51.839854],[5.887749,51.839961],[5.888454,51.840026],[5.889167,51.840047]]]}},{"type":"Feature","properties":{"identifier":"6.2.33","name":"Gebied met verbod vanuit beveiligingsoverwegingen","restriction":"CONDITIONAL","rule":"OPEN cat. vluchten zijn hier verboden SPEC cat. vluchten vereisen een privilege op de exploitatievergunning","category":"beveiligd","source":"AIP Nederland ENR 5.3, ED-269, 22 juli 2024"},"geometry":{"type":"Polygon","coordinates":[[[5.326944,52.407825],[5.327666,52.407803],[5.328381,52.407739],[5.329082,52.407632],[5.329762,52.407483],[5.330415,52.407295],[5.331035,52.407068],[5.331615,52.406805],[5.33215,52.406509],[5.332635,52.406183],[5.333066,52.405829],[5.333437,52.405451],[5.333746,52.405052],[5.333989,52.404637],[5.334165,52.40421],[5.334271,52.403774],[5.334306,52.403333],[5.334271,52.402893],[5.334165,52.402457],[5.333989,52.402029],[5.333746,52.401614],[5.333437,52.401216],[5.333066,52.400838],[5.332635,52.400484],[5.33215,52.400157],[5.331615,52.399861],[5.331035,52.399599],[5.330415,52.399372],[5.329762,52.399184],[5.329082,52.399035],[5.328381,52.398928],[5.327666,52.398863],[5.326944,52.398842],[5.326223,52.398863],[5.325508,52.398928],[5.324807,52.399035],[5.324127,52.399184],[5.323474,52.399372],[5.322854,52.399599],[5.322274,52.399861],[5.321739,52.400157],[5.321254,52.400484],[5.320823,52.400838],[5.320452,52.401216],[5.320143,52.401614],[5.319899,52.402029],[5.319724,52.402457],[5.319618,52.402893],[5.319582,52.403333],[5.319618,52.403774],[5.319724,52.40421],[5.319899,52.404637],[5.320143,52.405052],[5.320452,52.405451],[5.320823,52.405829],[5.321254,52.406183],[5.321739,52.406509],[5.322274,52.406805],[5.322854,52.407068],[5.323474,52.407295],[5.324127,52.407483],[5.324807,52.407632],[5.325508,52.407739],[5.326223,52.407803],[5.326944,52.407825]]]}},{"type":"Feature","properties":{"identifier":"6.2.34","name":"Gebied met verbod vanuit beveiligingsoverwegingen","restriction":"CONDITIONAL","rule":"OPEN cat. vluchten zijn hier verboden SPEC cat. vluchten vereisen een privilege op de exploitatievergunning","category":"beveiligd","source":"AIP Nederland ENR 5.3, ED-269, 22 juli 2024"},"geometry":{"type":"Polygon","coordinates":[[[6.390556,52.599769],[6.39128,52.599748],[6.391998,52.599683],[6.392702,52.599576],[6.393385,52.599427],[6.394041,52.599239],[6.394664,52.599012],[6.395246,52.59875],[6.395784,52.598454],[6.396271,52.598127],[6.396704,52.597773],[6.397077,52.597395],[6.397387,52.596997],[6.397631,52.596582],[6.397808,52.596154],[6.397914,52.595718],[6.39795,52.595278],[6.397914,52.594838],[6.397808,52.594402],[6.397631,52.593974],[6.397387,52.593559],[6.397077,52.59316],[6.396704,52.592782],[6.396271,52.592428],[6.395784,52.592102],[6.395246,52.591806],[6.394664,52.591543],[6.394041,52.591317],[6.393385,52.591128],[6.392702,52.59098],[6.391998,52.590873],[6.39128,52.590808],[6.390556,52.590786],[6.389831,52.590808],[6.389113,52.590873],[6.388409,52.59098],[6.387726,52.591128],[6.38707,52.591317],[6.386448,52.591543],[6.385865,52.591806],[6.385327,52.592102],[6.38484,52.592428],[6.384407,52.592782],[6.384034,52.59316],[6.383724,52.593559],[6.38348,52.593974],[6.383303,52.594402],[6.383197,52.594838],[6.383161,52.595278],[6.383197,52.595718],[6.383303,52.596154],[6.38348,52.596582],[6.383724,52.596997],[6.384034,52.597395],[6.384407,52.597773],[6.38484,52.598127],[6.385327,52.598454],[6.385865,52.59875],[6.386448,52.599012],[6.38707,52.599239],[6.387726,52.599427],[6.388409,52.599576],[6.389113,52.599683],[6.389831,52.599748],[6.390556,52.599769]]]}},{"type":"Feature","properties":{"identifier":"6.2.35","name":"Gebied met verbod vanuit beveiligingsoverwegingen","restriction":"CONDITIONAL","rule":"OPEN cat. vluchten zijn hier verboden SPEC cat. vluchten vereisen een privilege op de exploitatievergunning","category":"beveiligd","source":"AIP Nederland ENR 5.3, ED-269, 22 juli 2024"},"geometry":{"type":"Polygon","coordinates":[[[6.570556,53.018103],[6.571287,53.018081],[6.572012,53.018016],[6.572723,53.017909],[6.573413,53.017761],[6.574075,53.017572],[6.574703,53.017346],[6.575292,53.017083],[6.575835,53.016787],[6.576327,53.016461],[6.576763,53.016106],[6.57714,53.015728],[6.577453,53.01533],[6.5777,53.014915],[6.577878,53.014487],[6.577985,53.014051],[6.578021,53.013611],[6.577985,53.013171],[6.577878,53.012735],[6.5777,53.012307],[6.577453,53.011892],[6.57714,53.011494],[6.576763,53.011116],[6.576327,53.010762],[6.575835,53.010435],[6.575292,53.010139],[6.574703,53.009877],[6.574075,53.00965],[6.573413,53.009461],[6.572723,53.009313],[6.572012,53.009206],[6.571287,53.009141],[6.570556,53.00912],[6.569824,53.009141],[6.569099,53.009206],[6.568388,53.009313],[6.567699,53.009461],[6.567036,53.00965],[6.566408,53.009877],[6.565819,53.010139],[6.565276,53.010435],[6.564784,53.010762],[6.564348,53.011116],[6.563971,53.011494],[6.563658,53.011892],[6.563411,53.012307],[6.563233,53.012735],[6.563126,53.013171],[6.56309,53.013611],[6.563126,53.014051],[6.563233,53.014487],[6.563411,53.014915],[6.563658,53.01533],[6.563971,53.015728],[6.564348,53.016106],[6.564784,53.016461],[6.565276,53.016787],[6.565819,53.017083],[6.566408,53.017346],[6.567036,53.017572],[6.567699,53.017761],[6.568388,53.017909],[6.569099,53.018016],[6.569824,53.018081],[6.570556,53.018103]]]}},{"type":"Feature","properties":{"identifier":"6.2.36","name":"Gebied met verbod vanuit beveiligingsoverwegingen","restriction":"CONDITIONAL","rule":"OPEN cat. vluchten zijn hier verboden SPEC cat. vluchten vereisen een privilege op de exploitatievergunning","category":"beveiligd","source":"AIP Nederland ENR 5.3, ED-269, 22 juli 2024"},"geometry":{"type":"Polygon","coordinates":[[[4.790833,52.658658],[4.791559,52.658637],[4.792278,52.658572],[4.792983,52.658465],[4.793667,52.658316],[4.794324,52.658128],[4.794947,52.657901],[4.795531,52.657639],[4.796069,52.657343],[4.796557,52.657016],[4.79699,52.656662],[4.797363,52.656284],[4.797674,52.655886],[4.797919,52.655471],[4.798095,52.655043],[4.798202,52.654607],[4.798238,52.654167],[4.798202,52.653726],[4.798095,52.65329],[4.797919,52.652863],[4.797674,52.652448],[4.797363,52.652049],[4.79699,52.651671],[4.796557,52.651317],[4.796069,52.650991],[4.795531,52.650695],[4.794947,52.650432],[4.794324,52.650205],[4.793667,52.650017],[4.792983,52.649868],[4.792278,52.649761],[4.791559,52.649697],[4.790833,52.649675],[4.790108,52.649697],[4.789389,52.649761],[4.788684,52.649868],[4.788,52.650017],[4.787343,52.650205],[4.78672,52.650432],[4.786136,52.650695],[4.785598,52.650991],[4.78511,52.651317],[4.784677,52.651671],[4.784303,52.652049],[4.783993,52.652448],[4.783748,52.652863],[4.783571,52.65329],[4.783465,52.653726],[4.783429,52.654167],[4.783465,52.654607],[4.783571,52.655043],[4.783748,52.655471],[4.783993,52.655886],[4.784303,52.656284],[4.784677,52.656662],[4.78511,52.657016],[4.785598,52.657343],[4.786136,52.657639],[4.78672,52.657901],[4.787343,52.658128],[4.788,52.658316],[4.788684,52.658465],[4.789389,52.658572],[4.790108,52.658637],[4.790833,52.658658]]]}},{"type":"Feature","properties":{"identifier":"6.2.37","name":"Gebied met verbod vanuit beveiligingsoverwegingen","restriction":"CONDITIONAL","rule":"OPEN cat. vluchten zijn hier verboden SPEC cat. vluchten vereisen een privilege op de exploitatievergunning","category":"beveiligd","source":"AIP Nederland ENR 5.3, ED-269, 22 juli 2024"},"geometry":{"type":"Polygon","coordinates":[[[5.268889,52.407547],[5.26961,52.407526],[5.270325,52.407461],[5.271026,52.407354],[5.271706,52.407205],[5.272359,52.407017],[5.272979,52.40679],[5.273559,52.406528],[5.274095,52.406232],[5.27458,52.405905],[5.27501,52.405551],[5.275382,52.405173],[5.27569,52.404774],[5.275934,52.404359],[5.276109,52.403932],[5.276215,52.403496],[5.276251,52.403056],[5.276215,52.402615],[5.276109,52.402179],[5.275934,52.401752],[5.27569,52.401337],[5.275382,52.400938],[5.27501,52.40056],[5.27458,52.400206],[5.274095,52.39988],[5.273559,52.399584],[5.272979,52.399321],[5.272359,52.399094],[5.271706,52.398906],[5.271026,52.398757],[5.270325,52.39865],[5.26961,52.398586],[5.268889,52.398564],[5.268167,52.398586],[5.267453,52.39865],[5.266752,52.398757],[5.266072,52.398906],[5.265418,52.399094],[5.264799,52.399321],[5.264218,52.399584],[5.263683,52.39988],[5.263198,52.400206],[5.262768,52.40056],[5.262396,52.400938],[5.262087,52.401337],[5.261844,52.401752],[5.261668,52.402179],[5.261562,52.402615],[5.261527,52.403056],[5.261562,52.403496],[5.261668,52.403932],[5.261844,52.404359],[5.262087,52.404774],[5.262396,52.405173],[5.262768,52.405551],[5.263198,52.405905],[5.263683,52.406232],[5.264218,52.406528],[5.264799,52.40679],[5.265418,52.407017],[5.266072,52.407205],[5.266752,52.407354],[5.267453,52.407461],[5.268167,52.407526],[5.268889,52.407547]]]}},{"type":"Feature","properties":{"identifier":"6.2.38","name":"Gebied met verbod vanuit beveiligingsoverwegingen","restriction":"CONDITIONAL","rule":"OPEN cat. vluchten zijn hier verboden SPEC cat. vluchten vereisen een privilege op de exploitatievergunning","category":"beveiligd","source":"AIP Nederland ENR 5.3, ED-269, 22 juli 2024"},"geometry":{"type":"Polygon","coordinates":[[[4.321667,52.083936],[4.322383,52.083914],[4.323092,52.08385],[4.323788,52.083743],[4.324464,52.083594],[4.325112,52.083406],[4.325727,52.083179],[4.326303,52.082916],[4.326835,52.08262],[4.327316,52.082294],[4.327743,52.08194],[4.328112,52.081562],[4.328419,52.081163],[4.32866,52.080748],[4.328835,52.080321],[4.32894,52.079885],[4.328975,52.079444],[4.32894,52.079004],[4.328835,52.078568],[4.32866,52.078141],[4.328419,52.077726],[4.328112,52.077327],[4.327743,52.076949],[4.327316,52.076595],[4.326835,52.076268],[4.326303,52.075972],[4.325727,52.07571],[4.325112,52.075483],[4.324464,52.075295],[4.323788,52.075146],[4.323092,52.075039],[4.322383,52.074974],[4.321667,52.074953],[4.32095,52.074974],[4.320241,52.075039],[4.319545,52.075146],[4.31887,52.075295],[4.318221,52.075483],[4.317606,52.07571],[4.31703,52.075972],[4.316499,52.076268],[4.316017,52.076595],[4.31559,52.076949],[4.315221,52.077327],[4.314914,52.077726],[4.314673,52.078141],[4.314499,52.078568],[4.314393,52.079004],[4.314358,52.079444],[4.314393,52.079885],[4.314499,52.080321],[4.314673,52.080748],[4.314914,52.081163],[4.315221,52.081562],[4.31559,52.08194],[4.316017,52.082294],[4.316499,52.08262],[4.31703,52.082916],[4.317606,52.083179],[4.318221,52.083406],[4.31887,52.083594],[4.319545,52.083743],[4.320241,52.08385],[4.32095,52.083914],[4.321667,52.083936]]]}},{"type":"Feature","properties":{"identifier":"6.2.39","name":"Gebied met verbod vanuit beveiligingsoverwegingen","restriction":"CONDITIONAL","rule":"OPEN cat. vluchten zijn hier verboden SPEC cat. vluchten vereisen een privilege op de exploitatievergunning","category":"beveiligd","source":"AIP Nederland ENR 5.3, ED-269, 22 juli 2024"},"geometry":{"type":"Polygon","coordinates":[[[5.734444,51.756436],[5.735156,51.756414],[5.73586,51.75635],[5.736551,51.756243],[5.737221,51.756094],[5.737865,51.755906],[5.738475,51.755679],[5.739047,51.755416],[5.739575,51.75512],[5.740053,51.754794],[5.740477,51.75444],[5.740843,51.754062],[5.741148,51.753663],[5.741387,51.753248],[5.74156,51.752821],[5.741665,51.752385],[5.7417,51.751944],[5.741665,51.751504],[5.74156,51.751068],[5.741387,51.750641],[5.741148,51.750226],[5.740843,51.749827],[5.740477,51.749449],[5.740053,51.749095],[5.739575,51.748768],[5.739047,51.748472],[5.738475,51.74821],[5.737865,51.747983],[5.737221,51.747795],[5.736551,51.747646],[5.73586,51.747539],[5.735156,51.747474],[5.734444,51.747453],[5.733733,51.747474],[5.733029,51.747539],[5.732338,51.747646],[5.731668,51.747795],[5.731024,51.747983],[5.730414,51.74821],[5.729842,51.748472],[5.729314,51.748768],[5.728836,51.749095],[5.728412,51.749449],[5.728046,51.749827],[5.727741,51.750226],[5.727501,51.750641],[5.727328,51.751068],[5.727224,51.751504],[5.727189,51.751944],[5.727224,51.752385],[5.727328,51.752821],[5.727501,51.753248],[5.727741,51.753663],[5.728046,51.754062],[5.728412,51.75444],[5.728836,51.754794],[5.729314,51.75512],[5.729842,51.755416],[5.730414,51.755679],[5.731024,51.755906],[5.731668,51.756094],[5.732338,51.756243],[5.733029,51.75635],[5.733733,51.756414],[5.734444,51.756436]]]}},{"type":"Feature","properties":{"identifier":"6.2.40","name":"Gebied met verbod vanuit beveiligingsoverwegingen","restriction":"CONDITIONAL","rule":"OPEN cat. vluchten zijn hier verboden SPEC cat. vluchten vereisen een privilege op de exploitatievergunning","category":"beveiligd","source":"AIP Nederland ENR 5.3, ED-269, 22 juli 2024"},"geometry":{"type":"Polygon","coordinates":[[[6.538333,52.996436],[6.539065,52.996414],[6.539789,52.99635],[6.540499,52.996243],[6.541189,52.996094],[6.541851,52.995906],[6.542479,52.995679],[6.543067,52.995416],[6.54361,52.99512],[6.544102,52.994794],[6.544538,52.99444],[6.544914,52.994062],[6.545227,52.993663],[6.545474,52.993248],[6.545652,52.992821],[6.545759,52.992385],[6.545795,52.991944],[6.545759,52.991504],[6.545652,52.991068],[6.545474,52.990641],[6.545227,52.990226],[6.544914,52.989827],[6.544538,52.989449],[6.544102,52.989095],[6.54361,52.988768],[6.543067,52.988472],[6.542479,52.98821],[6.541851,52.987983],[6.541189,52.987795],[6.540499,52.987646],[6.539789,52.987539],[6.539065,52.987474],[6.538333,52.987453],[6.537602,52.987474],[6.536878,52.987539],[6.536167,52.987646],[6.535478,52.987795],[6.534816,52.987983],[6.534188,52.98821],[6.533599,52.988472],[6.533057,52.988768],[6.532565,52.989095],[6.532129,52.989449],[6.531752,52.989827],[6.531439,52.990226],[6.531193,52.990641],[6.531015,52.991068],[6.530907,52.991504],[6.530871,52.991944],[6.530907,52.992385],[6.531015,52.992821],[6.531193,52.993248],[6.531439,52.993663],[6.531752,52.994062],[6.532129,52.99444],[6.532565,52.994794],[6.533057,52.99512],[6.533599,52.995416],[6.534188,52.995679],[6.534816,52.995906],[6.535478,52.996094],[6.536167,52.996243],[6.536878,52.99635],[6.537602,52.996414],[6.538333,52.996436]]]}},{"type":"Feature","properties":{"identifier":"6.2.41","name":"Gebied met verbod vanuit beveiligingsoverwegingen","restriction":"CONDITIONAL","rule":"OPEN cat. vluchten zijn hier verboden SPEC cat. vluchten vereisen een privilege op de exploitatievergunning","category":"beveiligd","source":"AIP Nederland ENR 5.3, ED-269, 22 juli 2024"},"geometry":{"type":"Polygon","coordinates":[[[5.114444,52.060047],[5.11516,52.060026],[5.11587,52.059961],[5.116565,52.059854],[5.11724,52.059705],[5.117888,52.059517],[5.118503,52.05929],[5.119078,52.059028],[5.11961,52.058732],[5.120091,52.058405],[5.120518,52.058051],[5.120887,52.057673],[5.121193,52.057274],[5.121435,52.056859],[5.121609,52.056432],[5.121714,52.055996],[5.121749,52.055556],[5.121714,52.055115],[5.121609,52.054679],[5.121435,52.054252],[5.121193,52.053837],[5.120887,52.053438],[5.120518,52.05306],[5.120091,52.052706],[5.11961,52.05238],[5.119078,52.052084],[5.118503,52.051821],[5.117888,52.051594],[5.11724,52.051406],[5.116565,52.051257],[5.11587,52.05115],[5.11516,52.051086],[5.114444,52.051064],[5.113728,52.051086],[5.113019,52.05115],[5.112324,52.051257],[5.111649,52.051406],[5.111001,52.051594],[5.110386,52.051821],[5.10981,52.052084],[5.109279,52.05238],[5.108798,52.052706],[5.108371,52.05306],[5.108002,52.053438],[5.107696,52.053837],[5.107454,52.054252],[5.10728,52.054679],[5.107175,52.055115],[5.10714,52.055556],[5.107175,52.055996],[5.10728,52.056432],[5.107454,52.056859],[5.107696,52.057274],[5.108002,52.057673],[5.108371,52.058051],[5.108798,52.058405],[5.109279,52.058732],[5.10981,52.059028],[5.110386,52.05929],[5.111001,52.059517],[5.111649,52.059705],[5.112324,52.059854],[5.113019,52.059961],[5.113728,52.060026],[5.114444,52.060047]]]}},{"type":"Feature","properties":{"identifier":"6.2.42","name":"Gebied met verbod vanuit beveiligingsoverwegingen","restriction":"CONDITIONAL","rule":"OPEN cat. vluchten zijn hier verboden SPEC cat. vluchten vereisen een privilege op de exploitatievergunning","category":"beveiligd","source":"AIP Nederland ENR 5.3, ED-269, 22 juli 2024"},"geometry":{"type":"Polygon","coordinates":[[[6.599167,53.009769],[6.599898,53.009748],[6.600623,53.009683],[6.601333,53.009576],[6.602023,53.009427],[6.602685,53.009239],[6.603314,53.009012],[6.603902,53.00875],[6.604445,53.008454],[6.604937,53.008127],[6.605373,53.007773],[6.60575,53.007395],[6.606063,53.006997],[6.60631,53.006582],[6.606488,53.006154],[6.606595,53.005718],[6.606631,53.005278],[6.606595,53.004838],[6.606488,53.004402],[6.60631,53.003974],[6.606063,53.003559],[6.60575,53.00316],[6.605373,53.002782],[6.604937,53.002428],[6.604445,53.002102],[6.603902,53.001806],[6.603314,53.001543],[6.602685,53.001317],[6.602023,53.001128],[6.601333,53.00098],[6.600623,53.000873],[6.599898,53.000808],[6.599167,53.000786],[6.598435,53.000808],[6.59771,53.000873],[6.597,53.00098],[6.59631,53.001128],[6.595648,53.001317],[6.59502,53.001543],[6.594431,53.001806],[6.593889,53.002102],[6.593397,53.002428],[6.59296,53.002782],[6.592584,53.00316],[6.592271,53.003559],[6.592024,53.003974],[6.591846,53.004402],[6.591738,53.004838],[6.591702,53.005278],[6.591738,53.005718],[6.591846,53.006154],[6.592024,53.006582],[6.592271,53.006997],[6.592584,53.007395],[6.59296,53.007773],[6.593397,53.008127],[6.593889,53.008454],[6.594431,53.00875],[6.59502,53.009012],[6.595648,53.009239],[6.59631,53.009427],[6.597,53.009576],[6.59771,53.009683],[6.598435,53.009748],[6.599167,53.009769]]]}},{"type":"Feature","properties":{"identifier":"6.2.43","name":"Gebied met verbod vanuit beveiligingsoverwegingen","restriction":"CONDITIONAL","rule":"OPEN cat. vluchten zijn hier verboden SPEC cat. vluchten vereisen een privilege op de exploitatievergunning","category":"beveiligd","source":"AIP Nederland ENR 5.3, ED-269, 22 juli 2024"},"geometry":{"type":"Polygon","coordinates":[[[4.404167,51.948936],[4.404881,51.948914],[4.405588,51.94885],[4.406282,51.948743],[4.406955,51.948594],[4.407601,51.948406],[4.408215,51.948179],[4.408789,51.947916],[4.409319,51.94762],[4.409799,51.947294],[4.410225,51.94694],[4.410593,51.946562],[4.410899,51.946163],[4.411139,51.945748],[4.411313,51.945321],[4.411418,51.944885],[4.411453,51.944444],[4.411418,51.944004],[4.411313,51.943568],[4.411139,51.943141],[4.410899,51.942726],[4.410593,51.942327],[4.410225,51.941949],[4.409799,51.941595],[4.409319,51.941268],[4.408789,51.940972],[4.408215,51.94071],[4.407601,51.940483],[4.406955,51.940295],[4.406282,51.940146],[4.405588,51.940039],[4.404881,51.939974],[4.404167,51.939953],[4.403452,51.939974],[4.402745,51.940039],[4.402052,51.940146],[4.401378,51.940295],[4.400732,51.940483],[4.400119,51.94071],[4.399544,51.940972],[4.399014,51.941268],[4.398534,51.941595],[4.398108,51.941949],[4.397741,51.942327],[4.397435,51.942726],[4.397194,51.943141],[4.39702,51.943568],[4.396915,51.944004],[4.39688,51.944444],[4.396915,51.944885],[4.39702,51.945321],[4.397194,51.945748],[4.397435,51.946163],[4.397741,51.946562],[4.398108,51.94694],[4.398534,51.947294],[4.399014,51.94762],[4.399544,51.947916],[4.400119,51.948179],[4.400732,51.948406],[4.401378,51.948594],[4.402052,51.948743],[4.402745,51.94885],[4.403452,51.948914],[4.404167,51.948936]]]}},{"type":"Feature","properties":{"identifier":"6.2.44","name":"Gebied met verbod vanuit beveiligingsoverwegingen","restriction":"CONDITIONAL","rule":"OPEN cat. vluchten zijn hier verboden SPEC cat. vluchten vereisen een privilege op de exploitatievergunning","category":"beveiligd","source":"AIP Nederland ENR 5.3, ED-269, 22 juli 2024"},"geometry":{"type":"Polygon","coordinates":[[[4.752778,52.32588],[4.753498,52.325859],[4.754211,52.325794],[4.754911,52.325687],[4.75559,52.325539],[4.756242,52.32535],[4.75686,52.325123],[4.75744,52.324861],[4.757974,52.324565],[4.758458,52.324238],[4.758888,52.323884],[4.759258,52.323506],[4.759567,52.323108],[4.75981,52.322693],[4.759985,52.322265],[4.760091,52.321829],[4.760126,52.321389],[4.760091,52.320949],[4.759985,52.320513],[4.75981,52.320085],[4.759567,52.31967],[4.759258,52.319272],[4.758888,52.318894],[4.758458,52.318539],[4.757974,52.318213],[4.75744,52.317917],[4.75686,52.317654],[4.756242,52.317428],[4.75559,52.317239],[4.754911,52.317091],[4.754211,52.316984],[4.753498,52.316919],[4.752778,52.316897],[4.752058,52.316919],[4.751344,52.316984],[4.750645,52.317091],[4.749966,52.317239],[4.749314,52.317428],[4.748695,52.317654],[4.748116,52.317917],[4.747582,52.318213],[4.747097,52.318539],[4.746668,52.318894],[4.746297,52.319272],[4.745989,52.31967],[4.745746,52.320085],[4.745571,52.320513],[4.745465,52.320949],[4.745429,52.321389],[4.745465,52.321829],[4.745571,52.322265],[4.745746,52.322693],[4.745989,52.323108],[4.746297,52.323506],[4.746668,52.323884],[4.747097,52.324238],[4.747582,52.324565],[4.748116,52.324861],[4.748695,52.325123],[4.749314,52.32535],[4.749966,52.325539],[4.750645,52.325687],[4.751344,52.325794],[4.752058,52.325859],[4.752778,52.32588]]]}},{"type":"Feature","properties":{"identifier":"6.2.45","name":"Gebied met verbod vanuit beveiligingsoverwegingen","restriction":"CONDITIONAL","rule":"OPEN cat. vluchten zijn hier verboden SPEC cat. vluchten vereisen een privilege op de exploitatievergunning","category":"beveiligd","source":"AIP Nederland ENR 5.3, ED-269, 22 juli 2024"},"geometry":{"type":"Polygon","coordinates":[[[5.841111,51.003936],[5.841811,51.003914],[5.842503,51.00385],[5.843183,51.003743],[5.843842,51.003594],[5.844476,51.003406],[5.845076,51.003179],[5.845639,51.002916],[5.846158,51.00262],[5.846628,51.002294],[5.847045,51.00194],[5.847405,51.001562],[5.847705,51.001163],[5.847941,51.000748],[5.848111,51.000321],[5.848214,50.999885],[5.848248,50.999444],[5.848214,50.999004],[5.848111,50.998568],[5.847941,50.998141],[5.847705,50.997726],[5.847405,50.997327],[5.847045,50.996949],[5.846628,50.996595],[5.846158,50.996268],[5.845639,50.995972],[5.845076,50.99571],[5.844476,50.995483],[5.843842,50.995295],[5.843183,50.995146],[5.842503,50.995039],[5.841811,50.994974],[5.841111,50.994953],[5.840412,50.994974],[5.839719,50.995039],[5.839039,50.995146],[5.83838,50.995295],[5.837747,50.995483],[5.837146,50.99571],[5.836583,50.995972],[5.836064,50.996268],[5.835594,50.996595],[5.835177,50.996949],[5.834817,50.997327],[5.834517,50.997726],[5.834281,50.998141],[5.834111,50.998568],[5.834008,50.999004],[5.833974,50.999444],[5.834008,50.999885],[5.834111,51.000321],[5.834281,51.000748],[5.834517,51.001163],[5.834817,51.001562],[5.835177,51.00194],[5.835594,51.002294],[5.836064,51.00262],[5.836583,51.002916],[5.837146,51.003179],[5.837747,51.003406],[5.83838,51.003594],[5.839039,51.003743],[5.839719,51.00385],[5.840412,51.003914],[5.841111,51.003936]]]}},{"type":"Feature","properties":{"identifier":"6.2.46","name":"Gebied met verbod vanuit beveiligingsoverwegingen","restriction":"CONDITIONAL","rule":"OPEN cat. vluchten zijn hier verboden SPEC cat. vluchten vereisen een privilege op de exploitatievergunning","category":"beveiligd","source":"AIP Nederland ENR 5.3, ED-269, 22 juli 2024"},"geometry":{"type":"Polygon","coordinates":[[[5.301111,52.116436],[5.301828,52.116414],[5.302538,52.11635],[5.303234,52.116243],[5.30391,52.116094],[5.304559,52.115906],[5.305174,52.115679],[5.305751,52.115416],[5.306283,52.11512],[5.306765,52.114794],[5.307192,52.11444],[5.307561,52.114062],[5.307868,52.113663],[5.30811,52.113248],[5.308284,52.112821],[5.30839,52.112385],[5.308425,52.111944],[5.30839,52.111504],[5.308284,52.111068],[5.30811,52.110641],[5.307868,52.110226],[5.307561,52.109827],[5.307192,52.109449],[5.306765,52.109095],[5.306283,52.108768],[5.305751,52.108472],[5.305174,52.10821],[5.304559,52.107983],[5.30391,52.107795],[5.303234,52.107646],[5.302538,52.107539],[5.301828,52.107474],[5.301111,52.107453],[5.300394,52.107474],[5.299684,52.107539],[5.298988,52.107646],[5.298312,52.107795],[5.297663,52.107983],[5.297048,52.10821],[5.296471,52.108472],[5.295939,52.108768],[5.295457,52.109095],[5.29503,52.109449],[5.294661,52.109827],[5.294354,52.110226],[5.294112,52.110641],[5.293938,52.111068],[5.293832,52.111504],[5.293797,52.111944],[5.293832,52.112385],[5.293938,52.112821],[5.294112,52.113248],[5.294354,52.113663],[5.294661,52.114062],[5.29503,52.11444],[5.295457,52.114794],[5.295939,52.11512],[5.296471,52.115416],[5.297048,52.115679],[5.297663,52.115906],[5.298312,52.116094],[5.298988,52.116243],[5.299684,52.11635],[5.300394,52.116414],[5.301111,52.116436]]]}},{"type":"Feature","properties":{"identifier":"6.2.47","name":"Gebied met verbod vanuit beveiligingsoverwegingen","restriction":"CONDITIONAL","rule":"OPEN cat. vluchten zijn hier verboden SPEC cat. vluchten vereisen een privilege op de exploitatievergunning","category":"beveiligd","source":"AIP Nederland ENR 5.3, ED-269, 22 juli 2024"},"geometry":{"type":"Polygon","coordinates":[[[7.03,52.89088],[7.03073,52.890859],[7.031452,52.890794],[7.032161,52.890687],[7.032849,52.890539],[7.033509,52.89035],[7.034136,52.890123],[7.034722,52.889861],[7.035264,52.889565],[7.035754,52.889238],[7.036189,52.888884],[7.036565,52.888506],[7.036877,52.888108],[7.037123,52.887693],[7.037301,52.887265],[7.037408,52.886829],[7.037444,52.886389],[7.037408,52.885949],[7.037301,52.885513],[7.037123,52.885085],[7.036877,52.88467],[7.036565,52.884272],[7.036189,52.883894],[7.035754,52.883539],[7.035264,52.883213],[7.034722,52.882917],[7.034136,52.882654],[7.033509,52.882428],[7.032849,52.882239],[7.032161,52.882091],[7.031452,52.881984],[7.03073,52.881919],[7.03,52.881897],[7.02927,52.881919],[7.028548,52.881984],[7.027839,52.882091],[7.027151,52.882239],[7.026491,52.882428],[7.025864,52.882654],[7.025278,52.882917],[7.024736,52.883213],[7.024246,52.883539],[7.023811,52.883894],[7.023435,52.884272],[7.023123,52.88467],[7.022877,52.885085],[7.022699,52.885513],[7.022592,52.885949],[7.022556,52.886389],[7.022592,52.886829],[7.022699,52.887265],[7.022877,52.887693],[7.023123,52.888108],[7.023435,52.888506],[7.023811,52.888884],[7.024246,52.889238],[7.024736,52.889565],[7.025278,52.889861],[7.025864,52.890123],[7.026491,52.89035],[7.027151,52.890539],[7.027839,52.890687],[7.028548,52.890794],[7.02927,52.890859],[7.03,52.89088]]]}},{"type":"Feature","properties":{"identifier":"6.2.48","name":"Gebied met verbod vanuit beveiligingsoverwegingen","restriction":"CONDITIONAL","rule":"OPEN cat. vluchten zijn hier verboden SPEC cat. vluchten vereisen een privilege op de exploitatievergunning","category":"beveiligd","source":"AIP Nederland ENR 5.3, ED-269, 22 juli 2024"},"geometry":{"type":"Polygon","coordinates":[[[5.071111,51.54838],[5.071819,51.548359],[5.07252,51.548294],[5.073208,51.548187],[5.073875,51.548039],[5.074516,51.54785],[5.075124,51.547623],[5.075693,51.547361],[5.076218,51.547065],[5.076694,51.546738],[5.077116,51.546384],[5.07748,51.546006],[5.077784,51.545608],[5.078022,51.545193],[5.078195,51.544765],[5.078299,51.544329],[5.078333,51.543889],[5.078299,51.543449],[5.078195,51.543013],[5.078022,51.542585],[5.077784,51.54217],[5.07748,51.541772],[5.077116,51.541394],[5.076694,51.541039],[5.076218,51.540713],[5.075693,51.540417],[5.075124,51.540154],[5.074516,51.539928],[5.073875,51.539739],[5.073208,51.539591],[5.07252,51.539484],[5.071819,51.539419],[5.071111,51.539397],[5.070403,51.539419],[5.069702,51.539484],[5.069015,51.539591],[5.068347,51.539739],[5.067707,51.539928],[5.067099,51.540154],[5.066529,51.540417],[5.066004,51.540713],[5.065528,51.541039],[5.065106,51.541394],[5.064742,51.541772],[5.064439,51.54217],[5.0642,51.542585],[5.064028,51.543013],[5.063924,51.543449],[5.063889,51.543889],[5.063924,51.544329],[5.064028,51.544765],[5.0642,51.545193],[5.064439,51.545608],[5.064742,51.546006],[5.065106,51.546384],[5.065528,51.546738],[5.066004,51.547065],[5.066529,51.547361],[5.067099,51.547623],[5.067707,51.54785],[5.068347,51.548039],[5.069015,51.548187],[5.069702,51.548294],[5.070403,51.548359],[5.071111,51.54838]]]}},{"type":"Feature","properties":{"identifier":"6.2.49","name":"Gebied met verbod vanuit beveiligingsoverwegingen","restriction":"CONDITIONAL","rule":"OPEN cat. vluchten zijn hier verboden SPEC cat. vluchten vereisen een privilege op de exploitatievergunning","category":"beveiligd","source":"AIP Nederland ENR 5.3, ED-269, 22 juli 2024"},"geometry":{"type":"Polygon","coordinates":[[[4.8275,52.437825],[4.828222,52.437803],[4.828937,52.437739],[4.829639,52.437632],[4.830319,52.437483],[4.830973,52.437295],[4.831593,52.437068],[4.832174,52.436805],[4.832709,52.436509],[4.833195,52.436183],[4.833625,52.435829],[4.833997,52.435451],[4.834306,52.435052],[4.83455,52.434637],[4.834725,52.43421],[4.834832,52.433774],[4.834867,52.433333],[4.834832,52.432893],[4.834725,52.432457],[4.83455,52.432029],[4.834306,52.431614],[4.833997,52.431216],[4.833625,52.430838],[4.833195,52.430484],[4.832709,52.430157],[4.832174,52.429861],[4.831593,52.429599],[4.830973,52.429372],[4.830319,52.429184],[4.829639,52.429035],[4.828937,52.428928],[4.828222,52.428863],[4.8275,52.428842],[4.826778,52.428863],[4.826063,52.428928],[4.825361,52.429035],[4.824681,52.429184],[4.824027,52.429372],[4.823407,52.429599],[4.822826,52.429861],[4.822291,52.430157],[4.821805,52.430484],[4.821375,52.430838],[4.821003,52.431216],[4.820694,52.431614],[4.82045,52.432029],[4.820275,52.432457],[4.820168,52.432893],[4.820133,52.433333],[4.820168,52.433774],[4.820275,52.43421],[4.82045,52.434637],[4.820694,52.435052],[4.821003,52.435451],[4.821375,52.435829],[4.821805,52.436183],[4.822291,52.436509],[4.822826,52.436805],[4.823407,52.437068],[4.824027,52.437295],[4.824681,52.437483],[4.825361,52.437632],[4.826063,52.437739],[4.826778,52.437803],[4.8275,52.437825]]]}},{"type":"Feature","properties":{"identifier":"6.2.50","name":"Gebied met verbod vanuit beveiligingsoverwegingen","restriction":"CONDITIONAL","rule":"OPEN cat. vluchten zijn hier verboden SPEC cat. vluchten vereisen een privilege op de exploitatievergunning","category":"beveiligd","source":"AIP Nederland ENR 5.3, ED-269, 22 juli 2024"},"geometry":{"type":"Polygon","coordinates":[[[4.500833,52.039214],[4.501549,52.039192],[4.502258,52.039127],[4.502953,52.03902],[4.503627,52.038872],[4.504275,52.038683],[4.50489,52.038457],[4.505465,52.038194],[4.505996,52.037898],[4.506477,52.037572],[4.506904,52.037218],[4.507272,52.03684],[4.507579,52.036441],[4.50782,52.036026],[4.507994,52.035598],[4.508099,52.035162],[4.508135,52.034722],[4.508099,52.034282],[4.507994,52.033846],[4.50782,52.033418],[4.507579,52.033003],[4.507272,52.032605],[4.506904,52.032227],[4.506477,52.031873],[4.505996,52.031546],[4.505465,52.03125],[4.50489,52.030988],[4.504275,52.030761],[4.503627,52.030573],[4.502953,52.030424],[4.502258,52.030317],[4.501549,52.030252],[4.500833,52.030231],[4.500118,52.030252],[4.499409,52.030317],[4.498714,52.030424],[4.498039,52.030573],[4.497392,52.030761],[4.496777,52.030988],[4.496202,52.03125],[4.495671,52.031546],[4.495189,52.031873],[4.494763,52.032227],[4.494394,52.032605],[4.494088,52.033003],[4.493847,52.033418],[4.493672,52.033846],[4.493567,52.034282],[4.493532,52.034722],[4.493567,52.035162],[4.493672,52.035598],[4.493847,52.036026],[4.494088,52.036441],[4.494394,52.03684],[4.494763,52.037218],[4.495189,52.037572],[4.495671,52.037898],[4.496202,52.038194],[4.496777,52.038457],[4.497392,52.038683],[4.498039,52.038872],[4.498714,52.03902],[4.499409,52.039127],[4.500118,52.039192],[4.500833,52.039214]]]}},{"type":"Feature","properties":{"identifier":"6.2.51","name":"Gebied met verbod vanuit beveiligingsoverwegingen","restriction":"CONDITIONAL","rule":"OPEN cat. vluchten zijn hier verboden SPEC cat. vluchten vereisen een privilege op de exploitatievergunning","category":"beveiligd","source":"AIP Nederland ENR 5.3, ED-269, 22 juli 2024"},"geometry":{"type":"Polygon","coordinates":[[[6.131389,52.492269],[6.132112,52.492248],[6.132828,52.492183],[6.13353,52.492076],[6.134212,52.491927],[6.134866,52.491739],[6.135487,52.491512],[6.136068,52.49125],[6.136605,52.490954],[6.137091,52.490627],[6.137522,52.490273],[6.137894,52.489895],[6.138204,52.489497],[6.138447,52.489082],[6.138623,52.488654],[6.13873,52.488218],[6.138765,52.487778],[6.13873,52.487338],[6.138623,52.486902],[6.138447,52.486474],[6.138204,52.486059],[6.137894,52.48566],[6.137522,52.485282],[6.137091,52.484928],[6.136605,52.484602],[6.136068,52.484306],[6.135487,52.484043],[6.134866,52.483817],[6.134212,52.483628],[6.13353,52.48348],[6.132828,52.483373],[6.132112,52.483308],[6.131389,52.483286],[6.130666,52.483308],[6.12995,52.483373],[6.129248,52.48348],[6.128566,52.483628],[6.127912,52.483817],[6.127291,52.484043],[6.126709,52.484306],[6.126173,52.484602],[6.125687,52.484928],[6.125256,52.485282],[6.124884,52.48566],[6.124574,52.486059],[6.12433,52.486474],[6.124154,52.486902],[6.124048,52.487338],[6.124013,52.487778],[6.124048,52.488218],[6.124154,52.488654],[6.12433,52.489082],[6.124574,52.489497],[6.124884,52.489895],[6.125256,52.490273],[6.125687,52.490627],[6.126173,52.490954],[6.126709,52.49125],[6.127291,52.491512],[6.127912,52.491739],[6.128566,52.491927],[6.129248,52.492076],[6.12995,52.492183],[6.130666,52.492248],[6.131389,52.492269]]]}},{"type":"Feature","properties":{"identifier":"6.2.52","name":"Gebied met verbod vanuit beveiligingsoverwegingen","restriction":"CONDITIONAL","rule":"OPEN cat. vluchten zijn hier verboden SPEC cat. vluchten vereisen een privilege op de exploitatievergunning","category":"beveiligd","source":"AIP Nederland ENR 5.3, ED-269, 22 juli 2024"},"geometry":{"type":"Polygon","coordinates":[[[6.222778,52.12088],[6.223495,52.120859],[6.224205,52.120794],[6.224901,52.120687],[6.225577,52.120539],[6.226226,52.12035],[6.226842,52.120123],[6.227418,52.119861],[6.22795,52.119565],[6.228432,52.119238],[6.22886,52.118884],[6.229229,52.118506],[6.229536,52.118108],[6.229777,52.117693],[6.229952,52.117265],[6.230057,52.116829],[6.230092,52.116389],[6.230057,52.115949],[6.229952,52.115513],[6.229777,52.115085],[6.229536,52.11467],[6.229229,52.114272],[6.22886,52.113894],[6.228432,52.113539],[6.22795,52.113213],[6.227418,52.112917],[6.226842,52.112654],[6.226226,52.112428],[6.225577,52.112239],[6.224901,52.112091],[6.224205,52.111984],[6.223495,52.111919],[6.222778,52.111897],[6.222061,52.111919],[6.221351,52.111984],[6.220654,52.112091],[6.219979,52.112239],[6.21933,52.112428],[6.218714,52.112654],[6.218137,52.112917],[6.217606,52.113213],[6.217124,52.113539],[6.216696,52.113894],[6.216327,52.114272],[6.21602,52.11467],[6.215778,52.115085],[6.215604,52.115513],[6.215498,52.115949],[6.215463,52.116389],[6.215498,52.116829],[6.215604,52.117265],[6.215778,52.117693],[6.21602,52.118108],[6.216327,52.118506],[6.216696,52.118884],[6.217124,52.119238],[6.217606,52.119565],[6.218137,52.119861],[6.218714,52.120123],[6.21933,52.12035],[6.219979,52.120539],[6.220654,52.120687],[6.221351,52.120794],[6.222061,52.120859],[6.222778,52.12088]]]}},{"type":"Feature","properties":{"identifier":"6.5.a","name":"Gebied met verbod vanuit beveiligingsoverwegingen","restriction":"CONDITIONAL","rule":"OPEN cat. vluchten zijn hier verboden SPEC cat. vluchten vereisen een privilege op de exploitatievergunning","category":"beveiligd","source":"AIP Nederland ENR 5.3, ED-269, 22 juli 2024"},"geometry":{"type":"Polygon","coordinates":[[[4.427851,52.218034],[4.428066,52.218027],[4.42828,52.218008],[4.428489,52.217976],[4.428692,52.217931],[4.428888,52.217875],[4.429073,52.217807],[4.429246,52.217728],[4.429406,52.217639],[4.429551,52.217541],[4.429679,52.217435],[4.42979,52.217321],[4.429883,52.217202],[4.429955,52.217077],[4.430008,52.216949],[4.43004,52.216818],[4.43005,52.216686],[4.43004,52.216554],[4.430008,52.216423],[4.429955,52.216295],[4.429883,52.216171],[4.42979,52.216051],[4.429679,52.215938],[4.429551,52.215831],[4.429406,52.215733],[4.429246,52.215645],[4.429073,52.215566],[4.428888,52.215498],[4.428692,52.215441],[4.428489,52.215397],[4.42828,52.215365],[4.428066,52.215345],[4.427851,52.215339],[4.427635,52.215345],[4.427422,52.215365],[4.427212,52.215397],[4.427009,52.215441],[4.426814,52.215498],[4.426629,52.215566],[4.426456,52.215645],[4.426296,52.215733],[4.426151,52.215831],[4.426022,52.215938],[4.425911,52.216051],[4.425819,52.216171],[4.425746,52.216295],[4.425694,52.216423],[4.425662,52.216554],[4.425652,52.216686],[4.425662,52.216818],[4.425694,52.216949],[4.425746,52.217077],[4.425819,52.217202],[4.425911,52.217321],[4.426022,52.217435],[4.426151,52.217541],[4.426296,52.217639],[4.426456,52.217728],[4.426629,52.217807],[4.426814,52.217875],[4.427009,52.217931],[4.427212,52.217976],[4.427422,52.218008],[4.427635,52.218027],[4.427851,52.218034]]]}},{"type":"Feature","properties":{"identifier":"6.2.53","name":"Gebied met verbod vanuit beveiligingsoverwegingen","restriction":"CONDITIONAL","rule":"OPEN cat. vluchten zijn hier verboden SPEC cat. vluchten vereisen een privilege op de exploitatievergunning","category":"beveiligd","source":"AIP Nederland ENR 5.3, ED-269, 22 juli 2024"},"geometry":{"type":"Polygon","coordinates":[[[3.7175,51.435603],[3.718206,51.435581],[3.718905,51.435516],[3.719591,51.435409],[3.720257,51.435261],[3.720896,51.435072],[3.721503,51.434846],[3.72207,51.434583],[3.722594,51.434287],[3.723069,51.433961],[3.72349,51.433606],[3.723854,51.433228],[3.724156,51.43283],[3.724394,51.432415],[3.724566,51.431987],[3.72467,51.431551],[3.724704,51.431111],[3.72467,51.430671],[3.724566,51.430235],[3.724394,51.429807],[3.724156,51.429392],[3.723854,51.428994],[3.72349,51.428616],[3.723069,51.428262],[3.722594,51.427935],[3.72207,51.427639],[3.721503,51.427377],[3.720896,51.42715],[3.720257,51.426961],[3.719591,51.426813],[3.718905,51.426706],[3.718206,51.426641],[3.7175,51.42662],[3.716794,51.426641],[3.716095,51.426706],[3.715409,51.426813],[3.714743,51.426961],[3.714104,51.42715],[3.713497,51.427377],[3.71293,51.427639],[3.712406,51.427935],[3.711931,51.428262],[3.71151,51.428616],[3.711146,51.428994],[3.710844,51.429392],[3.710606,51.429807],[3.710434,51.430235],[3.71033,51.430671],[3.710296,51.431111],[3.71033,51.431551],[3.710434,51.431987],[3.710606,51.432415],[3.710844,51.43283],[3.711146,51.433228],[3.71151,51.433606],[3.711931,51.433961],[3.712406,51.434287],[3.71293,51.434583],[3.713497,51.434846],[3.714104,51.435072],[3.714743,51.435261],[3.715409,51.435409],[3.716095,51.435516],[3.716794,51.435581],[3.7175,51.435603]]]}},{"type":"Feature","properties":{"identifier":"6.2.54","name":"Gebied met verbod vanuit beveiligingsoverwegingen","restriction":"CONDITIONAL","rule":"OPEN cat. vluchten zijn hier verboden SPEC cat. vluchten vereisen een privilege op de exploitatievergunning","category":"beveiligd","source":"AIP Nederland ENR 5.3, ED-269, 22 juli 2024"},"geometry":{"type":"Polygon","coordinates":[[[3.713611,51.444492],[3.714317,51.44447],[3.715017,51.444405],[3.715703,51.444298],[3.716369,51.44415],[3.717008,51.443961],[3.717614,51.443735],[3.718182,51.443472],[3.718706,51.443176],[3.719181,51.442849],[3.719602,51.442495],[3.719966,51.442117],[3.720268,51.441719],[3.720507,51.441304],[3.720678,51.440876],[3.720782,51.44044],[3.720817,51.44],[3.720782,51.43956],[3.720678,51.439124],[3.720507,51.438696],[3.720268,51.438281],[3.719966,51.437883],[3.719602,51.437505],[3.719181,51.437151],[3.718706,51.436824],[3.718182,51.436528],[3.717614,51.436265],[3.717008,51.436039],[3.716369,51.43585],[3.715703,51.435702],[3.715017,51.435595],[3.714317,51.43553],[3.713611,51.435508],[3.712905,51.43553],[3.712205,51.435595],[3.711519,51.435702],[3.710854,51.43585],[3.710214,51.436039],[3.709608,51.436265],[3.70904,51.436528],[3.708516,51.436824],[3.708041,51.437151],[3.70762,51.437505],[3.707256,51.437883],[3.706954,51.438281],[3.706716,51.438696],[3.706544,51.439124],[3.70644,51.43956],[3.706405,51.44],[3.70644,51.44044],[3.706544,51.440876],[3.706716,51.441304],[3.706954,51.441719],[3.707256,51.442117],[3.70762,51.442495],[3.708041,51.442849],[3.708516,51.443176],[3.70904,51.443472],[3.709608,51.443735],[3.710214,51.443961],[3.710854,51.44415],[3.711519,51.444298],[3.712205,51.444405],[3.712905,51.44447],[3.713611,51.444492]]]}},{"type":"Feature","properties":{"identifier":"6.2.55","name":"Gebied met verbod vanuit beveiligingsoverwegingen","restriction":"CONDITIONAL","rule":"OPEN cat. vluchten zijn hier verboden SPEC cat. vluchten vereisen een privilege op de exploitatievergunning","category":"beveiligd","source":"AIP Nederland ENR 5.3, ED-269, 22 juli 2024"},"geometry":{"type":"Polygon","coordinates":[[[5.686944,51.904214],[5.687658,51.904192],[5.688365,51.904127],[5.689057,51.90402],[5.68973,51.903872],[5.690376,51.903683],[5.690989,51.903457],[5.691562,51.903194],[5.692092,51.902898],[5.692571,51.902572],[5.692997,51.902218],[5.693364,51.90184],[5.69367,51.901441],[5.69391,51.901026],[5.694084,51.900598],[5.694189,51.900162],[5.694224,51.899722],[5.694189,51.899282],[5.694084,51.898846],[5.69391,51.898418],[5.69367,51.898003],[5.693364,51.897605],[5.692997,51.897227],[5.692571,51.896873],[5.692092,51.896546],[5.691562,51.89625],[5.690989,51.895988],[5.690376,51.895761],[5.68973,51.895573],[5.689057,51.895424],[5.688365,51.895317],[5.687658,51.895252],[5.686944,51.895231],[5.686231,51.895252],[5.685524,51.895317],[5.684831,51.895424],[5.684159,51.895573],[5.683513,51.895761],[5.6829,51.895988],[5.682327,51.89625],[5.681797,51.896546],[5.681318,51.896873],[5.680892,51.897227],[5.680525,51.897605],[5.680219,51.898003],[5.679979,51.898418],[5.679805,51.898846],[5.6797,51.899282],[5.679665,51.899722],[5.6797,51.900162],[5.679805,51.900598],[5.679979,51.901026],[5.680219,51.901441],[5.680525,51.90184],[5.680892,51.902218],[5.681318,51.902572],[5.681797,51.902898],[5.682327,51.903194],[5.6829,51.903457],[5.683513,51.903683],[5.684159,51.903872],[5.684831,51.90402],[5.685524,51.904127],[5.686231,51.904192],[5.686944,51.904214]]]}},{"type":"Feature","properties":{"identifier":"6.2.56","name":"Gebied met verbod vanuit beveiligingsoverwegingen","restriction":"CONDITIONAL","rule":"OPEN cat. vluchten zijn hier verboden SPEC cat. vluchten vereisen een privilege op de exploitatievergunning","category":"beveiligd","source":"AIP Nederland ENR 5.3, ED-269, 22 juli 2024"},"geometry":{"type":"Polygon","coordinates":[[[4.381667,51.995325],[4.382382,51.995303],[4.38309,51.995239],[4.383784,51.995132],[4.384458,51.994983],[4.385105,51.994795],[4.385719,51.994568],[4.386294,51.994305],[4.386824,51.994009],[4.387305,51.993683],[4.387731,51.993329],[4.388099,51.992951],[4.388405,51.992552],[4.388647,51.992137],[4.388821,51.99171],[4.388926,51.991274],[4.388961,51.990833],[4.388926,51.990393],[4.388821,51.989957],[4.388647,51.989529],[4.388405,51.989114],[4.388099,51.988716],[4.387731,51.988338],[4.387305,51.987984],[4.386824,51.987657],[4.386294,51.987361],[4.385719,51.987099],[4.385105,51.986872],[4.384458,51.986684],[4.383784,51.986535],[4.38309,51.986428],[4.382382,51.986363],[4.381667,51.986342],[4.380952,51.986363],[4.380244,51.986428],[4.379549,51.986535],[4.378875,51.986684],[4.378228,51.986872],[4.377614,51.987099],[4.377039,51.987361],[4.376509,51.987657],[4.376028,51.987984],[4.375602,51.988338],[4.375234,51.988716],[4.374928,51.989114],[4.374687,51.989529],[4.374513,51.989957],[4.374408,51.990393],[4.374373,51.990833],[4.374408,51.991274],[4.374513,51.99171],[4.374687,51.992137],[4.374928,51.992552],[4.375234,51.992951],[4.375602,51.993329],[4.376028,51.993683],[4.376509,51.994009],[4.377039,51.994305],[4.377614,51.994568],[4.378228,51.994795],[4.378875,51.994983],[4.379549,51.995132],[4.380244,51.995239],[4.380952,51.995303],[4.381667,51.995325]]]}},{"type":"Feature","properties":{"identifier":"6.2.57","name":"Gebied met verbod vanuit beveiligingsoverwegingen","restriction":"CONDITIONAL","rule":"OPEN cat. vluchten zijn hier verboden SPEC cat. vluchten vereisen een privilege op de exploitatievergunning","category":"beveiligd","source":"AIP Nederland ENR 5.3, ED-269, 22 juli 2024"},"geometry":{"type":"Polygon","coordinates":[[[4.673889,52.78838],[4.674617,52.788359],[4.675338,52.788294],[4.676045,52.788187],[4.676731,52.788039],[4.67739,52.78785],[4.678015,52.787623],[4.6786,52.787361],[4.67914,52.787065],[4.679629,52.786738],[4.680064,52.786384],[4.680438,52.786006],[4.68075,52.785608],[4.680995,52.785193],[4.681172,52.784765],[4.681279,52.784329],[4.681315,52.783889],[4.681279,52.783449],[4.681172,52.783013],[4.680995,52.782585],[4.68075,52.78217],[4.680438,52.781772],[4.680064,52.781394],[4.679629,52.781039],[4.67914,52.780713],[4.6786,52.780417],[4.678015,52.780154],[4.67739,52.779928],[4.676731,52.779739],[4.676045,52.779591],[4.675338,52.779484],[4.674617,52.779419],[4.673889,52.779397],[4.673161,52.779419],[4.67244,52.779484],[4.671733,52.779591],[4.671047,52.779739],[4.670388,52.779928],[4.669763,52.780154],[4.669178,52.780417],[4.668638,52.780713],[4.668148,52.781039],[4.667714,52.781394],[4.66734,52.781772],[4.667028,52.78217],[4.666782,52.782585],[4.666605,52.783013],[4.666498,52.783449],[4.666463,52.783889],[4.666498,52.784329],[4.666605,52.784765],[4.666782,52.785193],[4.667028,52.785608],[4.66734,52.786006],[4.667714,52.786384],[4.668148,52.786738],[4.668638,52.787065],[4.669178,52.787361],[4.669763,52.787623],[4.670388,52.78785],[4.671047,52.788039],[4.671733,52.788187],[4.67244,52.788294],[4.673161,52.788359],[4.673889,52.78838]]]}},{"type":"Feature","properties":{"identifier":"6.2.58","name":"Gebied met verbod vanuit beveiligingsoverwegingen","restriction":"CONDITIONAL","rule":"OPEN cat. vluchten zijn hier verboden SPEC cat. vluchten vereisen een privilege op de exploitatievergunning","category":"beveiligd","source":"AIP Nederland ENR 5.3, ED-269, 22 juli 2024"},"geometry":{"type":"Polygon","coordinates":[[[6.691944,52.339769],[6.692665,52.339748],[6.693378,52.339683],[6.694078,52.339576],[6.694757,52.339427],[6.69541,52.339239],[6.696028,52.339012],[6.696608,52.33875],[6.697142,52.338454],[6.697627,52.338127],[6.698056,52.337773],[6.698427,52.337395],[6.698736,52.336997],[6.698979,52.336582],[6.699154,52.336154],[6.69926,52.335718],[6.699295,52.335278],[6.69926,52.334838],[6.699154,52.334402],[6.698979,52.333974],[6.698736,52.333559],[6.698427,52.33316],[6.698056,52.332782],[6.697627,52.332428],[6.697142,52.332102],[6.696608,52.331806],[6.696028,52.331543],[6.69541,52.331317],[6.694757,52.331128],[6.694078,52.33098],[6.693378,52.330873],[6.692665,52.330808],[6.691944,52.330786],[6.691224,52.330808],[6.69051,52.330873],[6.689811,52.33098],[6.689131,52.331128],[6.688479,52.331317],[6.687861,52.331543],[6.687281,52.331806],[6.686747,52.332102],[6.686262,52.332428],[6.685833,52.332782],[6.685462,52.33316],[6.685153,52.333559],[6.68491,52.333974],[6.684735,52.334402],[6.684629,52.334838],[6.684594,52.335278],[6.684629,52.335718],[6.684735,52.336154],[6.68491,52.336582],[6.685153,52.336997],[6.685462,52.337395],[6.685833,52.337773],[6.686262,52.338127],[6.686747,52.338454],[6.687281,52.33875],[6.687861,52.339012],[6.688479,52.339239],[6.689131,52.339427],[6.689811,52.339576],[6.69051,52.339683],[6.691224,52.339748],[6.691944,52.339769]]]}},{"type":"Feature","properties":{"identifier":"6.2.59","name":"Gebied met verbod vanuit beveiligingsoverwegingen","restriction":"CONDITIONAL","rule":"OPEN cat. vluchten zijn hier verboden SPEC cat. vluchten vereisen een privilege op de exploitatievergunning","category":"beveiligd","source":"AIP Nederland ENR 5.3, ED-269, 22 juli 2024"},"geometry":{"type":"Polygon","coordinates":[[[6.690833,52.342825],[6.691554,52.342803],[6.692267,52.342739],[6.692967,52.342632],[6.693647,52.342483],[6.694299,52.342295],[6.694917,52.342068],[6.695497,52.341805],[6.696031,52.341509],[6.696516,52.341183],[6.696946,52.340829],[6.697317,52.340451],[6.697625,52.340052],[6.697868,52.339637],[6.698043,52.33921],[6.698149,52.338774],[6.698185,52.338333],[6.698149,52.337893],[6.698043,52.337457],[6.697868,52.337029],[6.697625,52.336614],[6.697317,52.336216],[6.696946,52.335838],[6.696516,52.335484],[6.696031,52.335157],[6.695497,52.334861],[6.694917,52.334599],[6.694299,52.334372],[6.693647,52.334184],[6.692967,52.334035],[6.692267,52.333928],[6.691554,52.333863],[6.690833,52.333842],[6.690113,52.333863],[6.689399,52.333928],[6.688699,52.334035],[6.68802,52.334184],[6.687368,52.334372],[6.686749,52.334599],[6.68617,52.334861],[6.685635,52.335157],[6.685151,52.335484],[6.684721,52.335838],[6.68435,52.336216],[6.684042,52.336614],[6.683799,52.337029],[6.683623,52.337457],[6.683518,52.337893],[6.683482,52.338333],[6.683518,52.338774],[6.683623,52.33921],[6.683799,52.339637],[6.684042,52.340052],[6.68435,52.340451],[6.684721,52.340829],[6.685151,52.341183],[6.685635,52.341509],[6.68617,52.341805],[6.686749,52.342068],[6.687368,52.342295],[6.68802,52.342483],[6.688699,52.342632],[6.689399,52.342739],[6.690113,52.342803],[6.690833,52.342825]]]}},{"type":"Feature","properties":{"identifier":"6.2.60","name":"Gebied met verbod vanuit beveiligingsoverwegingen","restriction":"CONDITIONAL","rule":"OPEN cat. vluchten zijn hier verboden SPEC cat. vluchten vereisen een privilege op de exploitatievergunning","category":"beveiligd","source":"AIP Nederland ENR 5.3, ED-269, 22 juli 2024"},"geometry":{"type":"Polygon","coordinates":[[[4.3475,51.435325],[4.348206,51.435303],[4.348905,51.435239],[4.349591,51.435132],[4.350257,51.434983],[4.350896,51.434795],[4.351502,51.434568],[4.35207,51.434305],[4.352594,51.434009],[4.353069,51.433683],[4.35349,51.433329],[4.353854,51.432951],[4.354156,51.432552],[4.354394,51.432137],[4.354566,51.43171],[4.35467,51.431274],[4.354704,51.430833],[4.35467,51.430393],[4.354566,51.429957],[4.354394,51.429529],[4.354156,51.429114],[4.353854,51.428716],[4.35349,51.428338],[4.353069,51.427984],[4.352594,51.427657],[4.35207,51.427361],[4.351502,51.427099],[4.350896,51.426872],[4.350257,51.426684],[4.349591,51.426535],[4.348905,51.426428],[4.348206,51.426363],[4.3475,51.426342],[4.346794,51.426363],[4.346095,51.426428],[4.345409,51.426535],[4.344743,51.426684],[4.344104,51.426872],[4.343498,51.427099],[4.34293,51.427361],[4.342406,51.427657],[4.341931,51.427984],[4.34151,51.428338],[4.341146,51.428716],[4.340844,51.429114],[4.340606,51.429529],[4.340434,51.429957],[4.34033,51.430393],[4.340296,51.430833],[4.34033,51.431274],[4.340434,51.43171],[4.340606,51.432137],[4.340844,51.432552],[4.341146,51.432951],[4.34151,51.433329],[4.341931,51.433683],[4.342406,51.434009],[4.34293,51.434305],[4.343498,51.434568],[4.344104,51.434795],[4.344743,51.434983],[4.345409,51.435132],[4.346095,51.435239],[4.346794,51.435303],[4.3475,51.435325]]]}},{"type":"Feature","properties":{"identifier":"6.2.61","name":"Gebied met verbod vanuit beveiligingsoverwegingen","restriction":"CONDITIONAL","rule":"OPEN cat. vluchten zijn hier verboden SPEC cat. vluchten vereisen een privilege op de exploitatievergunning","category":"beveiligd","source":"AIP Nederland ENR 5.3, ED-269, 22 juli 2024"},"geometry":{"type":"Polygon","coordinates":[[[5.708331,52.21665],[5.709049,52.216628],[5.709761,52.216564],[5.710458,52.216457],[5.711136,52.216308],[5.711786,52.21612],[5.712403,52.215893],[5.712981,52.21563],[5.713514,52.215334],[5.713997,52.215008],[5.714425,52.214654],[5.714795,52.214276],[5.715103,52.213877],[5.715345,52.213462],[5.71552,52.213035],[5.715626,52.212599],[5.715661,52.212158],[5.715626,52.211718],[5.71552,52.211282],[5.715345,52.210854],[5.715103,52.210439],[5.714795,52.210041],[5.714425,52.209663],[5.713997,52.209309],[5.713514,52.208982],[5.712981,52.208686],[5.712403,52.208424],[5.711786,52.208197],[5.711136,52.208009],[5.710458,52.20786],[5.709761,52.207753],[5.709049,52.207688],[5.708331,52.207667],[5.707612,52.207688],[5.7069,52.207753],[5.706203,52.20786],[5.705525,52.208009],[5.704875,52.208197],[5.704258,52.208424],[5.70368,52.208686],[5.703147,52.208982],[5.702664,52.209309],[5.702236,52.209663],[5.701866,52.210041],[5.701558,52.210439],[5.701316,52.210854],[5.701141,52.211282],[5.701036,52.211718],[5.701,52.212158],[5.701036,52.212599],[5.701141,52.213035],[5.701316,52.213462],[5.701558,52.213877],[5.701866,52.214276],[5.702236,52.214654],[5.702664,52.215008],[5.703147,52.215334],[5.70368,52.21563],[5.704258,52.215893],[5.704875,52.21612],[5.705525,52.216308],[5.706203,52.216457],[5.7069,52.216564],[5.707612,52.216628],[5.708331,52.21665]]]}},{"type":"Feature","properties":{"identifier":"6.2.62","name":"Gebied met verbod vanuit beveiligingsoverwegingen","restriction":"CONDITIONAL","rule":"OPEN cat. vluchten zijn hier verboden SPEC cat. vluchten vereisen een privilege op de exploitatievergunning","category":"beveiligd","source":"AIP Nederland ENR 5.3, ED-269, 22 juli 2024"},"geometry":{"type":"Polygon","coordinates":[[[4.801111,52.961992],[4.801842,52.96197],[4.802566,52.961905],[4.803275,52.961798],[4.803964,52.96165],[4.804626,52.961461],[4.805253,52.961235],[4.805841,52.960972],[4.806383,52.960676],[4.806875,52.960349],[4.807311,52.959995],[4.807687,52.959617],[4.808,52.959219],[4.808246,52.958804],[4.808424,52.958376],[4.808531,52.95794],[4.808567,52.9575],[4.808531,52.95706],[4.808424,52.956624],[4.808246,52.956196],[4.808,52.955781],[4.807687,52.955383],[4.807311,52.955005],[4.806875,52.954651],[4.806383,52.954324],[4.805841,52.954028],[4.805253,52.953765],[4.804626,52.953539],[4.803964,52.95335],[4.803275,52.953202],[4.802566,52.953095],[4.801842,52.95303],[4.801111,52.953008],[4.80038,52.95303],[4.799657,52.953095],[4.798947,52.953202],[4.798258,52.95335],[4.797596,52.953539],[4.796969,52.953765],[4.796381,52.954028],[4.795839,52.954324],[4.795348,52.954651],[4.794912,52.955005],[4.794535,52.955383],[4.794223,52.955781],[4.793976,52.956196],[4.793798,52.956624],[4.793691,52.95706],[4.793655,52.9575],[4.793691,52.95794],[4.793798,52.958376],[4.793976,52.958804],[4.794223,52.959219],[4.794535,52.959617],[4.794912,52.959995],[4.795348,52.960349],[4.795839,52.960676],[4.796381,52.960972],[4.796969,52.961235],[4.797596,52.961461],[4.798258,52.96165],[4.798947,52.961798],[4.799657,52.961905],[4.80038,52.96197],[4.801111,52.961992]]]}},{"type":"Feature","properties":{"identifier":"6.2.63","name":"Gebied met verbod vanuit beveiligingsoverwegingen","restriction":"CONDITIONAL","rule":"OPEN cat. vluchten zijn hier verboden SPEC cat. vluchten vereisen een privilege op de exploitatievergunning","category":"beveiligd","source":"AIP Nederland ENR 5.3, ED-269, 22 juli 2024"},"geometry":{"type":"Polygon","coordinates":[[[6.261667,53.366158],[6.262404,53.366137],[6.263135,53.366072],[6.263852,53.365965],[6.264547,53.365816],[6.265215,53.365628],[6.265848,53.365401],[6.266441,53.365139],[6.266989,53.364843],[6.267485,53.364516],[6.267925,53.364162],[6.268305,53.363784],[6.26862,53.363386],[6.268869,53.362971],[6.269049,53.362543],[6.269157,53.362107],[6.269193,53.361667],[6.269157,53.361226],[6.269049,53.36079],[6.268869,53.360363],[6.26862,53.359948],[6.268305,53.359549],[6.267925,53.359171],[6.267485,53.358817],[6.266989,53.358491],[6.266441,53.358195],[6.265848,53.357932],[6.265215,53.357705],[6.264547,53.357517],[6.263852,53.357368],[6.263135,53.357261],[6.262404,53.357197],[6.261667,53.357175],[6.260929,53.357197],[6.260198,53.357261],[6.259482,53.357368],[6.258786,53.357517],[6.258119,53.357705],[6.257485,53.357932],[6.256892,53.358195],[6.256345,53.358491],[6.255849,53.358817],[6.255409,53.359171],[6.255029,53.359549],[6.254713,53.359948],[6.254464,53.360363],[6.254285,53.36079],[6.254176,53.361226],[6.25414,53.361667],[6.254176,53.362107],[6.254285,53.362543],[6.254464,53.362971],[6.254713,53.363386],[6.255029,53.363784],[6.255409,53.364162],[6.255849,53.364516],[6.256345,53.364843],[6.256892,53.365139],[6.257485,53.365401],[6.258119,53.365628],[6.258786,53.365816],[6.259482,53.365965],[6.260198,53.366072],[6.260929,53.366137],[6.261667,53.366158]]]}},{"type":"Feature","properties":{"identifier":"6.2.64","name":"Gebied met verbod vanuit beveiligingsoverwegingen","restriction":"CONDITIONAL","rule":"OPEN cat. vluchten zijn hier verboden SPEC cat. vluchten vereisen een privilege op de exploitatievergunning","category":"beveiligd","source":"AIP Nederland ENR 5.3, ED-269, 22 juli 2024"},"geometry":{"type":"Polygon","coordinates":[[[5.258889,52.12838],[5.259606,52.128359],[5.260316,52.128294],[5.261013,52.128187],[5.261689,52.128039],[5.262338,52.12785],[5.262953,52.127623],[5.26353,52.127361],[5.264062,52.127065],[5.264544,52.126738],[5.264972,52.126384],[5.265341,52.126006],[5.265648,52.125608],[5.26589,52.125193],[5.266064,52.124765],[5.266169,52.124329],[5.266205,52.123889],[5.266169,52.123449],[5.266064,52.123013],[5.26589,52.122585],[5.265648,52.12217],[5.265341,52.121772],[5.264972,52.121394],[5.264544,52.121039],[5.264062,52.120713],[5.26353,52.120417],[5.262953,52.120154],[5.262338,52.119928],[5.261689,52.119739],[5.261013,52.119591],[5.260316,52.119484],[5.259606,52.119419],[5.258889,52.119397],[5.258172,52.119419],[5.257462,52.119484],[5.256765,52.119591],[5.256089,52.119739],[5.25544,52.119928],[5.254824,52.120154],[5.254248,52.120417],[5.253716,52.120713],[5.253234,52.121039],[5.252806,52.121394],[5.252437,52.121772],[5.25213,52.12217],[5.251888,52.122585],[5.251714,52.123013],[5.251608,52.123449],[5.251573,52.123889],[5.251608,52.124329],[5.251714,52.124765],[5.251888,52.125193],[5.25213,52.125608],[5.252437,52.126006],[5.252806,52.126384],[5.253234,52.126738],[5.253716,52.127065],[5.254248,52.127361],[5.254824,52.127623],[5.25544,52.12785],[5.256089,52.128039],[5.256765,52.128187],[5.257462,52.128294],[5.258172,52.128359],[5.258889,52.12838]]]}},{"type":"Feature","properties":{"identifier":"6.2.65","name":"Gebied met verbod vanuit beveiligingsoverwegingen","restriction":"CONDITIONAL","rule":"OPEN cat. vluchten zijn hier verboden SPEC cat. vluchten vereisen een privilege op de exploitatievergunning","category":"beveiligd","source":"AIP Nederland ENR 5.3, ED-269, 22 juli 2024"},"geometry":{"type":"Polygon","coordinates":[[[5.456389,52.366158],[5.45711,52.366137],[5.457824,52.366072],[5.458524,52.365965],[5.459204,52.365816],[5.459856,52.365628],[5.460475,52.365401],[5.461055,52.365139],[5.46159,52.364843],[5.462074,52.364516],[5.462504,52.364162],[5.462876,52.363784],[5.463184,52.363386],[5.463427,52.362971],[5.463603,52.362543],[5.463709,52.362107],[5.463744,52.361667],[5.463709,52.361226],[5.463603,52.36079],[5.463427,52.360363],[5.463184,52.359948],[5.462876,52.359549],[5.462504,52.359171],[5.462074,52.358817],[5.46159,52.358491],[5.461055,52.358195],[5.460475,52.357932],[5.459856,52.357705],[5.459204,52.357517],[5.458524,52.357368],[5.457824,52.357261],[5.45711,52.357197],[5.456389,52.357175],[5.455668,52.357197],[5.454954,52.357261],[5.454254,52.357368],[5.453574,52.357517],[5.452922,52.357705],[5.452303,52.357932],[5.451723,52.358195],[5.451188,52.358491],[5.450703,52.358817],[5.450273,52.359171],[5.449902,52.359549],[5.449594,52.359948],[5.44935,52.360363],[5.449175,52.36079],[5.449069,52.361226],[5.449034,52.361667],[5.449069,52.362107],[5.449175,52.362543],[5.44935,52.362971],[5.449594,52.363386],[5.449902,52.363784],[5.450273,52.364162],[5.450703,52.364516],[5.451188,52.364843],[5.451723,52.365139],[5.452303,52.365401],[5.452922,52.365628],[5.453574,52.365816],[5.454254,52.365965],[5.454954,52.366072],[5.455668,52.366137],[5.456389,52.366158]]]}},{"type":"Feature","properties":{"identifier":"6.2.66","name":"Gebied met verbod vanuit beveiligingsoverwegingen","restriction":"CONDITIONAL","rule":"OPEN cat. vluchten zijn hier verboden SPEC cat. vluchten vereisen een privilege op de exploitatievergunning","category":"beveiligd","source":"AIP Nederland ENR 5.3, ED-269, 22 juli 2024"},"geometry":{"type":"Polygon","coordinates":[[[3.893211,51.811853],[3.893923,51.811831],[3.894628,51.811766],[3.89532,51.811659],[3.895991,51.811511],[3.896635,51.811322],[3.897247,51.811096],[3.89782,51.810833],[3.898348,51.810537],[3.898826,51.810211],[3.899251,51.809856],[3.899618,51.809478],[3.899922,51.80908],[3.900163,51.808665],[3.900336,51.808237],[3.90044,51.807801],[3.900475,51.807361],[3.90044,51.806921],[3.900336,51.806485],[3.900163,51.806057],[3.899922,51.805642],[3.899618,51.805244],[3.899251,51.804866],[3.898826,51.804512],[3.898348,51.804185],[3.89782,51.803889],[3.897247,51.803627],[3.896635,51.8034],[3.895991,51.803211],[3.89532,51.803063],[3.894628,51.802956],[3.893923,51.802891],[3.893211,51.80287],[3.892499,51.802891],[3.891794,51.802956],[3.891102,51.803063],[3.890431,51.803211],[3.889787,51.8034],[3.889175,51.803627],[3.888603,51.803889],[3.888074,51.804185],[3.887596,51.804512],[3.887171,51.804866],[3.886805,51.805244],[3.8865,51.805642],[3.88626,51.806057],[3.886086,51.806485],[3.885982,51.806921],[3.885947,51.807361],[3.885982,51.807801],[3.886086,51.808237],[3.88626,51.808665],[3.8865,51.80908],[3.886805,51.809478],[3.887171,51.809856],[3.887596,51.810211],[3.888074,51.810537],[3.888603,51.810833],[3.889175,51.811096],[3.889787,51.811322],[3.890431,51.811511],[3.891102,51.811659],[3.891794,51.811766],[3.892499,51.811831],[3.893211,51.811853]]]}},{"type":"Feature","properties":{"identifier":"6.2.67","name":"Gebied met verbod vanuit beveiligingsoverwegingen","restriction":"CONDITIONAL","rule":"OPEN cat. vluchten zijn hier verboden SPEC cat. vluchten vereisen een privilege op de exploitatievergunning","category":"beveiligd","source":"AIP Nederland ENR 5.3, ED-269, 22 juli 2024"},"geometry":{"type":"Polygon","coordinates":[[[4.743592,52.923655],[4.744322,52.923634],[4.745045,52.923569],[4.745754,52.923462],[4.746442,52.923314],[4.747103,52.923125],[4.74773,52.922898],[4.748318,52.922636],[4.748859,52.92234],[4.74935,52.922013],[4.749786,52.921659],[4.750161,52.921281],[4.750474,52.920883],[4.75072,52.920468],[4.750898,52.92004],[4.751005,52.919604],[4.751041,52.919164],[4.751005,52.918724],[4.750898,52.918288],[4.75072,52.91786],[4.750474,52.917445],[4.750161,52.917047],[4.749786,52.916669],[4.74935,52.916314],[4.748859,52.915988],[4.748318,52.915692],[4.74773,52.915429],[4.747103,52.915203],[4.746442,52.915014],[4.745754,52.914866],[4.745045,52.914759],[4.744322,52.914694],[4.743592,52.914672],[4.742861,52.914694],[4.742138,52.914759],[4.741429,52.914866],[4.740741,52.915014],[4.74008,52.915203],[4.739453,52.915429],[4.738866,52.915692],[4.738324,52.915988],[4.737833,52.916314],[4.737398,52.916669],[4.737022,52.917047],[4.736709,52.917445],[4.736463,52.91786],[4.736285,52.918288],[4.736178,52.918724],[4.736142,52.919164],[4.736178,52.919604],[4.736285,52.92004],[4.736463,52.920468],[4.736709,52.920883],[4.737022,52.921281],[4.737398,52.921659],[4.737833,52.922013],[4.738324,52.92234],[4.738866,52.922636],[4.739453,52.922898],[4.74008,52.923125],[4.740741,52.923314],[4.741429,52.923462],[4.742138,52.923569],[4.742861,52.923634],[4.743592,52.923655]]]}},{"type":"Feature","properties":{"identifier":"6.2.68","name":"Gebied met verbod vanuit beveiligingsoverwegingen","restriction":"CONDITIONAL","rule":"OPEN cat. vluchten zijn hier verboden SPEC cat. vluchten vereisen een privilege op de exploitatievergunning","category":"beveiligd","source":"AIP Nederland ENR 5.3, ED-269, 22 juli 2024"},"geometry":{"type":"Polygon","coordinates":[[[5.281111,52.261992],[5.28183,52.26197],[5.282543,52.261905],[5.283241,52.261798],[5.283919,52.26165],[5.28457,52.261461],[5.285188,52.261235],[5.285766,52.260972],[5.2863,52.260676],[5.286783,52.260349],[5.287212,52.259995],[5.287582,52.259617],[5.28789,52.259219],[5.288133,52.258804],[5.288308,52.258376],[5.288414,52.25794],[5.288449,52.2575],[5.288414,52.25706],[5.288308,52.256624],[5.288133,52.256196],[5.28789,52.255781],[5.287582,52.255383],[5.287212,52.255005],[5.286783,52.254651],[5.2863,52.254324],[5.285766,52.254028],[5.285188,52.253765],[5.28457,52.253539],[5.283919,52.25335],[5.283241,52.253202],[5.282543,52.253095],[5.28183,52.25303],[5.281111,52.253008],[5.280392,52.25303],[5.27968,52.253095],[5.278981,52.253202],[5.278303,52.25335],[5.277652,52.253539],[5.277034,52.253765],[5.276456,52.254028],[5.275922,52.254324],[5.275439,52.254651],[5.27501,52.255005],[5.27464,52.255383],[5.274332,52.255781],[5.274089,52.256196],[5.273914,52.256624],[5.273809,52.25706],[5.273773,52.2575],[5.273809,52.25794],[5.273914,52.258376],[5.274089,52.258804],[5.274332,52.259219],[5.27464,52.259617],[5.27501,52.259995],[5.275439,52.260349],[5.275922,52.260676],[5.276456,52.260972],[5.277034,52.261235],[5.277652,52.261461],[5.278303,52.26165],[5.278981,52.261798],[5.27968,52.261905],[5.280392,52.26197],[5.281111,52.261992]]]}},{"type":"Feature","properties":{"identifier":"6.2.69","name":"Gebied met verbod vanuit beveiligingsoverwegingen","restriction":"CONDITIONAL","rule":"OPEN cat. vluchten zijn hier verboden SPEC cat. vluchten vereisen een privilege op de exploitatievergunning","category":"beveiligd","source":"AIP Nederland ENR 5.3, ED-269, 22 juli 2024"},"geometry":{"type":"Polygon","coordinates":[[[6.859303,53.340364],[6.86004,53.340342],[6.86077,53.340277],[6.861486,53.34017],[6.862181,53.340022],[6.862849,53.339833],[6.863482,53.339607],[6.864075,53.339344],[6.864622,53.339048],[6.865117,53.338722],[6.865557,53.338368],[6.865937,53.33799],[6.866252,53.337591],[6.866501,53.337176],[6.86668,53.336748],[6.866789,53.336312],[6.866825,53.335872],[6.866789,53.335432],[6.86668,53.334996],[6.866501,53.334568],[6.866252,53.334153],[6.865937,53.333755],[6.865557,53.333377],[6.865117,53.333023],[6.864622,53.332696],[6.864075,53.3324],[6.863482,53.332138],[6.862849,53.331911],[6.862181,53.331723],[6.861486,53.331574],[6.86077,53.331467],[6.86004,53.331402],[6.859303,53.331381],[6.858565,53.331402],[6.857835,53.331467],[6.857119,53.331574],[6.856424,53.331723],[6.855757,53.331911],[6.855124,53.332138],[6.854531,53.3324],[6.853984,53.332696],[6.853488,53.333023],[6.853048,53.333377],[6.852669,53.333755],[6.852353,53.334153],[6.852105,53.334568],[6.851925,53.334996],[6.851817,53.335432],[6.851781,53.335872],[6.851817,53.336312],[6.851925,53.336748],[6.852105,53.337176],[6.852353,53.337591],[6.852669,53.33799],[6.853048,53.338368],[6.853488,53.338722],[6.853984,53.339048],[6.854531,53.339344],[6.855124,53.339607],[6.855757,53.339833],[6.856424,53.340022],[6.857119,53.34017],[6.857835,53.340277],[6.858565,53.340342],[6.859303,53.340364]]]}},{"type":"Feature","properties":{"identifier":"6.2.70","name":"Gebied met verbod vanuit beveiligingsoverwegingen","restriction":"CONDITIONAL","rule":"OPEN cat. vluchten zijn hier verboden SPEC cat. vluchten vereisen een privilege op de exploitatievergunning","category":"beveiligd","source":"AIP Nederland ENR 5.3, ED-269, 22 juli 2024"},"geometry":{"type":"Polygon","coordinates":[[[6.270278,52.264769],[6.270997,52.264748],[6.271709,52.264683],[6.272408,52.264576],[6.273086,52.264427],[6.273737,52.264239],[6.274355,52.264012],[6.274933,52.26375],[6.275467,52.263454],[6.27595,52.263127],[6.276379,52.262773],[6.27675,52.262395],[6.277057,52.261997],[6.2773,52.261582],[6.277475,52.261154],[6.277581,52.260718],[6.277616,52.260278],[6.277581,52.259838],[6.277475,52.259402],[6.2773,52.258974],[6.277057,52.258559],[6.27675,52.25816],[6.276379,52.257782],[6.27595,52.257428],[6.275467,52.257102],[6.274933,52.256806],[6.274355,52.256543],[6.273737,52.256317],[6.273086,52.256128],[6.272408,52.25598],[6.271709,52.255873],[6.270997,52.255808],[6.270278,52.255786],[6.269559,52.255808],[6.268846,52.255873],[6.268148,52.25598],[6.26747,52.256128],[6.266819,52.256317],[6.266201,52.256543],[6.265622,52.256806],[6.265089,52.257102],[6.264605,52.257428],[6.264176,52.257782],[6.263806,52.25816],[6.263498,52.258559],[6.263255,52.258974],[6.263081,52.259402],[6.262975,52.259838],[6.26294,52.260278],[6.262975,52.260718],[6.263081,52.261154],[6.263255,52.261582],[6.263498,52.261997],[6.263806,52.262395],[6.264176,52.262773],[6.264605,52.263127],[6.265089,52.263454],[6.265622,52.26375],[6.266201,52.264012],[6.266819,52.264239],[6.26747,52.264427],[6.268148,52.264576],[6.268846,52.264683],[6.269559,52.264748],[6.270278,52.264769]]]}},{"type":"Feature","properties":{"identifier":"6.2.71","name":"Gebied met verbod vanuit beveiligingsoverwegingen","restriction":"CONDITIONAL","rule":"OPEN cat. vluchten zijn hier verboden SPEC cat. vluchten vereisen een privilege op de exploitatievergunning","category":"beveiligd","source":"AIP Nederland ENR 5.3, ED-269, 22 juli 2024"},"geometry":{"type":"Polygon","coordinates":[[[4.790278,52.95588],[4.791008,52.955859],[4.791732,52.955794],[4.792442,52.955687],[4.793131,52.955539],[4.793792,52.95535],[4.79442,52.955123],[4.795007,52.954861],[4.795549,52.954565],[4.796041,52.954238],[4.796476,52.953884],[4.796852,52.953506],[4.797165,52.953108],[4.797412,52.952693],[4.79759,52.952265],[4.797697,52.951829],[4.797733,52.951389],[4.797697,52.950949],[4.79759,52.950513],[4.797412,52.950085],[4.797165,52.94967],[4.796852,52.949272],[4.796476,52.948894],[4.796041,52.948539],[4.795549,52.948213],[4.795007,52.947917],[4.79442,52.947654],[4.793792,52.947428],[4.793131,52.947239],[4.792442,52.947091],[4.791732,52.946984],[4.791008,52.946919],[4.790278,52.946897],[4.789547,52.946919],[4.788823,52.946984],[4.788114,52.947091],[4.787425,52.947239],[4.786764,52.947428],[4.786136,52.947654],[4.785548,52.947917],[4.785006,52.948213],[4.784515,52.948539],[4.784079,52.948894],[4.783703,52.949272],[4.78339,52.94967],[4.783144,52.950085],[4.782966,52.950513],[4.782859,52.950949],[4.782823,52.951389],[4.782859,52.951829],[4.782966,52.952265],[4.783144,52.952693],[4.78339,52.953108],[4.783703,52.953506],[4.784079,52.953884],[4.784515,52.954238],[4.785006,52.954565],[4.785548,52.954861],[4.786136,52.955123],[4.786764,52.95535],[4.787425,52.955539],[4.788114,52.955687],[4.788823,52.955794],[4.789547,52.955859],[4.790278,52.95588]]]}},{"type":"Feature","properties":{"identifier":"6.2.72","name":"Gebied met verbod vanuit beveiligingsoverwegingen","restriction":"CONDITIONAL","rule":"OPEN cat. vluchten zijn hier verboden SPEC cat. vluchten vereisen een privilege op de exploitatievergunning","category":"beveiligd","source":"AIP Nederland ENR 5.3, ED-269, 22 juli 2024"},"geometry":{"type":"Polygon","coordinates":[[[4.789722,52.95088],[4.790453,52.950859],[4.791176,52.950794],[4.791886,52.950687],[4.792575,52.950539],[4.793236,52.95035],[4.793864,52.950123],[4.794451,52.949861],[4.794993,52.949565],[4.795484,52.949238],[4.79592,52.948884],[4.796296,52.948506],[4.796609,52.948108],[4.796855,52.947693],[4.797033,52.947265],[4.79714,52.946829],[4.797176,52.946389],[4.79714,52.945949],[4.797033,52.945513],[4.796855,52.945085],[4.796609,52.94467],[4.796296,52.944272],[4.79592,52.943894],[4.795484,52.943539],[4.794993,52.943213],[4.794451,52.942917],[4.793864,52.942654],[4.793236,52.942428],[4.792575,52.942239],[4.791886,52.942091],[4.791176,52.941984],[4.790453,52.941919],[4.789722,52.941897],[4.788992,52.941919],[4.788268,52.941984],[4.787558,52.942091],[4.78687,52.942239],[4.786208,52.942428],[4.785581,52.942654],[4.784993,52.942917],[4.784451,52.943213],[4.78396,52.943539],[4.783524,52.943894],[4.783148,52.944272],[4.782836,52.94467],[4.782589,52.945085],[4.782411,52.945513],[4.782304,52.945949],[4.782268,52.946389],[4.782304,52.946829],[4.782411,52.947265],[4.782589,52.947693],[4.782836,52.948108],[4.783148,52.948506],[4.783524,52.948884],[4.78396,52.949238],[4.784451,52.949565],[4.784993,52.949861],[4.785581,52.950123],[4.786208,52.95035],[4.78687,52.950539],[4.787558,52.950687],[4.788268,52.950794],[4.788992,52.950859],[4.789722,52.95088]]]}},{"type":"Feature","properties":{"identifier":"6.2.73","name":"Gebied met verbod vanuit beveiligingsoverwegingen","restriction":"CONDITIONAL","rule":"OPEN cat. vluchten zijn hier verboden SPEC cat. vluchten vereisen een privilege op de exploitatievergunning","category":"beveiligd","source":"AIP Nederland ENR 5.3, ED-269, 22 juli 2024"},"geometry":{"type":"Polygon","coordinates":[[[6.7225,52.646714],[6.723226,52.646692],[6.723944,52.646627],[6.724649,52.64652],[6.725333,52.646372],[6.725989,52.646183],[6.726612,52.645957],[6.727196,52.645694],[6.727734,52.645398],[6.728222,52.645072],[6.728655,52.644718],[6.729028,52.64434],[6.729339,52.643941],[6.729583,52.643526],[6.72976,52.643098],[6.729867,52.642662],[6.729902,52.642222],[6.729867,52.641782],[6.72976,52.641346],[6.729583,52.640918],[6.729339,52.640503],[6.729028,52.640105],[6.728655,52.639727],[6.728222,52.639373],[6.727734,52.639046],[6.727196,52.63875],[6.726612,52.638488],[6.725989,52.638261],[6.725333,52.638073],[6.724649,52.637924],[6.723944,52.637817],[6.723226,52.637752],[6.7225,52.637731],[6.721774,52.637752],[6.721056,52.637817],[6.720351,52.637924],[6.719667,52.638073],[6.719011,52.638261],[6.718388,52.638488],[6.717804,52.63875],[6.717266,52.639046],[6.716778,52.639373],[6.716345,52.639727],[6.715972,52.640105],[6.715661,52.640503],[6.715417,52.640918],[6.71524,52.641346],[6.715133,52.641782],[6.715098,52.642222],[6.715133,52.642662],[6.71524,52.643098],[6.715417,52.643526],[6.715661,52.643941],[6.715972,52.64434],[6.716345,52.644718],[6.716778,52.645072],[6.717266,52.645398],[6.717804,52.645694],[6.718388,52.645957],[6.719011,52.646183],[6.719667,52.646372],[6.720351,52.64652],[6.721056,52.646627],[6.721774,52.646692],[6.7225,52.646714]]]}},{"type":"Feature","properties":{"identifier":"6.2.74","name":"Gebied met verbod vanuit beveiligingsoverwegingen","restriction":"CONDITIONAL","rule":"OPEN cat. vluchten zijn hier verboden SPEC cat. vluchten vereisen een privilege op de exploitatievergunning","category":"beveiligd","source":"AIP Nederland ENR 5.3, ED-269, 22 juli 2024"},"geometry":{"type":"Polygon","coordinates":[[[6.417222,53.034769],[6.417954,53.034748],[6.418679,53.034683],[6.41939,53.034576],[6.42008,53.034427],[6.420743,53.034239],[6.421372,53.034012],[6.42196,53.03375],[6.422503,53.033454],[6.422996,53.033127],[6.423432,53.032773],[6.423809,53.032395],[6.424122,53.031997],[6.424369,53.031582],[6.424547,53.031154],[6.424655,53.030718],[6.424691,53.030278],[6.424655,53.029838],[6.424547,53.029402],[6.424369,53.028974],[6.424122,53.028559],[6.423809,53.02816],[6.423432,53.027782],[6.422996,53.027428],[6.422503,53.027102],[6.42196,53.026806],[6.421372,53.026543],[6.420743,53.026317],[6.42008,53.026128],[6.41939,53.02598],[6.418679,53.025873],[6.417954,53.025808],[6.417222,53.025786],[6.41649,53.025808],[6.415765,53.025873],[6.415054,53.02598],[6.414364,53.026128],[6.413702,53.026317],[6.413073,53.026543],[6.412484,53.026806],[6.411941,53.027102],[6.411449,53.027428],[6.411012,53.027782],[6.410635,53.02816],[6.410322,53.028559],[6.410075,53.028974],[6.409897,53.029402],[6.40979,53.029838],[6.409754,53.030278],[6.40979,53.030718],[6.409897,53.031154],[6.410075,53.031582],[6.410322,53.031997],[6.410635,53.032395],[6.411012,53.032773],[6.411449,53.033127],[6.411941,53.033454],[6.412484,53.03375],[6.413073,53.034012],[6.413702,53.034239],[6.414364,53.034427],[6.415054,53.034576],[6.415765,53.034683],[6.41649,53.034748],[6.417222,53.034769]]]}},{"type":"Feature","properties":{"identifier":"6.2.75","name":"Gebied met verbod vanuit beveiligingsoverwegingen","restriction":"CONDITIONAL","rule":"OPEN cat. vluchten zijn hier verboden SPEC cat. vluchten vereisen een privilege op de exploitatievergunning","category":"beveiligd","source":"AIP Nederland ENR 5.3, ED-269, 22 juli 2024"},"geometry":{"type":"Polygon","coordinates":[[[6.412222,52.765603],[6.41295,52.765581],[6.41367,52.765516],[6.414377,52.765409],[6.415063,52.765261],[6.415721,52.765072],[6.416346,52.764846],[6.416931,52.764583],[6.417471,52.764287],[6.41796,52.763961],[6.418394,52.763606],[6.418768,52.763228],[6.41908,52.76283],[6.419325,52.762415],[6.419502,52.761987],[6.419609,52.761551],[6.419645,52.761111],[6.419609,52.760671],[6.419502,52.760235],[6.419325,52.759807],[6.41908,52.759392],[6.418768,52.758994],[6.418394,52.758616],[6.41796,52.758262],[6.417471,52.757935],[6.416931,52.757639],[6.416346,52.757377],[6.415721,52.75715],[6.415063,52.756961],[6.414377,52.756813],[6.41367,52.756706],[6.41295,52.756641],[6.412222,52.75662],[6.411495,52.756641],[6.410774,52.756706],[6.410068,52.756813],[6.409382,52.756961],[6.408723,52.75715],[6.408099,52.757377],[6.407514,52.757639],[6.406974,52.757935],[6.406485,52.758262],[6.406051,52.758616],[6.405676,52.758994],[6.405365,52.759392],[6.405119,52.759807],[6.404942,52.760235],[6.404836,52.760671],[6.4048,52.761111],[6.404836,52.761551],[6.404942,52.761987],[6.405119,52.762415],[6.405365,52.76283],[6.405676,52.763228],[6.406051,52.763606],[6.406485,52.763961],[6.406974,52.764287],[6.407514,52.764583],[6.408099,52.764846],[6.408723,52.765072],[6.409382,52.765261],[6.410068,52.765409],[6.410774,52.765516],[6.411495,52.765581],[6.412222,52.765603]]]}},{"type":"Feature","properties":{"identifier":"6.2.76","name":"Gebied met verbod vanuit beveiligingsoverwegingen","restriction":"CONDITIONAL","rule":"OPEN cat. vluchten zijn hier verboden SPEC cat. vluchten vereisen een privilege op de exploitatievergunning","category":"beveiligd","source":"AIP Nederland ENR 5.3, ED-269, 22 juli 2024"},"geometry":{"type":"Polygon","coordinates":[[[4.926944,51.500603],[4.927652,51.500581],[4.928352,51.500516],[4.929039,51.500409],[4.929705,51.500261],[4.930345,51.500072],[4.930953,51.499846],[4.931521,51.499583],[4.932046,51.499287],[4.932521,51.498961],[4.932943,51.498606],[4.933307,51.498228],[4.93361,51.49783],[4.933848,51.497415],[4.93402,51.496987],[4.934124,51.496551],[4.934159,51.496111],[4.934124,51.495671],[4.93402,51.495235],[4.933848,51.494807],[4.93361,51.494392],[4.933307,51.493994],[4.932943,51.493616],[4.932521,51.493262],[4.932046,51.492935],[4.931521,51.492639],[4.930953,51.492377],[4.930345,51.49215],[4.929705,51.491961],[4.929039,51.491813],[4.928352,51.491706],[4.927652,51.491641],[4.926944,51.49162],[4.926237,51.491641],[4.925537,51.491706],[4.92485,51.491813],[4.924184,51.491961],[4.923544,51.49215],[4.922936,51.492377],[4.922368,51.492639],[4.921843,51.492935],[4.921367,51.493262],[4.920946,51.493616],[4.920582,51.493994],[4.920279,51.494392],[4.920041,51.494807],[4.919868,51.495235],[4.919765,51.495671],[4.91973,51.496111],[4.919765,51.496551],[4.919868,51.496987],[4.920041,51.497415],[4.920279,51.49783],[4.920582,51.498228],[4.920946,51.498606],[4.921367,51.498961],[4.921843,51.499287],[4.922368,51.499583],[4.922936,51.499846],[4.923544,51.500072],[4.924184,51.500261],[4.92485,51.500409],[4.925537,51.500516],[4.926237,51.500581],[4.926944,51.500603]]]}},{"type":"Feature","properties":{"identifier":"6.2.77","name":"Gebied met verbod vanuit beveiligingsoverwegingen","restriction":"CONDITIONAL","rule":"OPEN cat. vluchten zijn hier verboden SPEC cat. vluchten vereisen een privilege op de exploitatievergunning","category":"beveiligd","source":"AIP Nederland ENR 5.3, ED-269, 22 juli 2024"},"geometry":{"type":"Polygon","coordinates":[[[6.259444,52.641714],[6.26017,52.641692],[6.260888,52.641627],[6.261593,52.64152],[6.262277,52.641372],[6.262933,52.641183],[6.263556,52.640957],[6.26414,52.640694],[6.264678,52.640398],[6.265166,52.640072],[6.265598,52.639718],[6.265972,52.63934],[6.266282,52.638941],[6.266527,52.638526],[6.266704,52.638098],[6.26681,52.637662],[6.266846,52.637222],[6.26681,52.636782],[6.266704,52.636346],[6.266527,52.635918],[6.266282,52.635503],[6.265972,52.635105],[6.265598,52.634727],[6.265166,52.634373],[6.264678,52.634046],[6.26414,52.63375],[6.263556,52.633488],[6.262933,52.633261],[6.262277,52.633073],[6.261593,52.632924],[6.260888,52.632817],[6.26017,52.632752],[6.259444,52.632731],[6.258719,52.632752],[6.258001,52.632817],[6.257296,52.632924],[6.256612,52.633073],[6.255955,52.633261],[6.255332,52.633488],[6.254749,52.63375],[6.254211,52.634046],[6.253723,52.634373],[6.25329,52.634727],[6.252917,52.635105],[6.252606,52.635503],[6.252362,52.635918],[6.252185,52.636346],[6.252079,52.636782],[6.252043,52.637222],[6.252079,52.637662],[6.252185,52.638098],[6.252362,52.638526],[6.252606,52.638941],[6.252917,52.63934],[6.25329,52.639718],[6.253723,52.640072],[6.254211,52.640398],[6.254749,52.640694],[6.255332,52.640957],[6.255955,52.641183],[6.256612,52.641372],[6.257296,52.64152],[6.258001,52.641627],[6.258719,52.641692],[6.259444,52.641714]]]}},{"type":"Feature","properties":{"identifier":"6.2.78","name":"Gebied met verbod vanuit beveiligingsoverwegingen","restriction":"CONDITIONAL","rule":"OPEN cat. vluchten zijn hier verboden SPEC cat. vluchten vereisen een privilege op de exploitatievergunning","category":"beveiligd","source":"AIP Nederland ENR 5.3, ED-269, 22 juli 2024"},"geometry":{"type":"Polygon","coordinates":[[[5.986111,50.944492],[5.98681,50.94447],[5.987502,50.944405],[5.98818,50.944298],[5.988839,50.94415],[5.989471,50.943961],[5.990071,50.943735],[5.990633,50.943472],[5.991151,50.943176],[5.991621,50.942849],[5.992038,50.942495],[5.992397,50.942117],[5.992696,50.941719],[5.992932,50.941304],[5.993102,50.940876],[5.993205,50.94044],[5.993239,50.94],[5.993205,50.93956],[5.993102,50.939124],[5.992932,50.938696],[5.992696,50.938281],[5.992397,50.937883],[5.992038,50.937505],[5.991621,50.937151],[5.991151,50.936824],[5.990633,50.936528],[5.990071,50.936265],[5.989471,50.936039],[5.988839,50.93585],[5.98818,50.935702],[5.987502,50.935595],[5.98681,50.93553],[5.986111,50.935508],[5.985412,50.93553],[5.984721,50.935595],[5.984042,50.935702],[5.983383,50.93585],[5.982751,50.936039],[5.982151,50.936265],[5.981589,50.936528],[5.981071,50.936824],[5.980601,50.937151],[5.980184,50.937505],[5.979825,50.937883],[5.979526,50.938281],[5.97929,50.938696],[5.97912,50.939124],[5.979017,50.93956],[5.978983,50.94],[5.979017,50.94044],[5.97912,50.940876],[5.97929,50.941304],[5.979526,50.941719],[5.979825,50.942117],[5.980184,50.942495],[5.980601,50.942849],[5.981071,50.943176],[5.981589,50.943472],[5.982151,50.943735],[5.982751,50.943961],[5.983383,50.94415],[5.984042,50.944298],[5.984721,50.944405],[5.985412,50.94447],[5.986111,50.944492]]]}},{"type":"Feature","properties":{"identifier":"6.2.79","name":"Gebied met verbod vanuit beveiligingsoverwegingen","restriction":"CONDITIONAL","rule":"OPEN cat. vluchten zijn hier verboden SPEC cat. vluchten vereisen een privilege op de exploitatievergunning","category":"beveiligd","source":"AIP Nederland ENR 5.3, ED-269, 22 juli 2024"},"geometry":{"type":"Polygon","coordinates":[[[6.216111,53.288936],[6.216848,53.288914],[6.217577,53.28885],[6.218292,53.288743],[6.218986,53.288594],[6.219653,53.288406],[6.220285,53.288179],[6.220877,53.287916],[6.221424,53.28762],[6.221919,53.287294],[6.222358,53.28694],[6.222737,53.286562],[6.223052,53.286163],[6.223301,53.285748],[6.22348,53.285321],[6.223588,53.284885],[6.223624,53.284444],[6.223588,53.284004],[6.22348,53.283568],[6.223301,53.283141],[6.223052,53.282726],[6.222737,53.282327],[6.222358,53.281949],[6.221919,53.281595],[6.221424,53.281268],[6.220877,53.280972],[6.220285,53.28071],[6.219653,53.280483],[6.218986,53.280295],[6.218292,53.280146],[6.217577,53.280039],[6.216848,53.279974],[6.216111,53.279953],[6.215375,53.279974],[6.214645,53.280039],[6.21393,53.280146],[6.213236,53.280295],[6.21257,53.280483],[6.211937,53.28071],[6.211345,53.280972],[6.210799,53.281268],[6.210304,53.281595],[6.209864,53.281949],[6.209485,53.282327],[6.20917,53.282726],[6.208922,53.283141],[6.208742,53.283568],[6.208634,53.284004],[6.208598,53.284444],[6.208634,53.284885],[6.208742,53.285321],[6.208922,53.285748],[6.20917,53.286163],[6.209485,53.286562],[6.209864,53.28694],[6.210304,53.287294],[6.210799,53.28762],[6.211345,53.287916],[6.211937,53.288179],[6.21257,53.288406],[6.213236,53.288594],[6.21393,53.288743],[6.214645,53.28885],[6.215375,53.288914],[6.216111,53.288936]]]}},{"type":"Feature","properties":{"identifier":"6.2.80","name":"Gebied met verbod vanuit beveiligingsoverwegingen","restriction":"CONDITIONAL","rule":"OPEN cat. vluchten zijn hier verboden SPEC cat. vluchten vereisen een privilege op de exploitatievergunning","category":"beveiligd","source":"AIP Nederland ENR 5.3, ED-269, 22 juli 2024"},"geometry":{"type":"Polygon","coordinates":[[[4.325278,52.101714],[4.325994,52.101692],[4.326704,52.101627],[4.3274,52.10152],[4.328076,52.101372],[4.328724,52.101183],[4.32934,52.100957],[4.329916,52.100694],[4.330448,52.100398],[4.33093,52.100072],[4.331357,52.099718],[4.331726,52.09934],[4.332033,52.098941],[4.332274,52.098526],[4.332449,52.098098],[4.332554,52.097662],[4.332589,52.097222],[4.332554,52.096782],[4.332449,52.096346],[4.332274,52.095918],[4.332033,52.095503],[4.331726,52.095105],[4.331357,52.094727],[4.33093,52.094373],[4.330448,52.094046],[4.329916,52.09375],[4.32934,52.093488],[4.328724,52.093261],[4.328076,52.093073],[4.3274,52.092924],[4.326704,52.092817],[4.325994,52.092752],[4.325278,52.092731],[4.324561,52.092752],[4.323851,52.092817],[4.323155,52.092924],[4.32248,52.093073],[4.321831,52.093261],[4.321216,52.093488],[4.320639,52.09375],[4.320108,52.094046],[4.319626,52.094373],[4.319199,52.094727],[4.31883,52.095105],[4.318523,52.095503],[4.318281,52.095918],[4.318107,52.096346],[4.318002,52.096782],[4.317966,52.097222],[4.318002,52.097662],[4.318107,52.098098],[4.318281,52.098526],[4.318523,52.098941],[4.31883,52.09934],[4.319199,52.099718],[4.319626,52.100072],[4.320108,52.100398],[4.320639,52.100694],[4.321216,52.100957],[4.321831,52.101183],[4.32248,52.101372],[4.323155,52.10152],[4.323851,52.101627],[4.324561,52.101692],[4.325278,52.101714]]]}},{"type":"Feature","properties":{"identifier":"6.2.81","name":"Gebied met verbod vanuit beveiligingsoverwegingen","restriction":"CONDITIONAL","rule":"OPEN cat. vluchten zijn hier verboden SPEC cat. vluchten vereisen een privilege op de exploitatievergunning","category":"beveiligd","source":"AIP Nederland ENR 5.3, ED-269, 22 juli 2024"},"geometry":{"type":"Polygon","coordinates":[[[4.324444,52.113936],[4.325161,52.113914],[4.325871,52.11385],[4.326567,52.113743],[4.327243,52.113594],[4.327892,52.113406],[4.328508,52.113179],[4.329084,52.112916],[4.329616,52.11262],[4.330098,52.112294],[4.330525,52.11194],[4.330894,52.111562],[4.331201,52.111163],[4.331443,52.110748],[4.331617,52.110321],[4.331723,52.109885],[4.331758,52.109444],[4.331723,52.109004],[4.331617,52.108568],[4.331443,52.108141],[4.331201,52.107726],[4.330894,52.107327],[4.330525,52.106949],[4.330098,52.106595],[4.329616,52.106268],[4.329084,52.105972],[4.328508,52.10571],[4.327892,52.105483],[4.327243,52.105295],[4.326567,52.105146],[4.325871,52.105039],[4.325161,52.104974],[4.324444,52.104953],[4.323728,52.104974],[4.323018,52.105039],[4.322321,52.105146],[4.321646,52.105295],[4.320997,52.105483],[4.320381,52.10571],[4.319805,52.105972],[4.319273,52.106268],[4.318791,52.106595],[4.318364,52.106949],[4.317995,52.107327],[4.317688,52.107726],[4.317446,52.108141],[4.317272,52.108568],[4.317166,52.109004],[4.317131,52.109444],[4.317166,52.109885],[4.317272,52.110321],[4.317446,52.110748],[4.317688,52.111163],[4.317995,52.111562],[4.318364,52.11194],[4.318791,52.112294],[4.319273,52.11262],[4.319805,52.112916],[4.320381,52.113179],[4.320997,52.113406],[4.321646,52.113594],[4.322321,52.113743],[4.323018,52.11385],[4.323728,52.113914],[4.324444,52.113936]]]}},{"type":"Feature","properties":{"identifier":"6.2.82","name":"Gebied met verbod vanuit beveiligingsoverwegingen","restriction":"CONDITIONAL","rule":"OPEN cat. vluchten zijn hier verboden SPEC cat. vluchten vereisen een privilege op de exploitatievergunning","category":"beveiligd","source":"AIP Nederland ENR 5.3, ED-269, 22 juli 2024"},"geometry":{"type":"Polygon","coordinates":[[[5.147222,52.084769],[5.147939,52.084748],[5.148648,52.084683],[5.149344,52.084576],[5.150019,52.084427],[5.150667,52.084239],[5.151283,52.084012],[5.151859,52.08375],[5.15239,52.083454],[5.152872,52.083127],[5.153299,52.082773],[5.153668,52.082395],[5.153975,52.081997],[5.154216,52.081582],[5.15439,52.081154],[5.154496,52.080718],[5.154531,52.080278],[5.154496,52.079838],[5.15439,52.079402],[5.154216,52.078974],[5.153975,52.078559],[5.153668,52.07816],[5.153299,52.077782],[5.152872,52.077428],[5.15239,52.077102],[5.151859,52.076806],[5.151283,52.076543],[5.150667,52.076317],[5.150019,52.076128],[5.149344,52.07598],[5.148648,52.075873],[5.147939,52.075808],[5.147222,52.075786],[5.146506,52.075808],[5.145796,52.075873],[5.145101,52.07598],[5.144425,52.076128],[5.143777,52.076317],[5.143162,52.076543],[5.142586,52.076806],[5.142054,52.077102],[5.141573,52.077428],[5.141145,52.077782],[5.140777,52.07816],[5.14047,52.078559],[5.140228,52.078974],[5.140054,52.079402],[5.139949,52.079838],[5.139914,52.080278],[5.139949,52.080718],[5.140054,52.081154],[5.140228,52.081582],[5.14047,52.081997],[5.140777,52.082395],[5.141145,52.082773],[5.141573,52.083127],[5.142054,52.083454],[5.142586,52.08375],[5.143162,52.084012],[5.143777,52.084239],[5.144425,52.084427],[5.145101,52.084576],[5.145796,52.084683],[5.146506,52.084748],[5.147222,52.084769]]]}},{"type":"Feature","properties":{"identifier":"6.2.83","name":"Gebied met verbod vanuit beveiligingsoverwegingen","restriction":"CONDITIONAL","rule":"OPEN cat. vluchten zijn hier verboden SPEC cat. vluchten vereisen een privilege op de exploitatievergunning","category":"beveiligd","source":"AIP Nederland ENR 5.3, ED-269, 22 juli 2024"},"geometry":{"type":"Polygon","coordinates":[[[5.62,53.261992],[5.620736,53.26197],[5.621465,53.261905],[5.62218,53.261798],[5.622873,53.26165],[5.623539,53.261461],[5.624171,53.261235],[5.624763,53.260972],[5.625309,53.260676],[5.625804,53.260349],[5.626243,53.259995],[5.626622,53.259617],[5.626937,53.259219],[5.627185,53.258804],[5.627364,53.258376],[5.627472,53.25794],[5.627508,53.2575],[5.627472,53.25706],[5.627364,53.256624],[5.627185,53.256196],[5.626937,53.255781],[5.626622,53.255383],[5.626243,53.255005],[5.625804,53.254651],[5.625309,53.254324],[5.624763,53.254028],[5.624171,53.253765],[5.623539,53.253539],[5.622873,53.25335],[5.62218,53.253202],[5.621465,53.253095],[5.620736,53.25303],[5.62,53.253008],[5.619264,53.25303],[5.618535,53.253095],[5.61782,53.253202],[5.617127,53.25335],[5.616461,53.253539],[5.615829,53.253765],[5.615237,53.254028],[5.614691,53.254324],[5.614196,53.254651],[5.613757,53.255005],[5.613378,53.255383],[5.613063,53.255781],[5.612815,53.256196],[5.612636,53.256624],[5.612528,53.25706],[5.612492,53.2575],[5.612528,53.25794],[5.612636,53.258376],[5.612815,53.258804],[5.613063,53.259219],[5.613378,53.259617],[5.613757,53.259995],[5.614196,53.260349],[5.614691,53.260676],[5.615237,53.260972],[5.615829,53.261235],[5.616461,53.261461],[5.617127,53.26165],[5.61782,53.261798],[5.618535,53.261905],[5.619264,53.26197],[5.62,53.261992]]]}},{"type":"Feature","properties":{"identifier":"6.2.84","name":"Gebied met verbod vanuit beveiligingsoverwegingen","restriction":"CONDITIONAL","rule":"OPEN cat. vluchten zijn hier verboden SPEC cat. vluchten vereisen een privilege op de exploitatievergunning","category":"beveiligd","source":"AIP Nederland ENR 5.3, ED-269, 22 juli 2024"},"geometry":{"type":"Polygon","coordinates":[[[4.568889,51.530047],[4.569597,51.530026],[4.570297,51.529961],[4.570985,51.529854],[4.571652,51.529705],[4.572292,51.529517],[4.5729,51.52929],[4.573469,51.529028],[4.573994,51.528732],[4.574469,51.528405],[4.574891,51.528051],[4.575256,51.527673],[4.575559,51.527274],[4.575797,51.526859],[4.575969,51.526432],[4.576073,51.525996],[4.576108,51.525556],[4.576073,51.525115],[4.575969,51.524679],[4.575797,51.524252],[4.575559,51.523837],[4.575256,51.523438],[4.574891,51.52306],[4.574469,51.522706],[4.573994,51.52238],[4.573469,51.522084],[4.5729,51.521821],[4.572292,51.521594],[4.571652,51.521406],[4.570985,51.521257],[4.570297,51.52115],[4.569597,51.521086],[4.568889,51.521064],[4.568181,51.521086],[4.56748,51.52115],[4.566793,51.521257],[4.566126,51.521406],[4.565486,51.521594],[4.564878,51.521821],[4.564309,51.522084],[4.563784,51.52238],[4.563308,51.522706],[4.562886,51.52306],[4.562522,51.523438],[4.562219,51.523837],[4.56198,51.524252],[4.561808,51.524679],[4.561704,51.525115],[4.56167,51.525556],[4.561704,51.525996],[4.561808,51.526432],[4.56198,51.526859],[4.562219,51.527274],[4.562522,51.527673],[4.562886,51.528051],[4.563308,51.528405],[4.563784,51.528732],[4.564309,51.529028],[4.564878,51.52929],[4.565486,51.529517],[4.566126,51.529705],[4.566793,51.529854],[4.56748,51.529961],[4.568181,51.530026],[4.568889,51.530047]]]}},{"type":"Feature","properties":{"identifier":"6.2.85","name":"Gebied met verbod vanuit beveiligingsoverwegingen","restriction":"CONDITIONAL","rule":"OPEN cat. vluchten zijn hier verboden SPEC cat. vluchten vereisen een privilege op de exploitatievergunning","category":"beveiligd","source":"AIP Nederland ENR 5.3, ED-269, 22 juli 2024"},"geometry":{"type":"Polygon","coordinates":[[[4.942222,51.621714],[4.942931,51.621692],[4.943633,51.621627],[4.944322,51.62152],[4.94499,51.621372],[4.945632,51.621183],[4.946241,51.620957],[4.946811,51.620694],[4.947337,51.620398],[4.947814,51.620072],[4.948237,51.619718],[4.948602,51.61934],[4.948905,51.618941],[4.949145,51.618526],[4.949317,51.618098],[4.949421,51.617662],[4.949456,51.617222],[4.949421,51.616782],[4.949317,51.616346],[4.949145,51.615918],[4.948905,51.615503],[4.948602,51.615105],[4.948237,51.614727],[4.947814,51.614373],[4.947337,51.614046],[4.946811,51.61375],[4.946241,51.613488],[4.945632,51.613261],[4.94499,51.613073],[4.944322,51.612924],[4.943633,51.612817],[4.942931,51.612752],[4.942222,51.612731],[4.941513,51.612752],[4.940811,51.612817],[4.940122,51.612924],[4.939454,51.613073],[4.938812,51.613261],[4.938203,51.613488],[4.937633,51.61375],[4.937107,51.614046],[4.93663,51.614373],[4.936208,51.614727],[4.935843,51.615105],[4.935539,51.615503],[4.9353,51.615918],[4.935127,51.616346],[4.935023,51.616782],[4.934988,51.617222],[4.935023,51.617662],[4.935127,51.618098],[4.9353,51.618526],[4.935539,51.618941],[4.935843,51.61934],[4.936208,51.619718],[4.93663,51.620072],[4.937107,51.620398],[4.937633,51.620694],[4.938203,51.620957],[4.938812,51.621183],[4.939454,51.621372],[4.940122,51.62152],[4.940811,51.621627],[4.941513,51.621692],[4.942222,51.621714]]]}},{"type":"Feature","properties":{"identifier":"6.2.86","name":"Gebied met verbod vanuit beveiligingsoverwegingen","restriction":"CONDITIONAL","rule":"OPEN cat. vluchten zijn hier verboden SPEC cat. vluchten vereisen een privilege op de exploitatievergunning","category":"beveiligd","source":"AIP Nederland ENR 5.3, ED-269, 22 juli 2024"},"geometry":{"type":"Polygon","coordinates":[[[4.801111,52.961992],[4.801842,52.96197],[4.802566,52.961905],[4.803275,52.961798],[4.803964,52.96165],[4.804626,52.961461],[4.805253,52.961235],[4.805841,52.960972],[4.806383,52.960676],[4.806875,52.960349],[4.807311,52.959995],[4.807687,52.959617],[4.808,52.959219],[4.808246,52.958804],[4.808424,52.958376],[4.808531,52.95794],[4.808567,52.9575],[4.808531,52.95706],[4.808424,52.956624],[4.808246,52.956196],[4.808,52.955781],[4.807687,52.955383],[4.807311,52.955005],[4.806875,52.954651],[4.806383,52.954324],[4.805841,52.954028],[4.805253,52.953765],[4.804626,52.953539],[4.803964,52.95335],[4.803275,52.953202],[4.802566,52.953095],[4.801842,52.95303],[4.801111,52.953008],[4.80038,52.95303],[4.799657,52.953095],[4.798947,52.953202],[4.798258,52.95335],[4.797596,52.953539],[4.796969,52.953765],[4.796381,52.954028],[4.795839,52.954324],[4.795348,52.954651],[4.794912,52.955005],[4.794535,52.955383],[4.794223,52.955781],[4.793976,52.956196],[4.793798,52.956624],[4.793691,52.95706],[4.793655,52.9575],[4.793691,52.95794],[4.793798,52.958376],[4.793976,52.958804],[4.794223,52.959219],[4.794535,52.959617],[4.794912,52.959995],[4.795348,52.960349],[4.795839,52.960676],[4.796381,52.960972],[4.796969,52.961235],[4.797596,52.961461],[4.798258,52.96165],[4.798947,52.961798],[4.799657,52.961905],[4.80038,52.96197],[4.801111,52.961992]]]}},{"type":"Feature","properties":{"identifier":"6.2.87","name":"Gebied met verbod vanuit beveiligingsoverwegingen","restriction":"CONDITIONAL","rule":"OPEN cat. vluchten zijn hier verboden SPEC cat. vluchten vereisen een privilege op de exploitatievergunning","category":"beveiligd","source":"AIP Nederland ENR 5.3, ED-269, 22 juli 2024"},"geometry":{"type":"Polygon","coordinates":[[[4.7325,52.966158],[4.733231,52.966137],[4.733955,52.966072],[4.734665,52.965965],[4.735354,52.965816],[4.736015,52.965628],[4.736643,52.965401],[4.737231,52.965139],[4.737773,52.964843],[4.738264,52.964516],[4.7387,52.964162],[4.739076,52.963784],[4.739389,52.963386],[4.739636,52.962971],[4.739813,52.962543],[4.739921,52.962107],[4.739957,52.961667],[4.739921,52.961226],[4.739813,52.96079],[4.739636,52.960363],[4.739389,52.959948],[4.739076,52.959549],[4.7387,52.959171],[4.738264,52.958817],[4.737773,52.958491],[4.737231,52.958195],[4.736643,52.957932],[4.736015,52.957705],[4.735354,52.957517],[4.734665,52.957368],[4.733955,52.957261],[4.733231,52.957197],[4.7325,52.957175],[4.731769,52.957197],[4.731045,52.957261],[4.730335,52.957368],[4.729646,52.957517],[4.728985,52.957705],[4.728357,52.957932],[4.727769,52.958195],[4.727227,52.958491],[4.726736,52.958817],[4.7263,52.959171],[4.725924,52.959549],[4.725611,52.959948],[4.725364,52.960363],[4.725187,52.96079],[4.725079,52.961226],[4.725043,52.961667],[4.725079,52.962107],[4.725187,52.962543],[4.725364,52.962971],[4.725611,52.963386],[4.725924,52.963784],[4.7263,52.964162],[4.726736,52.964516],[4.727227,52.964843],[4.727769,52.965139],[4.728357,52.965401],[4.728985,52.965628],[4.729646,52.965816],[4.730335,52.965965],[4.731045,52.966072],[4.731769,52.966137],[4.7325,52.966158]]]}},{"type":"Feature","properties":{"identifier":"6.2.88","name":"Gebied met verbod vanuit beveiligingsoverwegingen","restriction":"CONDITIONAL","rule":"OPEN cat. vluchten zijn hier verboden SPEC cat. vluchten vereisen een privilege op de exploitatievergunning","category":"beveiligd","source":"AIP Nederland ENR 5.3, ED-269, 22 juli 2024"},"geometry":{"type":"Polygon","coordinates":[[[4.917778,52.377269],[4.918499,52.377248],[4.919213,52.377183],[4.919913,52.377076],[4.920593,52.376927],[4.921246,52.376739],[4.921865,52.376512],[4.922445,52.37625],[4.92298,52.375954],[4.923465,52.375627],[4.923895,52.375273],[4.924266,52.374895],[4.924575,52.374497],[4.924818,52.374082],[4.924993,52.373654],[4.925099,52.373218],[4.925135,52.372778],[4.925099,52.372338],[4.924993,52.371902],[4.924818,52.371474],[4.924575,52.371059],[4.924266,52.37066],[4.923895,52.370282],[4.923465,52.369928],[4.92298,52.369602],[4.922445,52.369306],[4.921865,52.369043],[4.921246,52.368817],[4.920593,52.368628],[4.919913,52.36848],[4.919213,52.368373],[4.918499,52.368308],[4.917778,52.368286],[4.917057,52.368308],[4.916343,52.368373],[4.915642,52.36848],[4.914962,52.368628],[4.91431,52.368817],[4.91369,52.369043],[4.913111,52.369306],[4.912576,52.369602],[4.912091,52.369928],[4.911661,52.370282],[4.91129,52.37066],[4.910981,52.371059],[4.910738,52.371474],[4.910562,52.371902],[4.910456,52.372338],[4.910421,52.372778],[4.910456,52.373218],[4.910562,52.373654],[4.910738,52.374082],[4.910981,52.374497],[4.91129,52.374895],[4.911661,52.375273],[4.912091,52.375627],[4.912576,52.375954],[4.913111,52.37625],[4.91369,52.376512],[4.91431,52.376739],[4.914962,52.376927],[4.915642,52.377076],[4.916343,52.377183],[4.917057,52.377248],[4.917778,52.377269]]]}},{"type":"Feature","properties":{"identifier":"6.2.89","name":"Gebied met verbod vanuit beveiligingsoverwegingen","restriction":"CONDITIONAL","rule":"OPEN cat. vluchten zijn hier verboden SPEC cat. vluchten vereisen een privilege op de exploitatievergunning","category":"beveiligd","source":"AIP Nederland ENR 5.3, ED-269, 22 juli 2024"},"geometry":{"type":"Polygon","coordinates":[[[4.527222,51.913936],[4.527936,51.913914],[4.528643,51.91385],[4.529336,51.913743],[4.530008,51.913594],[4.530654,51.913406],[4.531267,51.913179],[4.531841,51.912916],[4.532371,51.91262],[4.53285,51.912294],[4.533276,51.91194],[4.533643,51.911562],[4.533949,51.911163],[4.53419,51.910748],[4.534363,51.910321],[4.534468,51.909885],[4.534503,51.909444],[4.534468,51.909004],[4.534363,51.908568],[4.53419,51.908141],[4.533949,51.907726],[4.533643,51.907327],[4.533276,51.906949],[4.53285,51.906595],[4.532371,51.906268],[4.531841,51.905972],[4.531267,51.90571],[4.530654,51.905483],[4.530008,51.905295],[4.529336,51.905146],[4.528643,51.905039],[4.527936,51.904974],[4.527222,51.904953],[4.526509,51.904974],[4.525802,51.905039],[4.525109,51.905146],[4.524436,51.905295],[4.52379,51.905483],[4.523177,51.90571],[4.522603,51.905972],[4.522074,51.906268],[4.521594,51.906595],[4.521168,51.906949],[4.520801,51.907327],[4.520496,51.907726],[4.520255,51.908141],[4.520081,51.908568],[4.519976,51.909004],[4.519941,51.909444],[4.519976,51.909885],[4.520081,51.910321],[4.520255,51.910748],[4.520496,51.911163],[4.520801,51.911562],[4.521168,51.91194],[4.521594,51.912294],[4.522074,51.91262],[4.522603,51.912916],[4.523177,51.913179],[4.52379,51.913406],[4.524436,51.913594],[4.525109,51.913743],[4.525802,51.91385],[4.526509,51.913914],[4.527222,51.913936]]]}},{"type":"Feature","properties":{"identifier":"6.2.90","name":"Gebied met verbod vanuit beveiligingsoverwegingen","restriction":"CONDITIONAL","rule":"OPEN cat. vluchten zijn hier verboden SPEC cat. vluchten vereisen een privilege op de exploitatievergunning","category":"beveiligd","source":"AIP Nederland ENR 5.3, ED-269, 22 juli 2024"},"geometry":{"type":"Polygon","coordinates":[[[5.326944,52.050325],[5.32766,52.050303],[5.328369,52.050239],[5.329064,52.050132],[5.329739,52.049983],[5.330387,52.049795],[5.331002,52.049568],[5.331577,52.049305],[5.332108,52.049009],[5.33259,52.048683],[5.333017,52.048329],[5.333385,52.047951],[5.333692,52.047552],[5.333933,52.047137],[5.334107,52.04671],[5.334212,52.046274],[5.334247,52.045833],[5.334212,52.045393],[5.334107,52.044957],[5.333933,52.044529],[5.333692,52.044114],[5.333385,52.043716],[5.333017,52.043338],[5.33259,52.042984],[5.332108,52.042657],[5.331577,52.042361],[5.331002,52.042099],[5.330387,52.041872],[5.329739,52.041684],[5.329064,52.041535],[5.328369,52.041428],[5.32766,52.041363],[5.326944,52.041342],[5.326229,52.041363],[5.32552,52.041428],[5.324824,52.041535],[5.32415,52.041684],[5.323502,52.041872],[5.322887,52.042099],[5.322311,52.042361],[5.32178,52.042657],[5.321299,52.042984],[5.320872,52.043338],[5.320504,52.043716],[5.320197,52.044114],[5.319956,52.044529],[5.319782,52.044957],[5.319677,52.045393],[5.319641,52.045833],[5.319677,52.046274],[5.319782,52.04671],[5.319956,52.047137],[5.320197,52.047552],[5.320504,52.047951],[5.320872,52.048329],[5.321299,52.048683],[5.32178,52.049009],[5.322311,52.049305],[5.322887,52.049568],[5.323502,52.049795],[5.32415,52.049983],[5.324824,52.050132],[5.32552,52.050239],[5.326229,52.050303],[5.326944,52.050325]]]}},{"type":"Feature","properties":{"identifier":"6.2.91","name":"Gebied met verbod vanuit beveiligingsoverwegingen","restriction":"CONDITIONAL","rule":"OPEN cat. vluchten zijn hier verboden SPEC cat. vluchten vereisen een privilege op de exploitatievergunning","category":"beveiligd","source":"AIP Nederland ENR 5.3, ED-269, 22 juli 2024"},"geometry":{"type":"Polygon","coordinates":[[[4.788056,52.928103],[4.788786,52.928081],[4.789509,52.928016],[4.790218,52.927909],[4.790907,52.927761],[4.791568,52.927572],[4.792195,52.927346],[4.792782,52.927083],[4.793324,52.926787],[4.793815,52.926461],[4.79425,52.926106],[4.794626,52.925728],[4.794939,52.92533],[4.795185,52.924915],[4.795363,52.924487],[4.79547,52.924051],[4.795506,52.923611],[4.79547,52.923171],[4.795363,52.922735],[4.795185,52.922307],[4.794939,52.921892],[4.794626,52.921494],[4.79425,52.921116],[4.793815,52.920762],[4.793324,52.920435],[4.792782,52.920139],[4.792195,52.919877],[4.791568,52.91965],[4.790907,52.919461],[4.790218,52.919313],[4.789509,52.919206],[4.788786,52.919141],[4.788056,52.91912],[4.787325,52.919141],[4.786602,52.919206],[4.785893,52.919313],[4.785204,52.919461],[4.784544,52.91965],[4.783916,52.919877],[4.783329,52.920139],[4.782787,52.920435],[4.782296,52.920762],[4.781861,52.921116],[4.781485,52.921494],[4.781172,52.921892],[4.780926,52.922307],[4.780749,52.922735],[4.780641,52.923171],[4.780605,52.923611],[4.780641,52.924051],[4.780749,52.924487],[4.780926,52.924915],[4.781172,52.92533],[4.781485,52.925728],[4.781861,52.926106],[4.782296,52.926461],[4.782787,52.926787],[4.783329,52.927083],[4.783916,52.927346],[4.784544,52.927572],[4.785204,52.927761],[4.785893,52.927909],[4.786602,52.928016],[4.787325,52.928081],[4.788056,52.928103]]]}},{"type":"Feature","properties":{"identifier":"6.2.92","name":"Gebied met verbod vanuit beveiligingsoverwegingen","restriction":"CONDITIONAL","rule":"OPEN cat. vluchten zijn hier verboden SPEC cat. vluchten vereisen een privilege op de exploitatievergunning","category":"beveiligd","source":"AIP Nederland ENR 5.3, ED-269, 22 juli 2024"},"geometry":{"type":"Polygon","coordinates":[[[5.318333,52.131158],[5.31905,52.131137],[5.319761,52.131072],[5.320457,52.130965],[5.321133,52.130816],[5.321782,52.130628],[5.322398,52.130401],[5.322975,52.130139],[5.323507,52.129843],[5.323989,52.129516],[5.324417,52.129162],[5.324786,52.128784],[5.325093,52.128386],[5.325335,52.127971],[5.325509,52.127543],[5.325614,52.127107],[5.32565,52.126667],[5.325614,52.126226],[5.325509,52.12579],[5.325335,52.125363],[5.325093,52.124948],[5.324786,52.124549],[5.324417,52.124171],[5.323989,52.123817],[5.323507,52.123491],[5.322975,52.123195],[5.322398,52.122932],[5.321782,52.122705],[5.321133,52.122517],[5.320457,52.122368],[5.319761,52.122261],[5.31905,52.122197],[5.318333,52.122175],[5.317616,52.122197],[5.316906,52.122261],[5.31621,52.122368],[5.315534,52.122517],[5.314884,52.122705],[5.314269,52.122932],[5.313692,52.123195],[5.31316,52.123491],[5.312678,52.123817],[5.31225,52.124171],[5.311881,52.124549],[5.311574,52.124948],[5.311332,52.125363],[5.311158,52.12579],[5.311052,52.126226],[5.311017,52.126667],[5.311052,52.127107],[5.311158,52.127543],[5.311332,52.127971],[5.311574,52.128386],[5.311881,52.128784],[5.31225,52.129162],[5.312678,52.129516],[5.31316,52.129843],[5.313692,52.130139],[5.314269,52.130401],[5.314884,52.130628],[5.315534,52.130816],[5.31621,52.130965],[5.316906,52.131072],[5.317616,52.131137],[5.318333,52.131158]]]}},{"type":"Feature","properties":{"identifier":"6.2.93","name":"Gebied met verbod vanuit beveiligingsoverwegingen","restriction":"CONDITIONAL","rule":"OPEN cat. vluchten zijn hier verboden SPEC cat. vluchten vereisen een privilege op de exploitatievergunning","category":"beveiligd","source":"AIP Nederland ENR 5.3, ED-269, 22 juli 2024"},"geometry":{"type":"Polygon","coordinates":[[[6.261667,53.366158],[6.262404,53.366137],[6.263135,53.366072],[6.263852,53.365965],[6.264547,53.365816],[6.265215,53.365628],[6.265848,53.365401],[6.266441,53.365139],[6.266989,53.364843],[6.267485,53.364516],[6.267925,53.364162],[6.268305,53.363784],[6.26862,53.363386],[6.268869,53.362971],[6.269049,53.362543],[6.269157,53.362107],[6.269193,53.361667],[6.269157,53.361226],[6.269049,53.36079],[6.268869,53.360363],[6.26862,53.359948],[6.268305,53.359549],[6.267925,53.359171],[6.267485,53.358817],[6.266989,53.358491],[6.266441,53.358195],[6.265848,53.357932],[6.265215,53.357705],[6.264547,53.357517],[6.263852,53.357368],[6.263135,53.357261],[6.262404,53.357197],[6.261667,53.357175],[6.260929,53.357197],[6.260198,53.357261],[6.259482,53.357368],[6.258786,53.357517],[6.258119,53.357705],[6.257485,53.357932],[6.256892,53.358195],[6.256345,53.358491],[6.255849,53.358817],[6.255409,53.359171],[6.255029,53.359549],[6.254713,53.359948],[6.254464,53.360363],[6.254285,53.36079],[6.254176,53.361226],[6.25414,53.361667],[6.254176,53.362107],[6.254285,53.362543],[6.254464,53.362971],[6.254713,53.363386],[6.255029,53.363784],[6.255409,53.364162],[6.255849,53.364516],[6.256345,53.364843],[6.256892,53.365139],[6.257485,53.365401],[6.258119,53.365628],[6.258786,53.365816],[6.259482,53.365965],[6.260198,53.366072],[6.260929,53.366137],[6.261667,53.366158]]]}},{"type":"Feature","properties":{"identifier":"6.2.94","name":"Gebied met verbod vanuit beveiligingsoverwegingen","restriction":"CONDITIONAL","rule":"OPEN cat. vluchten zijn hier verboden SPEC cat. vluchten vereisen een privilege op de exploitatievergunning","category":"beveiligd","source":"AIP Nederland ENR 5.3, ED-269, 22 juli 2024"},"geometry":{"type":"Polygon","coordinates":[[[5.353056,52.152269],[5.353773,52.152248],[5.354484,52.152183],[5.35518,52.152076],[5.355857,52.151927],[5.356506,52.151739],[5.357122,52.151512],[5.357699,52.15125],[5.358231,52.150954],[5.358714,52.150627],[5.359142,52.150273],[5.359511,52.149895],[5.359818,52.149497],[5.36006,52.149082],[5.360235,52.148654],[5.36034,52.148218],[5.360375,52.147778],[5.36034,52.147338],[5.360235,52.146902],[5.36006,52.146474],[5.359818,52.146059],[5.359511,52.14566],[5.359142,52.145282],[5.358714,52.144928],[5.358231,52.144602],[5.357699,52.144306],[5.357122,52.144043],[5.356506,52.143817],[5.355857,52.143628],[5.35518,52.14348],[5.354484,52.143373],[5.353773,52.143308],[5.353056,52.143286],[5.352338,52.143308],[5.351628,52.143373],[5.350931,52.14348],[5.350254,52.143628],[5.349605,52.143817],[5.348989,52.144043],[5.348412,52.144306],[5.34788,52.144602],[5.347397,52.144928],[5.346969,52.145282],[5.3466,52.14566],[5.346293,52.146059],[5.346051,52.146474],[5.345876,52.146902],[5.345771,52.147338],[5.345736,52.147778],[5.345771,52.148218],[5.345876,52.148654],[5.346051,52.149082],[5.346293,52.149497],[5.3466,52.149895],[5.346969,52.150273],[5.347397,52.150627],[5.34788,52.150954],[5.348412,52.15125],[5.348989,52.151512],[5.349605,52.151739],[5.350254,52.151927],[5.350931,52.152076],[5.351628,52.152183],[5.352338,52.152248],[5.353056,52.152269]]]}},{"type":"Feature","properties":{"identifier":"6.2.95","name":"Gebied met verbod vanuit beveiligingsoverwegingen","restriction":"CONDITIONAL","rule":"OPEN cat. vluchten zijn hier verboden SPEC cat. vluchten vereisen een privilege op de exploitatievergunning","category":"beveiligd","source":"AIP Nederland ENR 5.3, ED-269, 22 juli 2024"},"geometry":{"type":"Polygon","coordinates":[[[4.3125,52.106714],[4.313217,52.106692],[4.313927,52.106627],[4.314623,52.10652],[4.315298,52.106372],[4.315947,52.106183],[4.316562,52.105957],[4.317139,52.105694],[4.317671,52.105398],[4.318152,52.105072],[4.31858,52.104718],[4.318949,52.10434],[4.319256,52.103941],[4.319497,52.103526],[4.319672,52.103098],[4.319777,52.102662],[4.319812,52.102222],[4.319777,52.101782],[4.319672,52.101346],[4.319497,52.100918],[4.319256,52.100503],[4.318949,52.100105],[4.31858,52.099727],[4.318152,52.099373],[4.317671,52.099046],[4.317139,52.09875],[4.316562,52.098488],[4.315947,52.098261],[4.315298,52.098073],[4.314623,52.097924],[4.313927,52.097817],[4.313217,52.097752],[4.3125,52.097731],[4.311783,52.097752],[4.311073,52.097817],[4.310377,52.097924],[4.309702,52.098073],[4.309053,52.098261],[4.308438,52.098488],[4.307861,52.09875],[4.307329,52.099046],[4.306848,52.099373],[4.30642,52.099727],[4.306051,52.100105],[4.305744,52.100503],[4.305503,52.100918],[4.305328,52.101346],[4.305223,52.101782],[4.305188,52.102222],[4.305223,52.102662],[4.305328,52.103098],[4.305503,52.103526],[4.305744,52.103941],[4.306051,52.10434],[4.30642,52.104718],[4.306848,52.105072],[4.307329,52.105398],[4.307861,52.105694],[4.308438,52.105957],[4.309053,52.106183],[4.309702,52.106372],[4.310377,52.10652],[4.311073,52.106627],[4.311783,52.106692],[4.3125,52.106714]]]}},{"type":"Feature","properties":{"identifier":"6.2.96","name":"Gebied met verbod vanuit beveiligingsoverwegingen","restriction":"CONDITIONAL","rule":"OPEN cat. vluchten zijn hier verboden SPEC cat. vluchten vereisen een privilege op de exploitatievergunning","category":"beveiligd","source":"AIP Nederland ENR 5.3, ED-269, 22 juli 2024"},"geometry":{"type":"Polygon","coordinates":[[[5.763333,52.129214],[5.76405,52.129192],[5.764761,52.129127],[5.765457,52.12902],[5.766133,52.128872],[5.766782,52.128683],[5.767398,52.128457],[5.767975,52.128194],[5.768506,52.127898],[5.768989,52.127572],[5.769416,52.127218],[5.769785,52.12684],[5.770092,52.126441],[5.770334,52.126026],[5.770509,52.125598],[5.770614,52.125162],[5.770649,52.124722],[5.770614,52.124282],[5.770509,52.123846],[5.770334,52.123418],[5.770092,52.123003],[5.769785,52.122605],[5.769416,52.122227],[5.768989,52.121873],[5.768506,52.121546],[5.767975,52.12125],[5.767398,52.120988],[5.766782,52.120761],[5.766133,52.120573],[5.765457,52.120424],[5.764761,52.120317],[5.76405,52.120252],[5.763333,52.120231],[5.762616,52.120252],[5.761906,52.120317],[5.76121,52.120424],[5.760534,52.120573],[5.759885,52.120761],[5.759269,52.120988],[5.758692,52.12125],[5.75816,52.121546],[5.757678,52.121873],[5.75725,52.122227],[5.756881,52.122605],[5.756574,52.123003],[5.756332,52.123418],[5.756158,52.123846],[5.756053,52.124282],[5.756017,52.124722],[5.756053,52.125162],[5.756158,52.125598],[5.756332,52.126026],[5.756574,52.126441],[5.756881,52.12684],[5.75725,52.127218],[5.757678,52.127572],[5.75816,52.127898],[5.758692,52.128194],[5.759269,52.128457],[5.759885,52.128683],[5.760534,52.128872],[5.76121,52.12902],[5.761906,52.129127],[5.762616,52.129192],[5.763333,52.129214]]]}},{"type":"Feature","properties":{"identifier":"6.2.97","name":"Gebied met verbod vanuit beveiligingsoverwegingen","restriction":"CONDITIONAL","rule":"OPEN cat. vluchten zijn hier verboden SPEC cat. vluchten vereisen een privilege op de exploitatievergunning","category":"beveiligd","source":"AIP Nederland ENR 5.3, ED-269, 22 juli 2024"},"geometry":{"type":"Polygon","coordinates":[[[5.897778,52.408658],[5.898499,52.408637],[5.899214,52.408572],[5.899915,52.408465],[5.900595,52.408316],[5.901248,52.408128],[5.901868,52.407901],[5.902448,52.407639],[5.902984,52.407343],[5.903469,52.407016],[5.903899,52.406662],[5.904271,52.406284],[5.90458,52.405886],[5.904823,52.405471],[5.904998,52.405043],[5.905105,52.404607],[5.90514,52.404167],[5.905105,52.403726],[5.904998,52.40329],[5.904823,52.402863],[5.90458,52.402448],[5.904271,52.402049],[5.903899,52.401671],[5.903469,52.401317],[5.902984,52.400991],[5.902448,52.400695],[5.901868,52.400432],[5.901248,52.400205],[5.900595,52.400017],[5.899915,52.399868],[5.899214,52.399761],[5.898499,52.399697],[5.897778,52.399675],[5.897056,52.399697],[5.896341,52.399761],[5.895641,52.399868],[5.89496,52.400017],[5.894307,52.400205],[5.893688,52.400432],[5.893107,52.400695],[5.892572,52.400991],[5.892087,52.401317],[5.891656,52.401671],[5.891285,52.402049],[5.890976,52.402448],[5.890733,52.402863],[5.890557,52.40329],[5.890451,52.403726],[5.890416,52.404167],[5.890451,52.404607],[5.890557,52.405043],[5.890733,52.405471],[5.890976,52.405886],[5.891285,52.406284],[5.891656,52.406662],[5.892087,52.407016],[5.892572,52.407343],[5.893107,52.407639],[5.893688,52.407901],[5.894307,52.408128],[5.89496,52.408316],[5.895641,52.408465],[5.896341,52.408572],[5.897056,52.408637],[5.897778,52.408658]]]}},{"type":"Feature","properties":{"identifier":"6.2.98","name":"Gebied met verbod vanuit beveiligingsoverwegingen","restriction":"CONDITIONAL","rule":"OPEN cat. vluchten zijn hier verboden SPEC cat. vluchten vereisen een privilege op de exploitatievergunning","category":"beveiligd","source":"AIP Nederland ENR 5.3, ED-269, 22 juli 2024"},"geometry":{"type":"Polygon","coordinates":[[[5.854444,51.538936],[5.855152,51.538914],[5.855853,51.53885],[5.85654,51.538743],[5.857208,51.538594],[5.857848,51.538406],[5.858456,51.538179],[5.859025,51.537916],[5.85955,51.53762],[5.860026,51.537294],[5.860448,51.53694],[5.860813,51.536562],[5.861115,51.536163],[5.861354,51.535748],[5.861526,51.535321],[5.86163,51.534885],[5.861665,51.534444],[5.86163,51.534004],[5.861526,51.533568],[5.861354,51.533141],[5.861115,51.532726],[5.860813,51.532327],[5.860448,51.531949],[5.860026,51.531595],[5.85955,51.531268],[5.859025,51.530972],[5.858456,51.53071],[5.857848,51.530483],[5.857208,51.530295],[5.85654,51.530146],[5.855853,51.530039],[5.855152,51.529974],[5.854444,51.529953],[5.853737,51.529974],[5.853036,51.530039],[5.852348,51.530146],[5.851681,51.530295],[5.851041,51.530483],[5.850433,51.53071],[5.849864,51.530972],[5.849339,51.531268],[5.848863,51.531595],[5.848441,51.531949],[5.848076,51.532327],[5.847773,51.532726],[5.847535,51.533141],[5.847363,51.533568],[5.847259,51.534004],[5.847224,51.534444],[5.847259,51.534885],[5.847363,51.535321],[5.847535,51.535748],[5.847773,51.536163],[5.848076,51.536562],[5.848441,51.53694],[5.848863,51.537294],[5.849339,51.53762],[5.849864,51.537916],[5.850433,51.538179],[5.851041,51.538406],[5.851681,51.538594],[5.852348,51.538743],[5.853036,51.53885],[5.853737,51.538914],[5.854444,51.538936]]]}},{"type":"Feature","properties":{"identifier":"6.2.99","name":"Gebied met verbod vanuit beveiligingsoverwegingen","restriction":"CONDITIONAL","rule":"OPEN cat. vluchten zijn hier verboden SPEC cat. vluchten vereisen een privilege op de exploitatievergunning","category":"beveiligd","source":"AIP Nederland ENR 5.3, ED-269, 22 juli 2024"},"geometry":{"type":"Polygon","coordinates":[[[4.315833,52.083658],[4.31655,52.083637],[4.317259,52.083572],[4.317955,52.083465],[4.31863,52.083316],[4.319279,52.083128],[4.319894,52.082901],[4.32047,52.082639],[4.321001,52.082343],[4.321483,52.082016],[4.32191,52.081662],[4.322279,52.081284],[4.322585,52.080886],[4.322827,52.080471],[4.323001,52.080043],[4.323107,52.079607],[4.323142,52.079167],[4.323107,52.078726],[4.323001,52.07829],[4.322827,52.077863],[4.322585,52.077448],[4.322279,52.077049],[4.32191,52.076671],[4.321483,52.076317],[4.321001,52.075991],[4.32047,52.075695],[4.319894,52.075432],[4.319279,52.075205],[4.31863,52.075017],[4.317955,52.074868],[4.317259,52.074761],[4.31655,52.074697],[4.315833,52.074675],[4.315117,52.074697],[4.314408,52.074761],[4.313712,52.074868],[4.313037,52.075017],[4.312388,52.075205],[4.311773,52.075432],[4.311197,52.075695],[4.310665,52.075991],[4.310184,52.076317],[4.309757,52.076671],[4.309388,52.077049],[4.309081,52.077448],[4.30884,52.077863],[4.308665,52.07829],[4.30856,52.078726],[4.308525,52.079167],[4.30856,52.079607],[4.308665,52.080043],[4.30884,52.080471],[4.309081,52.080886],[4.309388,52.081284],[4.309757,52.081662],[4.310184,52.082016],[4.310665,52.082343],[4.311197,52.082639],[4.311773,52.082901],[4.312388,52.083128],[4.313037,52.083316],[4.313712,52.083465],[4.314408,52.083572],[4.315117,52.083637],[4.315833,52.083658]]]}},{"type":"Feature","properties":{"identifier":"6.2.100","name":"Gebied met verbod vanuit beveiligingsoverwegingen","restriction":"CONDITIONAL","rule":"OPEN cat. vluchten zijn hier verboden SPEC cat. vluchten vereisen een privilege op de exploitatievergunning","category":"beveiligd","source":"AIP Nederland ENR 5.3, ED-269, 22 juli 2024"},"geometry":{"type":"Polygon","coordinates":[[[5.871667,52.031714],[5.872382,52.031692],[5.873091,52.031627],[5.873786,52.03152],[5.87446,52.031372],[5.875108,52.031183],[5.875722,52.030957],[5.876298,52.030694],[5.876829,52.030398],[5.87731,52.030072],[5.877736,52.029718],[5.878105,52.02934],[5.878411,52.028941],[5.878652,52.028526],[5.878826,52.028098],[5.878931,52.027662],[5.878967,52.027222],[5.878931,52.026782],[5.878826,52.026346],[5.878652,52.025918],[5.878411,52.025503],[5.878105,52.025105],[5.877736,52.024727],[5.87731,52.024373],[5.876829,52.024046],[5.876298,52.02375],[5.875722,52.023488],[5.875108,52.023261],[5.87446,52.023073],[5.873786,52.022924],[5.873091,52.022817],[5.872382,52.022752],[5.871667,52.022731],[5.870951,52.022752],[5.870243,52.022817],[5.869548,52.022924],[5.868873,52.023073],[5.868225,52.023261],[5.867611,52.023488],[5.867036,52.02375],[5.866505,52.024046],[5.866024,52.024373],[5.865597,52.024727],[5.865229,52.025105],[5.864922,52.025503],[5.864681,52.025918],[5.864507,52.026346],[5.864402,52.026782],[5.864367,52.027222],[5.864402,52.027662],[5.864507,52.028098],[5.864681,52.028526],[5.864922,52.028941],[5.865229,52.02934],[5.865597,52.029718],[5.866024,52.030072],[5.866505,52.030398],[5.867036,52.030694],[5.867611,52.030957],[5.868225,52.031183],[5.868873,52.031372],[5.869548,52.03152],[5.870243,52.031627],[5.870951,52.031692],[5.871667,52.031714]]]}},{"type":"Feature","properties":{"identifier":"6.2.101","name":"Gebied met verbod vanuit beveiligingsoverwegingen","restriction":"CONDITIONAL","rule":"OPEN cat. vluchten zijn hier verboden SPEC cat. vluchten vereisen een privilege op de exploitatievergunning","category":"beveiligd","source":"AIP Nederland ENR 5.3, ED-269, 22 juli 2024"},"geometry":{"type":"Polygon","coordinates":[[[5.655278,52.306992],[5.655998,52.30697],[5.656711,52.306905],[5.65741,52.306798],[5.658089,52.30665],[5.65874,52.306461],[5.659359,52.306235],[5.659938,52.305972],[5.660472,52.305676],[5.660956,52.305349],[5.661385,52.304995],[5.661756,52.304617],[5.662064,52.304219],[5.662307,52.303804],[5.662482,52.303376],[5.662588,52.30294],[5.662623,52.3025],[5.662588,52.30206],[5.662482,52.301624],[5.662307,52.301196],[5.662064,52.300781],[5.661756,52.300383],[5.661385,52.300005],[5.660956,52.299651],[5.660472,52.299324],[5.659938,52.299028],[5.659359,52.298765],[5.65874,52.298539],[5.658089,52.29835],[5.65741,52.298202],[5.656711,52.298095],[5.655998,52.29803],[5.655278,52.298008],[5.654558,52.29803],[5.653845,52.298095],[5.653146,52.298202],[5.652467,52.29835],[5.651815,52.298539],[5.651197,52.298765],[5.650618,52.299028],[5.650084,52.299324],[5.6496,52.299651],[5.64917,52.300005],[5.6488,52.300383],[5.648492,52.300781],[5.648249,52.301196],[5.648074,52.301624],[5.647968,52.30206],[5.647933,52.3025],[5.647968,52.30294],[5.648074,52.303376],[5.648249,52.303804],[5.648492,52.304219],[5.6488,52.304617],[5.64917,52.304995],[5.6496,52.305349],[5.650084,52.305676],[5.650618,52.305972],[5.651197,52.306235],[5.651815,52.306461],[5.652467,52.30665],[5.653146,52.306798],[5.653845,52.306905],[5.654558,52.30697],[5.655278,52.306992]]]}},{"type":"Feature","properties":{"identifier":"6.2.102","name":"Gebied met verbod vanuit beveiligingsoverwegingen","restriction":"CONDITIONAL","rule":"OPEN cat. vluchten zijn hier verboden SPEC cat. vluchten vereisen een privilege op de exploitatievergunning","category":"beveiligd","source":"AIP Nederland ENR 5.3, ED-269, 22 juli 2024"},"geometry":{"type":"Polygon","coordinates":[[[5.996944,52.447825],[5.997667,52.447803],[5.998382,52.447739],[5.999083,52.447632],[5.999764,52.447483],[6.000418,52.447295],[6.001038,52.447068],[6.001619,52.446805],[6.002155,52.446509],[6.002641,52.446183],[6.003071,52.445829],[6.003443,52.445451],[6.003752,52.445052],[6.003996,52.444637],[6.004172,52.44421],[6.004278,52.443774],[6.004313,52.443333],[6.004278,52.442893],[6.004172,52.442457],[6.003996,52.442029],[6.003752,52.441614],[6.003443,52.441216],[6.003071,52.440838],[6.002641,52.440484],[6.002155,52.440157],[6.001619,52.439861],[6.001038,52.439599],[6.000418,52.439372],[5.999764,52.439184],[5.999083,52.439035],[5.998382,52.438928],[5.997667,52.438863],[5.996944,52.438842],[5.996222,52.438863],[5.995507,52.438928],[5.994805,52.439035],[5.994125,52.439184],[5.993471,52.439372],[5.992851,52.439599],[5.99227,52.439861],[5.991734,52.440157],[5.991248,52.440484],[5.990818,52.440838],[5.990446,52.441216],[5.990137,52.441614],[5.989893,52.442029],[5.989717,52.442457],[5.989611,52.442893],[5.989576,52.443333],[5.989611,52.443774],[5.989717,52.44421],[5.989893,52.444637],[5.990137,52.445052],[5.990446,52.445451],[5.990818,52.445829],[5.991248,52.446183],[5.991734,52.446509],[5.99227,52.446805],[5.992851,52.447068],[5.993471,52.447295],[5.994125,52.447483],[5.994805,52.447632],[5.995507,52.447739],[5.996222,52.447803],[5.996944,52.447825]]]}},{"type":"Feature","properties":{"identifier":"6.2.103","name":"Gebied met verbod vanuit beveiligingsoverwegingen","restriction":"CONDITIONAL","rule":"OPEN cat. vluchten zijn hier verboden SPEC cat. vluchten vereisen een privilege op de exploitatievergunning","category":"beveiligd","source":"AIP Nederland ENR 5.3, ED-269, 22 juli 2024"},"geometry":{"type":"Polygon","coordinates":[[[5.259444,51.663658],[5.260154,51.663637],[5.260857,51.663572],[5.261546,51.663465],[5.262215,51.663316],[5.262858,51.663128],[5.263467,51.662901],[5.264038,51.662639],[5.264564,51.662343],[5.265041,51.662016],[5.265465,51.661662],[5.26583,51.661284],[5.266134,51.660886],[5.266373,51.660471],[5.266546,51.660043],[5.26665,51.659607],[5.266685,51.659167],[5.26665,51.658726],[5.266546,51.65829],[5.266373,51.657863],[5.266134,51.657448],[5.26583,51.657049],[5.265465,51.656671],[5.265041,51.656317],[5.264564,51.655991],[5.264038,51.655695],[5.263467,51.655432],[5.262858,51.655205],[5.262215,51.655017],[5.261546,51.654868],[5.260857,51.654761],[5.260154,51.654697],[5.259444,51.654675],[5.258735,51.654697],[5.258032,51.654761],[5.257343,51.654868],[5.256674,51.655017],[5.256031,51.655205],[5.255422,51.655432],[5.254851,51.655695],[5.254325,51.655991],[5.253847,51.656317],[5.253424,51.656671],[5.253059,51.657049],[5.252755,51.657448],[5.252516,51.657863],[5.252343,51.65829],[5.252239,51.658726],[5.252204,51.659167],[5.252239,51.659607],[5.252343,51.660043],[5.252516,51.660471],[5.252755,51.660886],[5.253059,51.661284],[5.253424,51.661662],[5.253847,51.662016],[5.254325,51.662343],[5.254851,51.662639],[5.255422,51.662901],[5.256031,51.663128],[5.256674,51.663316],[5.257343,51.663465],[5.258032,51.663572],[5.258735,51.663637],[5.259444,51.663658]]]}},{"type":"Feature","properties":{"identifier":"6.2.104","name":"Gebied met verbod vanuit beveiligingsoverwegingen","restriction":"CONDITIONAL","rule":"OPEN cat. vluchten zijn hier verboden SPEC cat. vluchten vereisen een privilege op de exploitatievergunning","category":"beveiligd","source":"AIP Nederland ENR 5.3, ED-269, 22 juli 2024"},"geometry":{"type":"Polygon","coordinates":[[[5.375,51.481714],[5.375707,51.481692],[5.376407,51.481627],[5.377093,51.48152],[5.37776,51.481372],[5.3784,51.481183],[5.379007,51.480957],[5.379575,51.480694],[5.380099,51.480398],[5.380575,51.480072],[5.380996,51.479718],[5.38136,51.47934],[5.381663,51.478941],[5.381901,51.478526],[5.382073,51.478098],[5.382177,51.477662],[5.382212,51.477222],[5.382177,51.476782],[5.382073,51.476346],[5.381901,51.475918],[5.381663,51.475503],[5.38136,51.475105],[5.380996,51.474727],[5.380575,51.474373],[5.380099,51.474046],[5.379575,51.47375],[5.379007,51.473488],[5.3784,51.473261],[5.37776,51.473073],[5.377093,51.472924],[5.376407,51.472817],[5.375707,51.472752],[5.375,51.472731],[5.374293,51.472752],[5.373593,51.472817],[5.372907,51.472924],[5.37224,51.473073],[5.3716,51.473261],[5.370993,51.473488],[5.370425,51.47375],[5.369901,51.474046],[5.369425,51.474373],[5.369004,51.474727],[5.36864,51.475105],[5.368337,51.475503],[5.368099,51.475918],[5.367927,51.476346],[5.367823,51.476782],[5.367788,51.477222],[5.367823,51.477662],[5.367927,51.478098],[5.368099,51.478526],[5.368337,51.478941],[5.36864,51.47934],[5.369004,51.479718],[5.369425,51.480072],[5.369901,51.480398],[5.370425,51.480694],[5.370993,51.480957],[5.3716,51.481183],[5.37224,51.481372],[5.372907,51.48152],[5.373593,51.481627],[5.374293,51.481692],[5.375,51.481714]]]}},{"type":"Feature","properties":{"identifier":"6.2.105","name":"Gebied met verbod vanuit beveiligingsoverwegingen","restriction":"CONDITIONAL","rule":"OPEN cat. vluchten zijn hier verboden SPEC cat. vluchten vereisen een privilege op de exploitatievergunning","category":"beveiligd","source":"AIP Nederland ENR 5.3, ED-269, 22 juli 2024"},"geometry":{"type":"Polygon","coordinates":[[[6.671111,52.081992],[6.671827,52.08197],[6.672537,52.081905],[6.673233,52.081798],[6.673908,52.08165],[6.674556,52.081461],[6.675171,52.081235],[6.675747,52.080972],[6.676279,52.080676],[6.67676,52.080349],[6.677188,52.079995],[6.677556,52.079617],[6.677863,52.079219],[6.678105,52.078804],[6.678279,52.078376],[6.678384,52.07794],[6.678419,52.0775],[6.678384,52.07706],[6.678279,52.076624],[6.678105,52.076196],[6.677863,52.075781],[6.677556,52.075383],[6.677188,52.075005],[6.67676,52.074651],[6.676279,52.074324],[6.675747,52.074028],[6.675171,52.073765],[6.674556,52.073539],[6.673908,52.07335],[6.673233,52.073202],[6.672537,52.073095],[6.671827,52.07303],[6.671111,52.073008],[6.670395,52.07303],[6.669685,52.073095],[6.66899,52.073202],[6.668314,52.07335],[6.667666,52.073539],[6.667051,52.073765],[6.666475,52.074028],[6.665943,52.074324],[6.665462,52.074651],[6.665035,52.075005],[6.664666,52.075383],[6.664359,52.075781],[6.664118,52.076196],[6.663943,52.076624],[6.663838,52.07706],[6.663803,52.0775],[6.663838,52.07794],[6.663943,52.078376],[6.664118,52.078804],[6.664359,52.079219],[6.664666,52.079617],[6.665035,52.079995],[6.665462,52.080349],[6.665943,52.080676],[6.666475,52.080972],[6.667051,52.081235],[6.667666,52.081461],[6.668314,52.08165],[6.66899,52.081798],[6.669685,52.081905],[6.670395,52.08197],[6.671111,52.081992]]]}},{"type":"Feature","properties":{"identifier":"6.2.106","name":"Gebied met verbod vanuit beveiligingsoverwegingen","restriction":"CONDITIONAL","rule":"OPEN cat. vluchten zijn hier verboden SPEC cat. vluchten vereisen een privilege op de exploitatievergunning","category":"beveiligd","source":"AIP Nederland ENR 5.3, ED-269, 22 juli 2024"},"geometry":{"type":"Polygon","coordinates":[[[4.478333,51.53338],[4.479041,51.533359],[4.479742,51.533294],[4.480429,51.533187],[4.481096,51.533039],[4.481737,51.53285],[4.482344,51.532623],[4.482914,51.532361],[4.483438,51.532065],[4.483914,51.531738],[4.484336,51.531384],[4.484701,51.531006],[4.485004,51.530608],[4.485242,51.530193],[4.485414,51.529765],[4.485518,51.529329],[4.485553,51.528889],[4.485518,51.528449],[4.485414,51.528013],[4.485242,51.527585],[4.485004,51.52717],[4.484701,51.526772],[4.484336,51.526394],[4.483914,51.526039],[4.483438,51.525713],[4.482914,51.525417],[4.482344,51.525154],[4.481737,51.524928],[4.481096,51.524739],[4.480429,51.524591],[4.479742,51.524484],[4.479041,51.524419],[4.478333,51.524397],[4.477626,51.524419],[4.476925,51.524484],[4.476238,51.524591],[4.47557,51.524739],[4.47493,51.524928],[4.474322,51.525154],[4.473753,51.525417],[4.473228,51.525713],[4.472752,51.526039],[4.47233,51.526394],[4.471966,51.526772],[4.471663,51.52717],[4.471424,51.527585],[4.471252,51.528013],[4.471148,51.528449],[4.471114,51.528889],[4.471148,51.529329],[4.471252,51.529765],[4.471424,51.530193],[4.471663,51.530608],[4.471966,51.531006],[4.47233,51.531384],[4.472752,51.531738],[4.473228,51.532065],[4.473753,51.532361],[4.474322,51.532623],[4.47493,51.53285],[4.47557,51.533039],[4.476238,51.533187],[4.476925,51.533294],[4.477626,51.533359],[4.478333,51.53338]]]}},{"type":"Feature","properties":{"identifier":"6.2.107","name":"Gebied met verbod vanuit beveiligingsoverwegingen","restriction":"CONDITIONAL","rule":"OPEN cat. vluchten zijn hier verboden SPEC cat. vluchten vereisen een privilege op de exploitatievergunning","category":"beveiligd","source":"AIP Nederland ENR 5.3, ED-269, 22 juli 2024"},"geometry":{"type":"Polygon","coordinates":[[[4.485694,52.06813],[4.486411,52.068109],[4.48712,52.068044],[4.487815,52.067937],[4.48849,52.067789],[4.489138,52.0676],[4.489753,52.067373],[4.490329,52.067111],[4.490861,52.066815],[4.491342,52.066488],[4.491769,52.066134],[4.492138,52.065756],[4.492444,52.065358],[4.492686,52.064943],[4.49286,52.064515],[4.492965,52.064079],[4.493,52.063639],[4.492965,52.063199],[4.49286,52.062763],[4.492686,52.062335],[4.492444,52.06192],[4.492138,52.061522],[4.491769,52.061144],[4.491342,52.060789],[4.490861,52.060463],[4.490329,52.060167],[4.489753,52.059904],[4.489138,52.059678],[4.48849,52.059489],[4.487815,52.059341],[4.48712,52.059234],[4.486411,52.059169],[4.485694,52.059147],[4.484978,52.059169],[4.484269,52.059234],[4.483574,52.059341],[4.482899,52.059489],[4.48225,52.059678],[4.481635,52.059904],[4.48106,52.060167],[4.480528,52.060463],[4.480047,52.060789],[4.47962,52.061144],[4.479251,52.061522],[4.478945,52.06192],[4.478703,52.062335],[4.478529,52.062763],[4.478424,52.063199],[4.478389,52.063639],[4.478424,52.064079],[4.478529,52.064515],[4.478703,52.064943],[4.478945,52.065358],[4.479251,52.065756],[4.47962,52.066134],[4.480047,52.066488],[4.480528,52.066815],[4.48106,52.067111],[4.481635,52.067373],[4.48225,52.0676],[4.482899,52.067789],[4.483574,52.067937],[4.484269,52.068044],[4.484978,52.068109],[4.485694,52.06813]]]}},{"type":"Feature","properties":{"identifier":"6.2.108","name":"Gebied met verbod vanuit beveiligingsoverwegingen","restriction":"CONDITIONAL","rule":"OPEN cat. vluchten zijn hier verboden SPEC cat. vluchten vereisen een privilege op de exploitatievergunning","category":"beveiligd","source":"AIP Nederland ENR 5.3, ED-269, 22 juli 2024"},"geometry":{"type":"Polygon","coordinates":[[[4.488444,52.068575],[4.489161,52.068553],[4.48987,52.068489],[4.490565,52.068382],[4.49124,52.068233],[4.491888,52.068045],[4.492503,52.067818],[4.493079,52.067555],[4.493611,52.067259],[4.494092,52.066933],[4.494519,52.066579],[4.494888,52.066201],[4.495194,52.065802],[4.495436,52.065387],[4.49561,52.06496],[4.495715,52.064524],[4.49575,52.064083],[4.495715,52.063643],[4.49561,52.063207],[4.495436,52.062779],[4.495194,52.062364],[4.494888,52.061966],[4.494519,52.061588],[4.494092,52.061234],[4.493611,52.060907],[4.493079,52.060611],[4.492503,52.060349],[4.491888,52.060122],[4.49124,52.059934],[4.490565,52.059785],[4.48987,52.059678],[4.489161,52.059613],[4.488444,52.059592],[4.487728,52.059613],[4.487019,52.059678],[4.486324,52.059785],[4.485649,52.059934],[4.485,52.060122],[4.484385,52.060349],[4.48381,52.060611],[4.483278,52.060907],[4.482797,52.061234],[4.48237,52.061588],[4.482001,52.061966],[4.481695,52.062364],[4.481453,52.062779],[4.481279,52.063207],[4.481174,52.063643],[4.481138,52.064083],[4.481174,52.064524],[4.481279,52.06496],[4.481453,52.065387],[4.481695,52.065802],[4.482001,52.066201],[4.48237,52.066579],[4.482797,52.066933],[4.483278,52.067259],[4.48381,52.067555],[4.484385,52.067818],[4.485,52.068045],[4.485649,52.068233],[4.486324,52.068382],[4.487019,52.068489],[4.487728,52.068553],[4.488444,52.068575]]]}},{"type":"Feature","properties":{"identifier":"6.2.109","name":"Gebied met verbod vanuit beveiligingsoverwegingen","restriction":"CONDITIONAL","rule":"OPEN cat. vluchten zijn hier verboden SPEC cat. vluchten vereisen een privilege op de exploitatievergunning","category":"beveiligd","source":"AIP Nederland ENR 5.3, ED-269, 22 juli 2024"},"geometry":{"type":"Polygon","coordinates":[[[5.949194,52.241575],[5.949913,52.241553],[5.950625,52.241489],[5.951324,52.241382],[5.952001,52.241233],[5.952652,52.241045],[5.953269,52.240818],[5.953847,52.240555],[5.954381,52.240259],[5.954864,52.239933],[5.955293,52.239579],[5.955663,52.239201],[5.955971,52.238802],[5.956213,52.238387],[5.956388,52.23796],[5.956494,52.237524],[5.956529,52.237083],[5.956494,52.236643],[5.956388,52.236207],[5.956213,52.235779],[5.955971,52.235364],[5.955663,52.234966],[5.955293,52.234588],[5.954864,52.234234],[5.954381,52.233907],[5.953847,52.233611],[5.953269,52.233349],[5.952652,52.233122],[5.952001,52.232934],[5.951324,52.232785],[5.950625,52.232678],[5.949913,52.232613],[5.949194,52.232592],[5.948476,52.232613],[5.947764,52.232678],[5.947065,52.232785],[5.946388,52.232934],[5.945737,52.233122],[5.94512,52.233349],[5.944542,52.233611],[5.944008,52.233907],[5.943525,52.234234],[5.943096,52.234588],[5.942726,52.234966],[5.942418,52.235364],[5.942176,52.235779],[5.942001,52.236207],[5.941895,52.236643],[5.94186,52.237083],[5.941895,52.237524],[5.942001,52.23796],[5.942176,52.238387],[5.942418,52.238802],[5.942726,52.239201],[5.943096,52.239579],[5.943525,52.239933],[5.944008,52.240259],[5.944542,52.240555],[5.94512,52.240818],[5.945737,52.241045],[5.946388,52.241233],[5.947065,52.241382],[5.947764,52.241489],[5.948476,52.241553],[5.949194,52.241575]]]}},{"type":"Feature","properties":{"identifier":"6.2.110","name":"Gebied met verbod vanuit beveiligingsoverwegingen","restriction":"CONDITIONAL","rule":"OPEN cat. vluchten zijn hier verboden SPEC cat. vluchten vereisen een privilege op de exploitatievergunning","category":"beveiligd","source":"AIP Nederland ENR 5.3, ED-269, 22 juli 2024"},"geometry":{"type":"Polygon","coordinates":[[[5.942444,52.239825],[5.943163,52.239803],[5.943875,52.239739],[5.944573,52.239632],[5.945251,52.239483],[5.945902,52.239295],[5.946519,52.239068],[5.947097,52.238805],[5.94763,52.238509],[5.948114,52.238183],[5.948543,52.237829],[5.948913,52.237451],[5.94922,52.237052],[5.949463,52.236637],[5.949638,52.23621],[5.949743,52.235774],[5.949779,52.235333],[5.949743,52.234893],[5.949638,52.234457],[5.949463,52.234029],[5.94922,52.233614],[5.948913,52.233216],[5.948543,52.232838],[5.948114,52.232484],[5.94763,52.232157],[5.947097,52.231861],[5.946519,52.231599],[5.945902,52.231372],[5.945251,52.231184],[5.944573,52.231035],[5.943875,52.230928],[5.943163,52.230863],[5.942444,52.230842],[5.941726,52.230863],[5.941014,52.230928],[5.940315,52.231035],[5.939638,52.231184],[5.938987,52.231372],[5.93837,52.231599],[5.937792,52.231861],[5.937258,52.232157],[5.936775,52.232484],[5.936346,52.232838],[5.935976,52.233216],[5.935669,52.233614],[5.935426,52.234029],[5.935251,52.234457],[5.935146,52.234893],[5.93511,52.235333],[5.935146,52.235774],[5.935251,52.23621],[5.935426,52.236637],[5.935669,52.237052],[5.935976,52.237451],[5.936346,52.237829],[5.936775,52.238183],[5.937258,52.238509],[5.937792,52.238805],[5.93837,52.239068],[5.938987,52.239295],[5.939638,52.239483],[5.940315,52.239632],[5.941014,52.239739],[5.941726,52.239803],[5.942444,52.239825]]]}},{"type":"Feature","properties":{"identifier":"6.4.a","name":"Gebied met verbod vanuit beveiligingsoverwegingen","restriction":"CONDITIONAL","rule":"OPEN cat. vluchten zijn hier verboden SPEC cat. vluchten vereisen een privilege op de exploitatievergunning","category":"beveiligd","source":"AIP Nederland ENR 5.3, ED-269, 22 juli 2024"},"geometry":{"type":"Polygon","coordinates":[[[6.073583,51.944047],[6.073869,51.944038],[6.074152,51.944012],[6.074429,51.943969],[6.074699,51.94391],[6.074957,51.943834],[6.075203,51.943744],[6.075432,51.943639],[6.075644,51.94352],[6.075836,51.94339],[6.076007,51.943248],[6.076154,51.943097],[6.076276,51.942938],[6.076372,51.942772],[6.076442,51.942601],[6.076484,51.942426],[6.076498,51.94225],[6.076484,51.942074],[6.076442,51.941899],[6.076372,51.941728],[6.076276,51.941562],[6.076154,51.941403],[6.076007,51.941252],[6.075836,51.94111],[6.075644,51.94098],[6.075432,51.940861],[6.075203,51.940756],[6.074957,51.940666],[6.074699,51.94059],[6.074429,51.940531],[6.074152,51.940488],[6.073869,51.940462],[6.073583,51.940453],[6.073298,51.940462],[6.073015,51.940488],[6.072737,51.940531],[6.072468,51.94059],[6.072209,51.940666],[6.071964,51.940756],[6.071734,51.940861],[6.071523,51.94098],[6.07133,51.94111],[6.07116,51.941252],[6.071013,51.941403],[6.070891,51.941562],[6.070794,51.941728],[6.070725,51.941899],[6.070683,51.942074],[6.070669,51.94225],[6.070683,51.942426],[6.070725,51.942601],[6.070794,51.942772],[6.070891,51.942938],[6.071013,51.943097],[6.07116,51.943248],[6.07133,51.94339],[6.071523,51.94352],[6.071734,51.943639],[6.071964,51.943744],[6.072209,51.943834],[6.072468,51.94391],[6.072737,51.943969],[6.073015,51.944012],[6.073298,51.944038],[6.073583,51.944047]]]}},{"type":"Feature","properties":{"identifier":"6.6.a","name":"Gebied met verbod vanuit beveiligingsoverwegingen","restriction":"CONDITIONAL","rule":"OPEN cat. vluchten zijn hier verboden SPEC cat. vluchten vereisen een privilege op de exploitatievergunning","category":"beveiligd","source":"AIP Nederland ENR 5.3, ED-269, 22 juli 2024"},"geometry":{"type":"Polygon","coordinates":[[[6.745083,52.656037],[6.745228,52.656033],[6.745372,52.65602],[6.745513,52.655999],[6.74565,52.655969],[6.745781,52.655931],[6.745906,52.655886],[6.746023,52.655833],[6.74613,52.655774],[6.746228,52.655709],[6.746315,52.655638],[6.746389,52.655562],[6.746451,52.655483],[6.7465,52.6554],[6.746536,52.655314],[6.746557,52.655227],[6.746564,52.655139],[6.746557,52.655051],[6.746536,52.654964],[6.7465,52.654878],[6.746451,52.654795],[6.746389,52.654715],[6.746315,52.65464],[6.746228,52.654569],[6.74613,52.654504],[6.746023,52.654444],[6.745906,52.654392],[6.745781,52.654347],[6.74565,52.654309],[6.745513,52.654279],[6.745372,52.654258],[6.745228,52.654245],[6.745083,52.654241],[6.744938,52.654245],[6.744794,52.654258],[6.744653,52.654279],[6.744517,52.654309],[6.744385,52.654347],[6.744261,52.654392],[6.744144,52.654444],[6.744036,52.654504],[6.743939,52.654569],[6.743852,52.65464],[6.743777,52.654715],[6.743715,52.654795],[6.743666,52.654878],[6.743631,52.654964],[6.74361,52.655051],[6.743602,52.655139],[6.74361,52.655227],[6.743631,52.655314],[6.743666,52.6554],[6.743715,52.655483],[6.743777,52.655562],[6.743852,52.655638],[6.743939,52.655709],[6.744036,52.655774],[6.744144,52.655833],[6.744261,52.655886],[6.744385,52.655931],[6.744517,52.655969],[6.744653,52.655999],[6.744794,52.65602],[6.744938,52.656033],[6.745083,52.656037]]]}},{"type":"Feature","properties":{"identifier":"6.6.b","name":"Gebied met verbod vanuit beveiligingsoverwegingen","restriction":"CONDITIONAL","rule":"OPEN cat. vluchten zijn hier verboden SPEC cat. vluchten vereisen een privilege op de exploitatievergunning","category":"beveiligd","source":"AIP Nederland ENR 5.3, ED-269, 22 juli 2024"},"geometry":{"type":"Polygon","coordinates":[[[6.913972,53.328343],[6.91412,53.328338],[6.914266,53.328325],[6.914409,53.328304],[6.914548,53.328274],[6.914681,53.328237],[6.914808,53.328191],[6.914926,53.328139],[6.915036,53.32808],[6.915135,53.328014],[6.915223,53.327944],[6.915299,53.327868],[6.915362,53.327788],[6.915412,53.327705],[6.915447,53.32762],[6.915469,53.327532],[6.915476,53.327444],[6.915469,53.327356],[6.915447,53.327269],[6.915412,53.327184],[6.915362,53.327101],[6.915299,53.327021],[6.915223,53.326945],[6.915135,53.326875],[6.915036,53.326809],[6.914926,53.32675],[6.914808,53.326698],[6.914681,53.326652],[6.914548,53.326615],[6.914409,53.326585],[6.914266,53.326563],[6.91412,53.32655],[6.913972,53.326546],[6.913825,53.32655],[6.913679,53.326563],[6.913536,53.326585],[6.913397,53.326615],[6.913263,53.326652],[6.913137,53.326698],[6.913018,53.32675],[6.912909,53.326809],[6.91281,53.326875],[6.912722,53.326945],[6.912646,53.327021],[6.912583,53.327101],[6.912533,53.327184],[6.912497,53.327269],[6.912475,53.327356],[6.912468,53.327444],[6.912475,53.327532],[6.912497,53.32762],[6.912533,53.327705],[6.912583,53.327788],[6.912646,53.327868],[6.912722,53.327944],[6.91281,53.328014],[6.912909,53.32808],[6.913018,53.328139],[6.913137,53.328191],[6.913263,53.328237],[6.913397,53.328274],[6.913536,53.328304],[6.913679,53.328325],[6.913825,53.328338],[6.913972,53.328343]]]}},{"type":"Feature","properties":{"identifier":"6.6.c","name":"Gebied met verbod vanuit beveiligingsoverwegingen","restriction":"CONDITIONAL","rule":"OPEN cat. vluchten zijn hier verboden SPEC cat. vluchten vereisen een privilege op de exploitatievergunning","category":"beveiligd","source":"AIP Nederland ENR 5.3, ED-269, 22 juli 2024"},"geometry":{"type":"Polygon","coordinates":[[[5.949667,52.231037],[5.94981,52.231033],[5.949953,52.23102],[5.950092,52.230999],[5.950228,52.230969],[5.950358,52.230931],[5.950481,52.230886],[5.950597,52.230833],[5.950704,52.230774],[5.9508,52.230709],[5.950886,52.230638],[5.95096,52.230562],[5.951022,52.230483],[5.95107,52.2304],[5.951105,52.230314],[5.951126,52.230227],[5.951133,52.230139],[5.951126,52.230051],[5.951105,52.229964],[5.95107,52.229878],[5.951022,52.229795],[5.95096,52.229715],[5.950886,52.22964],[5.9508,52.229569],[5.950704,52.229504],[5.950597,52.229444],[5.950481,52.229392],[5.950358,52.229347],[5.950228,52.229309],[5.950092,52.229279],[5.949953,52.229258],[5.94981,52.229245],[5.949667,52.229241],[5.949523,52.229245],[5.949381,52.229258],[5.949241,52.229279],[5.949105,52.229309],[5.948975,52.229347],[5.948852,52.229392],[5.948736,52.229444],[5.94863,52.229504],[5.948533,52.229569],[5.948447,52.22964],[5.948373,52.229715],[5.948312,52.229795],[5.948263,52.229878],[5.948228,52.229964],[5.948207,52.230051],[5.9482,52.230139],[5.948207,52.230227],[5.948228,52.230314],[5.948263,52.2304],[5.948312,52.230483],[5.948373,52.230562],[5.948447,52.230638],[5.948533,52.230709],[5.94863,52.230774],[5.948736,52.230833],[5.948852,52.230886],[5.948975,52.230931],[5.949105,52.230969],[5.949241,52.230999],[5.949381,52.23102],[5.949523,52.231033],[5.949667,52.231037]]]}},{"type":"Feature","properties":{"identifier":"6.2.111","name":"Gebied met verbod vanuit beveiligingsoverwegingen","restriction":"CONDITIONAL","rule":"OPEN cat. vluchten zijn hier verboden SPEC cat. vluchten vereisen een privilege op de exploitatievergunning","category":"beveiligd","source":"AIP Nederland ENR 5.3, ED-269, 22 juli 2024"},"geometry":{"type":"Polygon","coordinates":[[[5.926917,52.208742],[5.927635,52.20872],[5.928346,52.208655],[5.929044,52.208548],[5.929721,52.2084],[5.930372,52.208211],[5.930988,52.207985],[5.931566,52.207722],[5.932099,52.207426],[5.932582,52.207099],[5.933011,52.206745],[5.93338,52.206367],[5.933688,52.205969],[5.93393,52.205554],[5.934105,52.205126],[5.93421,52.20469],[5.934246,52.20425],[5.93421,52.20381],[5.934105,52.203374],[5.93393,52.202946],[5.933688,52.202531],[5.93338,52.202133],[5.933011,52.201755],[5.932582,52.201401],[5.932099,52.201074],[5.931566,52.200778],[5.930988,52.200515],[5.930372,52.200289],[5.929721,52.2001],[5.929044,52.199952],[5.928346,52.199845],[5.927635,52.19978],[5.926917,52.199758],[5.926198,52.19978],[5.925487,52.199845],[5.924789,52.199952],[5.924112,52.2001],[5.923462,52.200289],[5.922845,52.200515],[5.922267,52.200778],[5.921734,52.201074],[5.921251,52.201401],[5.920823,52.201755],[5.920453,52.202133],[5.920146,52.202531],[5.919903,52.202946],[5.919728,52.203374],[5.919623,52.20381],[5.919588,52.20425],[5.919623,52.20469],[5.919728,52.205126],[5.919903,52.205554],[5.920146,52.205969],[5.920453,52.206367],[5.920823,52.206745],[5.921251,52.207099],[5.921734,52.207426],[5.922267,52.207722],[5.922845,52.207985],[5.923462,52.208211],[5.924112,52.2084],[5.924789,52.208548],[5.925487,52.208655],[5.926198,52.20872],[5.926917,52.208742]]]}},{"type":"Feature","properties":{"identifier":"6.3.a","name":"Gebied met verbod vanuit beveiligingsoverwegingen","restriction":"CONDITIONAL","rule":"OPEN cat. vluchten zijn hier verboden SPEC cat. vluchten vereisen een privilege op de exploitatievergunning","category":"beveiligd","source":"AIP Nederland ENR 5.3, ED-269, 22 juli 2024"},"geometry":{"type":"Polygon","coordinates":[[[5.320944,52.128899],[5.321518,52.128882],[5.322086,52.12883],[5.322643,52.128744],[5.323184,52.128625],[5.323703,52.128475],[5.324196,52.128293],[5.324657,52.128083],[5.325083,52.127846],[5.325469,52.127585],[5.325811,52.127302],[5.326106,52.126999],[5.326352,52.126681],[5.326545,52.126349],[5.326685,52.126007],[5.326769,52.125658],[5.326797,52.125306],[5.326769,52.124953],[5.326685,52.124605],[5.326545,52.124262],[5.326352,52.12393],[5.326106,52.123612],[5.325811,52.123309],[5.325469,52.123026],[5.325083,52.122765],[5.324657,52.122528],[5.324196,52.122318],[5.323703,52.122137],[5.323184,52.121986],[5.322643,52.121867],[5.322086,52.121781],[5.321518,52.12173],[5.320944,52.121712],[5.320371,52.12173],[5.319803,52.121781],[5.319245,52.121867],[5.318705,52.121986],[5.318185,52.122137],[5.317693,52.122318],[5.317231,52.122528],[5.316806,52.122765],[5.31642,52.123026],[5.316078,52.123309],[5.315783,52.123612],[5.315537,52.12393],[5.315344,52.124262],[5.315204,52.124605],[5.31512,52.124953],[5.315092,52.125306],[5.31512,52.125658],[5.315204,52.126007],[5.315344,52.126349],[5.315537,52.126681],[5.315783,52.126999],[5.316078,52.127302],[5.31642,52.127585],[5.316806,52.127846],[5.317231,52.128083],[5.317693,52.128293],[5.318185,52.128475],[5.318705,52.128625],[5.319245,52.128744],[5.319803,52.12883],[5.320371,52.128882],[5.320944,52.128899]]]}},{"type":"Feature","properties":{"identifier":"6.2.112","name":"Gebied met verbod vanuit beveiligingsoverwegingen","restriction":"CONDITIONAL","rule":"OPEN cat. vluchten zijn hier verboden SPEC cat. vluchten vereisen een privilege op de exploitatievergunning","category":"beveiligd","source":"AIP Nederland ENR 5.3, ED-269, 22 juli 2024"},"geometry":{"type":"Polygon","coordinates":[[[4.263194,52.103992],[4.263911,52.10397],[4.264621,52.103905],[4.265317,52.103798],[4.265993,52.10365],[4.266641,52.103461],[4.267257,52.103235],[4.267833,52.102972],[4.268365,52.102676],[4.268847,52.102349],[4.269274,52.101995],[4.269643,52.101617],[4.26995,52.101219],[4.270191,52.100804],[4.270366,52.100376],[4.270471,52.09994],[4.270506,52.0995],[4.270471,52.09906],[4.270366,52.098624],[4.270191,52.098196],[4.26995,52.097781],[4.269643,52.097383],[4.269274,52.097005],[4.268847,52.096651],[4.268365,52.096324],[4.267833,52.096028],[4.267257,52.095765],[4.266641,52.095539],[4.265993,52.09535],[4.265317,52.095202],[4.264621,52.095095],[4.263911,52.09503],[4.263194,52.095008],[4.262478,52.09503],[4.261768,52.095095],[4.261072,52.095202],[4.260396,52.09535],[4.259748,52.095539],[4.259132,52.095765],[4.258556,52.096028],[4.258024,52.096324],[4.257542,52.096651],[4.257115,52.097005],[4.256746,52.097383],[4.256439,52.097781],[4.256197,52.098196],[4.256023,52.098624],[4.255918,52.09906],[4.255883,52.0995],[4.255918,52.09994],[4.256023,52.100376],[4.256197,52.100804],[4.256439,52.101219],[4.256746,52.101617],[4.257115,52.101995],[4.257542,52.102349],[4.258024,52.102676],[4.258556,52.102972],[4.259132,52.103235],[4.259748,52.103461],[4.260396,52.10365],[4.261072,52.103798],[4.261768,52.103905],[4.262478,52.10397],[4.263194,52.103992]]]}},{"type":"Feature","properties":{"identifier":"6.2.113","name":"Gebied met verbod vanuit beveiligingsoverwegingen","restriction":"CONDITIONAL","rule":"OPEN cat. vluchten zijn hier verboden SPEC cat. vluchten vereisen een privilege op de exploitatievergunning","category":"beveiligd","source":"AIP Nederland ENR 5.3, ED-269, 22 juli 2024"},"geometry":{"type":"Polygon","coordinates":[[[4.638694,51.805992],[4.639406,51.80597],[4.640111,51.805905],[4.640803,51.805798],[4.641474,51.80565],[4.642118,51.805461],[4.64273,51.805235],[4.643302,51.804972],[4.64383,51.804676],[4.644309,51.804349],[4.644734,51.803995],[4.6451,51.803617],[4.645405,51.803219],[4.645645,51.802804],[4.645818,51.802376],[4.645923,51.80194],[4.645958,51.8015],[4.645923,51.80106],[4.645818,51.800624],[4.645645,51.800196],[4.645405,51.799781],[4.6451,51.799383],[4.644734,51.799005],[4.644309,51.798651],[4.64383,51.798324],[4.643302,51.798028],[4.64273,51.797765],[4.642118,51.797539],[4.641474,51.79735],[4.640803,51.797202],[4.640111,51.797095],[4.639406,51.79703],[4.638694,51.797008],[4.637983,51.79703],[4.637277,51.797095],[4.636586,51.797202],[4.635915,51.79735],[4.635271,51.797539],[4.634659,51.797765],[4.634087,51.798028],[4.633558,51.798324],[4.63308,51.798651],[4.632655,51.799005],[4.632289,51.799383],[4.631984,51.799781],[4.631744,51.800196],[4.631571,51.800624],[4.631466,51.80106],[4.631431,51.8015],[4.631466,51.80194],[4.631571,51.802376],[4.631744,51.802804],[4.631984,51.803219],[4.632289,51.803617],[4.632655,51.803995],[4.63308,51.804349],[4.633558,51.804676],[4.634087,51.804972],[4.634659,51.805235],[4.635271,51.805461],[4.635915,51.80565],[4.636586,51.805798],[4.637277,51.805905],[4.637983,51.80597],[4.638694,51.805992]]]}},{"type":"Feature","properties":{"identifier":"6.2.114","name":"Gebied met verbod vanuit beveiligingsoverwegingen","restriction":"CONDITIONAL","rule":"OPEN cat. vluchten zijn hier verboden SPEC cat. vluchten vereisen een privilege op de exploitatievergunning","category":"beveiligd","source":"AIP Nederland ENR 5.3, ED-269, 22 juli 2024"},"geometry":{"type":"Polygon","coordinates":[[[5.420472,52.503158],[5.421195,52.503137],[5.421912,52.503072],[5.422614,52.502965],[5.423296,52.502816],[5.42395,52.502628],[5.424571,52.502401],[5.425153,52.502139],[5.425689,52.501843],[5.426175,52.501516],[5.426607,52.501162],[5.426979,52.500784],[5.427289,52.500386],[5.427533,52.499971],[5.427708,52.499543],[5.427815,52.499107],[5.42785,52.498667],[5.427815,52.498226],[5.427708,52.49779],[5.427533,52.497363],[5.427289,52.496948],[5.426979,52.496549],[5.426607,52.496171],[5.426175,52.495817],[5.425689,52.495491],[5.425153,52.495195],[5.424571,52.494932],[5.42395,52.494705],[5.423296,52.494517],[5.422614,52.494368],[5.421912,52.494261],[5.421195,52.494197],[5.420472,52.494175],[5.419749,52.494197],[5.419033,52.494261],[5.418331,52.494368],[5.417649,52.494517],[5.416994,52.494705],[5.416373,52.494932],[5.415792,52.495195],[5.415255,52.495491],[5.414769,52.495817],[5.414338,52.496171],[5.413965,52.496549],[5.413656,52.496948],[5.413412,52.497363],[5.413236,52.49779],[5.41313,52.498226],[5.413094,52.498667],[5.41313,52.499107],[5.413236,52.499543],[5.413412,52.499971],[5.413656,52.500386],[5.413965,52.500784],[5.414338,52.501162],[5.414769,52.501516],[5.415255,52.501843],[5.415792,52.502139],[5.416373,52.502401],[5.416994,52.502628],[5.417649,52.502816],[5.418331,52.502965],[5.419033,52.503072],[5.419749,52.503137],[5.420472,52.503158]]]}},{"type":"Feature","properties":{"identifier":"6.2.115","name":"Gebied met verbod vanuit beveiligingsoverwegingen","restriction":"CONDITIONAL","rule":"OPEN cat. vluchten zijn hier verboden SPEC cat. vluchten vereisen een privilege op de exploitatievergunning","category":"beveiligd","source":"AIP Nederland ENR 5.3, ED-269, 22 juli 2024"},"geometry":{"type":"Polygon","coordinates":[[[4.607,51.679519],[4.60771,51.679498],[4.608413,51.679433],[4.609103,51.679326],[4.609772,51.679177],[4.610414,51.678989],[4.611024,51.678762],[4.611595,51.6785],[4.612122,51.678204],[4.612599,51.677877],[4.613022,51.677523],[4.613388,51.677145],[4.613692,51.676747],[4.613931,51.676332],[4.614104,51.675904],[4.614208,51.675468],[4.614243,51.675028],[4.614208,51.674588],[4.614104,51.674152],[4.613931,51.673724],[4.613692,51.673309],[4.613388,51.67291],[4.613022,51.672532],[4.612599,51.672178],[4.612122,51.671852],[4.611595,51.671556],[4.611024,51.671293],[4.610414,51.671067],[4.609772,51.670878],[4.609103,51.67073],[4.608413,51.670623],[4.60771,51.670558],[4.607,51.670536],[4.60629,51.670558],[4.605587,51.670623],[4.604897,51.67073],[4.604228,51.670878],[4.603586,51.671067],[4.602976,51.671293],[4.602405,51.671556],[4.601878,51.671852],[4.601401,51.672178],[4.600978,51.672532],[4.600612,51.67291],[4.600308,51.673309],[4.600069,51.673724],[4.599896,51.674152],[4.599792,51.674588],[4.599757,51.675028],[4.599792,51.675468],[4.599896,51.675904],[4.600069,51.676332],[4.600308,51.676747],[4.600612,51.677145],[4.600978,51.677523],[4.601401,51.677877],[4.601878,51.678204],[4.602405,51.6785],[4.602976,51.678762],[4.603586,51.678989],[4.604228,51.679177],[4.604897,51.679326],[4.605587,51.679433],[4.60629,51.679498],[4.607,51.679519]]]}},{"type":"Feature","properties":{"identifier":"6.6.d","name":"Gebied met verbod vanuit beveiligingsoverwegingen","restriction":"CONDITIONAL","rule":"OPEN cat. vluchten zijn hier verboden SPEC cat. vluchten vereisen een privilege op de exploitatievergunning","category":"beveiligd","source":"AIP Nederland ENR 5.3, ED-269, 22 juli 2024"},"geometry":{"type":"Polygon","coordinates":[[[4.664278,52.384509],[4.664422,52.384505],[4.664565,52.384492],[4.664705,52.384471],[4.664841,52.384441],[4.664972,52.384403],[4.665095,52.384358],[4.665211,52.384306],[4.665318,52.384246],[4.665415,52.384181],[4.665501,52.38411],[4.665576,52.384035],[4.665637,52.383955],[4.665686,52.383872],[4.665721,52.383786],[4.665742,52.383699],[4.66575,52.383611],[4.665742,52.383523],[4.665721,52.383436],[4.665686,52.38335],[4.665637,52.383267],[4.665576,52.383188],[4.665501,52.383112],[4.665415,52.383041],[4.665318,52.382976],[4.665211,52.382917],[4.665095,52.382864],[4.664972,52.382819],[4.664841,52.382781],[4.664705,52.382751],[4.664565,52.38273],[4.664422,52.382717],[4.664278,52.382713],[4.664134,52.382717],[4.663991,52.38273],[4.663851,52.382751],[4.663715,52.382781],[4.663584,52.382819],[4.66346,52.382864],[4.663344,52.382917],[4.663237,52.382976],[4.66314,52.383041],[4.663054,52.383112],[4.66298,52.383188],[4.662918,52.383267],[4.662869,52.38335],[4.662834,52.383436],[4.662813,52.383523],[4.662806,52.383611],[4.662813,52.383699],[4.662834,52.383786],[4.662869,52.383872],[4.662918,52.383955],[4.66298,52.384035],[4.663054,52.38411],[4.66314,52.384181],[4.663237,52.384246],[4.663344,52.384306],[4.66346,52.384358],[4.663584,52.384403],[4.663715,52.384441],[4.663851,52.384471],[4.663991,52.384492],[4.664134,52.384505],[4.664278,52.384509]]]}},{"type":"Feature","properties":{"identifier":"6.2.116","name":"Gebied met verbod vanuit beveiligingsoverwegingen","restriction":"CONDITIONAL","rule":"OPEN cat. vluchten zijn hier verboden SPEC cat. vluchten vereisen een privilege op de exploitatievergunning","category":"beveiligd","source":"AIP Nederland ENR 5.3, ED-269, 22 juli 2024"},"geometry":{"type":"Polygon","coordinates":[[[4.488278,52.067686],[4.488994,52.067664],[4.489703,52.0676],[4.490399,52.067493],[4.491074,52.067344],[4.491722,52.067156],[4.492337,52.066929],[4.492913,52.066666],[4.493444,52.06637],[4.493925,52.066044],[4.494352,52.06569],[4.494721,52.065312],[4.495028,52.064913],[4.495269,52.064498],[4.495443,52.064071],[4.495548,52.063635],[4.495584,52.063194],[4.495548,52.062754],[4.495443,52.062318],[4.495269,52.061891],[4.495028,52.061476],[4.494721,52.061077],[4.494352,52.060699],[4.493925,52.060345],[4.493444,52.060018],[4.492913,52.059722],[4.492337,52.05946],[4.491722,52.059233],[4.491074,52.059045],[4.490399,52.058896],[4.489703,52.058789],[4.488994,52.058724],[4.488278,52.058703],[4.487562,52.058724],[4.486852,52.058789],[4.486157,52.058896],[4.485482,52.059045],[4.484834,52.059233],[4.484219,52.05946],[4.483643,52.059722],[4.483112,52.060018],[4.48263,52.060345],[4.482203,52.060699],[4.481835,52.061077],[4.481528,52.061476],[4.481287,52.061891],[4.481112,52.062318],[4.481007,52.062754],[4.480972,52.063194],[4.481007,52.063635],[4.481112,52.064071],[4.481287,52.064498],[4.481528,52.064913],[4.481835,52.065312],[4.482203,52.06569],[4.48263,52.066044],[4.483112,52.06637],[4.483643,52.066666],[4.484219,52.066929],[4.484834,52.067156],[4.485482,52.067344],[4.486157,52.067493],[4.486852,52.0676],[4.487562,52.067664],[4.488278,52.067686]]]}},{"type":"Feature","properties":{"identifier":"6.2.117","name":"Gebied met verbod vanuit beveiligingsoverwegingen","restriction":"CONDITIONAL","rule":"OPEN cat. vluchten zijn hier verboden SPEC cat. vluchten vereisen een privilege op de exploitatievergunning","category":"beveiligd","source":"AIP Nederland ENR 5.3, ED-269, 22 juli 2024"},"geometry":{"type":"Polygon","coordinates":[[[6.412028,53.015964],[6.41276,53.015942],[6.413484,53.015877],[6.414195,53.01577],[6.414885,53.015622],[6.415547,53.015433],[6.416175,53.015207],[6.416764,53.014944],[6.417307,53.014648],[6.417799,53.014322],[6.418235,53.013968],[6.418612,53.01359],[6.418925,53.013191],[6.419172,53.012776],[6.41935,53.012348],[6.419457,53.011912],[6.419493,53.011472],[6.419457,53.011032],[6.41935,53.010596],[6.419172,53.010168],[6.418925,53.009753],[6.418612,53.009355],[6.418235,53.008977],[6.417799,53.008623],[6.417307,53.008296],[6.416764,53.008],[6.416175,53.007738],[6.415547,53.007511],[6.414885,53.007323],[6.414195,53.007174],[6.413484,53.007067],[6.41276,53.007002],[6.412028,53.006981],[6.411296,53.007002],[6.410571,53.007067],[6.409861,53.007174],[6.409171,53.007323],[6.408509,53.007511],[6.40788,53.007738],[6.407292,53.008],[6.406749,53.008296],[6.406257,53.008623],[6.405821,53.008977],[6.405444,53.009355],[6.405131,53.009753],[6.404884,53.010168],[6.404706,53.010596],[6.404598,53.011032],[6.404562,53.011472],[6.404598,53.011912],[6.404706,53.012348],[6.404884,53.012776],[6.405131,53.013191],[6.405444,53.01359],[6.405821,53.013968],[6.406257,53.014322],[6.406749,53.014648],[6.407292,53.014944],[6.40788,53.015207],[6.408509,53.015433],[6.409171,53.015622],[6.409861,53.01577],[6.410571,53.015877],[6.411296,53.015942],[6.412028,53.015964]]]}},{"type":"Feature","properties":{"identifier":"6.2.118","name":"Gebied met verbod vanuit beveiligingsoverwegingen","restriction":"CONDITIONAL","rule":"OPEN cat. vluchten zijn hier verboden SPEC cat. vluchten vereisen een privilege op de exploitatievergunning","category":"beveiligd","source":"AIP Nederland ENR 5.3, ED-269, 22 juli 2024"},"geometry":{"type":"Polygon","coordinates":[[[5.080556,52.111408],[5.081272,52.111387],[5.081982,52.111322],[5.082678,52.111215],[5.083354,52.111066],[5.084003,52.110878],[5.084618,52.110651],[5.085195,52.110389],[5.085727,52.110093],[5.086209,52.109766],[5.086636,52.109412],[5.087005,52.109034],[5.087312,52.108636],[5.087554,52.108221],[5.087728,52.107793],[5.087833,52.107357],[5.087869,52.106917],[5.087833,52.106476],[5.087728,52.10604],[5.087554,52.105613],[5.087312,52.105198],[5.087005,52.104799],[5.086636,52.104421],[5.086209,52.104067],[5.085727,52.103741],[5.085195,52.103445],[5.084618,52.103182],[5.084003,52.102955],[5.083354,52.102767],[5.082678,52.102618],[5.081982,52.102511],[5.081272,52.102447],[5.080556,52.102425],[5.079839,52.102447],[5.079129,52.102511],[5.078433,52.102618],[5.077757,52.102767],[5.077108,52.102955],[5.076493,52.103182],[5.075916,52.103445],[5.075384,52.103741],[5.074903,52.104067],[5.074475,52.104421],[5.074106,52.104799],[5.073799,52.105198],[5.073557,52.105613],[5.073383,52.10604],[5.073278,52.106476],[5.073243,52.106917],[5.073278,52.107357],[5.073383,52.107793],[5.073557,52.108221],[5.073799,52.108636],[5.074106,52.109034],[5.074475,52.109412],[5.074903,52.109766],[5.075384,52.110093],[5.075916,52.110389],[5.076493,52.110651],[5.077108,52.110878],[5.077757,52.111066],[5.078433,52.111215],[5.079129,52.111322],[5.079839,52.111387],[5.080556,52.111408]]]}},{"type":"Feature","properties":{"identifier":"6.7.1","name":"geografische zone van een beveiligd gebied of een locatie met vitale processen","restriction":"CONDITIONAL","rule":"OPEN cat. vluchten zijn hier verboden SPEC cat. vluchten vereisen een privilege op de exploitatievergunning","category":"beveiligd","source":"AIP Nederland ENR 5.3, ED-269, 22 juli 2024"},"geometry":{"type":"Polygon","coordinates":[[[4.72986111111111,52.9494694444444],[4.73239166666667,52.9528305555556],[4.73695277777778,52.9515777777778],[4.73442222222222,52.9482166666667],[4.72986111111111,52.9494694444444]]]}},{"type":"Feature","properties":{"identifier":"6.7.2","name":"geografische zone van een beveiligd gebied of een locatie met vitale processen","restriction":"CONDITIONAL","rule":"OPEN cat. vluchten zijn hier verboden SPEC cat. vluchten vereisen een privilege op de exploitatievergunning","category":"beveiligd","source":"AIP Nederland ENR 5.3, ED-269, 22 juli 2024"},"geometry":{"type":"Polygon","coordinates":[[[4.78662777777778,53.0519805555556],[4.78834444444444,53.0524277777778],[4.78920277777778,53.0512277777778],[4.78748888888889,53.0507805555556],[4.78662777777778,53.0519805555556]]]}},{"type":"Feature","properties":{"identifier":"6.7.3","name":"geografische zone van een beveiligd gebied of een locatie met vitale processen","restriction":"CONDITIONAL","rule":"OPEN cat. vluchten zijn hier verboden SPEC cat. vluchten vereisen een privilege op de exploitatievergunning","category":"beveiligd","source":"AIP Nederland ENR 5.3, ED-269, 22 juli 2024"},"geometry":{"type":"Polygon","coordinates":[[[5.22955,52.7530194444444],[5.258175,52.7541222222222],[5.272475,52.7477527777778],[5.27253888888889,52.74565],[5.26995555555556,52.7452194444444],[5.25973055555556,52.7448861111111],[5.25413888888889,52.7470583333333],[5.24873888888889,52.745375],[5.24539166666667,52.7438361111111],[5.243925,52.7436555555556],[5.23645277777778,52.7457166666667],[5.22955,52.7530194444444]]]}},{"type":"Feature","properties":{"identifier":"6.7.4","name":"geografische zone van een beveiligd gebied of een locatie met vitale processen","restriction":"CONDITIONAL","rule":"OPEN cat. vluchten zijn hier verboden SPEC cat. vluchten vereisen een privilege op de exploitatievergunning","category":"beveiligd","source":"AIP Nederland ENR 5.3, ED-269, 22 juli 2024"},"geometry":{"type":"Polygon","coordinates":[[[5.03860555555556,52.6676777777778],[5.03699166666667,52.6670611111111],[5.03474166666667,52.6667833333333],[5.03423611111111,52.6684222222222],[5.03465,52.6691694444444],[5.03528055555556,52.6698527777778],[5.03713055555556,52.6701138888889],[5.03860555555556,52.6676777777778]]]}},{"type":"Feature","properties":{"identifier":"6.7.5","name":"geografische zone van een beveiligd gebied of een locatie met vitale processen","restriction":"CONDITIONAL","rule":"OPEN cat. vluchten zijn hier verboden SPEC cat. vluchten vereisen een privilege op de exploitatievergunning","category":"beveiligd","source":"AIP Nederland ENR 5.3, ED-269, 22 juli 2024"},"geometry":{"type":"Polygon","coordinates":[[[4.64786388888889,52.4321611111111],[4.64973611111111,52.4318277777778],[4.64856944444444,52.4293722222222],[4.64669444444444,52.4297055555556],[4.64786388888889,52.4321611111111]]]}},{"type":"Feature","properties":{"identifier":"6.7.6","name":"geografische zone van een beveiligd gebied of een locatie met vitale processen","restriction":"CONDITIONAL","rule":"OPEN cat. vluchten zijn hier verboden SPEC cat. vluchten vereisen een privilege op de exploitatievergunning","category":"beveiligd","source":"AIP Nederland ENR 5.3, ED-269, 22 juli 2024"},"geometry":{"type":"Polygon","coordinates":[[[5.20683611111111,52.2531027777778],[5.20301111111111,52.2526277777778],[5.2024,52.2551583333333],[5.20333333333333,52.2587333333333],[5.20447222222222,52.260975],[5.20571944444445,52.2626444444444],[5.20582777777778,52.2624166666667],[5.20886111111111,52.2604777777778],[5.20845,52.2588305555556],[5.20616944444444,52.2566777777778],[5.20683611111111,52.2531027777778]]]}},{"type":"Feature","properties":{"identifier":"6.7.7","name":"geografische zone van een beveiligd gebied of een locatie met vitale processen","restriction":"CONDITIONAL","rule":"OPEN cat. vluchten zijn hier verboden SPEC cat. vluchten vereisen een privilege op de exploitatievergunning","category":"beveiligd","source":"AIP Nederland ENR 5.3, ED-269, 22 juli 2024"},"geometry":{"type":"Polygon","coordinates":[[[5.23988611111111,52.284075],[5.24157222222222,52.2842166666667],[5.24175,52.2835027777778],[5.24003888888889,52.283375],[5.23988611111111,52.284075]]]}},{"type":"Feature","properties":{"identifier":"6.7.8","name":"geografische zone van een beveiligd gebied of een locatie met vitale processen","restriction":"CONDITIONAL","rule":"OPEN cat. vluchten zijn hier verboden SPEC cat. vluchten vereisen een privilege op de exploitatievergunning","category":"beveiligd","source":"AIP Nederland ENR 5.3, ED-269, 22 juli 2024"},"geometry":{"type":"Polygon","coordinates":[[[4.65741944444444,52.3272333333333],[4.65929166666667,52.3285361111111],[4.66139444444444,52.3274],[4.65952222222222,52.3261],[4.65741944444444,52.3272333333333]]]}},{"type":"Feature","properties":{"identifier":"6.7.9","name":"geografische zone van een beveiligd gebied of een locatie met vitale processen","restriction":"CONDITIONAL","rule":"OPEN cat. vluchten zijn hier verboden SPEC cat. vluchten vereisen een privilege op de exploitatievergunning","category":"beveiligd","source":"AIP Nederland ENR 5.3, ED-269, 22 juli 2024"},"geometry":{"type":"Polygon","coordinates":[[[4.59078888888889,52.3946527777778],[4.59315277777778,52.3942861111111],[4.59533055555556,52.3943416666667],[4.59813333333333,52.3934027777778],[4.59814444444444,52.392875],[4.59543055555556,52.3920444444444],[4.59291111111111,52.3920277777778],[4.59218055555556,52.3924222222222],[4.59075277777778,52.3939805555556],[4.59078888888889,52.3946527777778]]]}},{"type":"Feature","properties":{"identifier":"6.7.10","name":"geografische zone van een beveiligd gebied of een locatie met vitale processen","restriction":"CONDITIONAL","rule":"OPEN cat. vluchten zijn hier verboden SPEC cat. vluchten vereisen een privilege op de exploitatievergunning","category":"beveiligd","source":"AIP Nederland ENR 5.3, ED-269, 22 juli 2024"},"geometry":{"type":"Polygon","coordinates":[[[4.61317222222222,52.5001277777778],[4.61846111111111,52.5038861111111],[4.62267777777778,52.5033472222222],[4.62121944444444,52.4998416666667],[4.61317222222222,52.5001277777778]]]}},{"type":"Feature","properties":{"identifier":"6.7.11","name":"geografische zone van een beveiligd gebied of een locatie met vitale processen","restriction":"CONDITIONAL","rule":"OPEN cat. vluchten zijn hier verboden SPEC cat. vluchten vereisen een privilege op de exploitatievergunning","category":"beveiligd","source":"AIP Nederland ENR 5.3, ED-269, 22 juli 2024"},"geometry":{"type":"Polygon","coordinates":[[[4.59575833333333,52.5164138888889],[4.60676944444444,52.5165472222222],[4.60625277777778,52.5016527777778],[4.59573333333333,52.5016111111111],[4.59575833333333,52.5164138888889]]]}},{"type":"Feature","properties":{"identifier":"6.7.12","name":"geografische zone van een beveiligd gebied of een locatie met vitale processen","restriction":"CONDITIONAL","rule":"OPEN cat. vluchten zijn hier verboden SPEC cat. vluchten vereisen een privilege op de exploitatievergunning","category":"beveiligd","source":"AIP Nederland ENR 5.3, ED-269, 22 juli 2024"},"geometry":{"type":"Polygon","coordinates":[[[4.60696944444444,52.5548944444444],[4.62653611111111,52.5548777777778],[4.62649166666667,52.5373972222222],[4.60693333333333,52.5374138888889],[4.60696944444444,52.5548944444444]]]}},{"type":"Feature","properties":{"identifier":"6.7.13","name":"geografische zone van een beveiligd gebied of een locatie met vitale processen","restriction":"CONDITIONAL","rule":"OPEN cat. vluchten zijn hier verboden SPEC cat. vluchten vereisen een privilege op de exploitatievergunning","category":"beveiligd","source":"AIP Nederland ENR 5.3, ED-269, 22 juli 2024"},"geometry":{"type":"Polygon","coordinates":[[[4.67252222222222,52.6799416666667],[4.68508055555556,52.6811972222222],[4.68611111111111,52.6773861111111],[4.67355277777778,52.6761305555556],[4.67252222222222,52.6799416666667]]]}},{"type":"Feature","properties":{"identifier":"6.7.14","name":"geografische zone van een beveiligd gebied of een locatie met vitale processen","restriction":"CONDITIONAL","rule":"OPEN cat. vluchten zijn hier verboden SPEC cat. vluchten vereisen een privilege op de exploitatievergunning","category":"beveiligd","source":"AIP Nederland ENR 5.3, ED-269, 22 juli 2024"},"geometry":{"type":"Polygon","coordinates":[[[4.72664722222222,52.6935666666667],[4.72661388888889,52.6936555555556],[4.72636944444444,52.6937972222222],[4.72639166666667,52.6938083333333],[4.72630277777778,52.6938583333333],[4.72619722222222,52.6939222222222],[4.72672777777778,52.6941027777778],[4.72705555555556,52.6936388888889],[4.72737222222222,52.6932111111111],[4.72735,52.6932027777778],[4.72724166666667,52.6931666666667],[4.72711944444444,52.6932472222222],[4.72693333333333,52.6933805555555],[4.72676944444444,52.6934888888889],[4.72664722222222,52.6935666666667]]]}},{"type":"Feature","properties":{"identifier":"6.7.15","name":"geografische zone van een beveiligd gebied of een locatie met vitale processen","restriction":"CONDITIONAL","rule":"OPEN cat. vluchten zijn hier verboden SPEC cat. vluchten vereisen een privilege op de exploitatievergunning","category":"beveiligd","source":"AIP Nederland ENR 5.3, ED-269, 22 juli 2024"},"geometry":{"type":"Polygon","coordinates":[[[4.80189444444444,52.6363305555556],[4.80189722222222,52.6363361111111],[4.80191111111111,52.6364277777778],[4.80228333333333,52.6366333333333],[4.80248055555556,52.6364916666667],[4.80206944444444,52.6362777777778],[4.80189444444444,52.6363305555556]]]}},{"type":"Feature","properties":{"identifier":"6.7.16","name":"geografische zone van een beveiligd gebied of een locatie met vitale processen","restriction":"CONDITIONAL","rule":"OPEN cat. vluchten zijn hier verboden SPEC cat. vluchten vereisen een privilege op de exploitatievergunning","category":"beveiligd","source":"AIP Nederland ENR 5.3, ED-269, 22 juli 2024"},"geometry":{"type":"Polygon","coordinates":[[[4.86076388888889,53.1473277777778],[4.86036111111111,53.1474972222222],[4.86064444444444,53.1477388888889],[4.86106111111111,53.1475666666667],[4.86106111111111,53.1475638888889],[4.86076388888889,53.1473277777778]]]}},{"type":"Feature","properties":{"identifier":"6.7.17","name":"geografische zone van een beveiligd gebied of een locatie met vitale processen","restriction":"CONDITIONAL","rule":"OPEN cat. vluchten zijn hier verboden SPEC cat. vluchten vereisen een privilege op de exploitatievergunning","category":"beveiligd","source":"AIP Nederland ENR 5.3, ED-269, 22 juli 2024"},"geometry":{"type":"Polygon","coordinates":[[[4.86329444444444,53.1741472222222],[4.86333333333333,53.1742083333333],[4.86338888888889,53.1741944444444],[4.86335,53.1741333333333],[4.86329444444444,53.1741472222222]]]}},{"type":"Feature","properties":{"identifier":"6.7.18","name":"geografische zone van een beveiligd gebied of een locatie met vitale processen","restriction":"CONDITIONAL","rule":"OPEN cat. vluchten zijn hier verboden SPEC cat. vluchten vereisen een privilege op de exploitatievergunning","category":"beveiligd","source":"AIP Nederland ENR 5.3, ED-269, 22 juli 2024"},"geometry":{"type":"Polygon","coordinates":[[[4.59078055555555,52.4041166666667],[4.59076388888889,52.4041027777778],[4.59075833333333,52.4041055555556],[4.59075833333333,52.4041055555556],[4.59075555555556,52.4041055555556],[4.59075277777778,52.4041055555556],[4.59075277777778,52.4041083333333],[4.59075277777778,52.4041083333333],[4.59075,52.4041083333333],[4.59075,52.4041083333333],[4.59074722222222,52.4041083333333],[4.59073888888889,52.4041138888889],[4.59075555555556,52.4041277777778],[4.59078055555555,52.4041166666667]]]}},{"type":"Feature","properties":{"identifier":"6.7.19","name":"geografische zone van een beveiligd gebied of een locatie met vitale processen","restriction":"CONDITIONAL","rule":"OPEN cat. vluchten zijn hier verboden SPEC cat. vluchten vereisen een privilege op de exploitatievergunning","category":"beveiligd","source":"AIP Nederland ENR 5.3, ED-269, 22 juli 2024"},"geometry":{"type":"Polygon","coordinates":[[[4.63503333333333,52.4821222222222],[4.63590555555556,52.482025],[4.63578333333333,52.4816111111111],[4.63491111111111,52.4817055555556],[4.63503333333333,52.4821222222222]]]}},{"type":"Feature","properties":{"identifier":"6.7.20","name":"geografische zone van een beveiligd gebied of een locatie met vitale processen","restriction":"CONDITIONAL","rule":"OPEN cat. vluchten zijn hier verboden SPEC cat. vluchten vereisen een privilege op de exploitatievergunning","category":"beveiligd","source":"AIP Nederland ENR 5.3, ED-269, 22 juli 2024"},"geometry":{"type":"Polygon","coordinates":[[[4.73796666666667,51.8056777777778],[4.73630555555556,51.8051361111111],[4.72926388888889,51.8058083333333],[4.72155555555556,51.8072833333333],[4.71956944444444,51.8079444444444],[4.71878611111111,51.8091722222222],[4.71931388888889,51.8100638888889],[4.72350833333333,51.8127],[4.72578611111111,51.8155611111111],[4.72721944444444,51.8160833333333],[4.73578055555556,51.8153027777778],[4.73937222222222,51.8136083333333],[4.74110555555556,51.8110027777778],[4.74103055555556,51.8094194444444],[4.74021111111111,51.8079361111111],[4.73796666666667,51.8056777777778]]]}},{"type":"Feature","properties":{"identifier":"6.7.21","name":"geografische zone van een beveiligd gebied of een locatie met vitale processen","restriction":"CONDITIONAL","rule":"OPEN cat. vluchten zijn hier verboden SPEC cat. vluchten vereisen een privilege op de exploitatievergunning","category":"beveiligd","source":"AIP Nederland ENR 5.3, ED-269, 22 juli 2024"},"geometry":{"type":"Polygon","coordinates":[[[4.426825,51.8325111111111],[4.42336388888889,51.8298666666667],[4.41905833333333,51.8285944444444],[4.41619722222222,51.8286361111111],[4.39945277777778,51.8307305555556],[4.39538055555556,51.830375],[4.39389722222222,51.8309916666667],[4.39180277777778,51.8330805555556],[4.39108888888889,51.8381638888889],[4.39191666666667,51.8392416666667],[4.39428055555556,51.8396638888889],[4.41286666666667,51.8402333333333],[4.42145,51.8409194444444],[4.42525833333333,51.8394805555556],[4.42696666666667,51.8381333333333],[4.42775277777778,51.8368666666667],[4.42797222222222,51.8345527777778],[4.426825,51.8325111111111]]]}},{"type":"Feature","properties":{"identifier":"6.7.22","name":"geografische zone van een beveiligd gebied of een locatie met vitale processen","restriction":"CONDITIONAL","rule":"OPEN cat. vluchten zijn hier verboden SPEC cat. vluchten vereisen een privilege op de exploitatievergunning","category":"beveiligd","source":"AIP Nederland ENR 5.3, ED-269, 22 juli 2024"},"geometry":{"type":"Polygon","coordinates":[[[3.75623055555556,51.2946055555556],[3.75575833333333,51.2932361111111],[3.75461111111111,51.2926555555556],[3.75210277777778,51.2923416666667],[3.74105555555556,51.29415],[3.73974166666667,51.2939111111111],[3.73845277777778,51.294225],[3.73761388888889,51.2956361111111],[3.72984166666667,51.3018666666667],[3.72803888888889,51.3056611111111],[3.72474444444444,51.308725],[3.72524722222222,51.3096222222222],[3.72965555555556,51.31245],[3.731125,51.3126861111111],[3.73294444444444,51.3122],[3.73547222222222,51.3095888888889],[3.74256388888889,51.3041055555556],[3.75016944444444,51.3018944444444],[3.75178055555556,51.3010277777778],[3.75623055555556,51.2946055555556]]]}},{"type":"Feature","properties":{"identifier":"6.7.23","name":"geografische zone van een beveiligd gebied of een locatie met vitale processen","restriction":"CONDITIONAL","rule":"OPEN cat. vluchten zijn hier verboden SPEC cat. vluchten vereisen een privilege op de exploitatievergunning","category":"beveiligd","source":"AIP Nederland ENR 5.3, ED-269, 22 juli 2024"},"geometry":{"type":"Polygon","coordinates":[[[4.54081944444444,51.9095194444444],[4.542725,51.9066777777778],[4.54245277777778,51.9059138888889],[4.54153888888889,51.9053722222222],[4.53304444444444,51.9034166666667],[4.52599722222222,51.9046444444444],[4.52475833333333,51.9058444444444],[4.52558611111111,51.9075861111111],[4.52656388888889,51.9082055555556],[4.52888055555556,51.90815],[4.530225,51.9089944444444],[4.53521111111111,51.9092583333333],[4.53885277777778,51.9101027777778],[4.54081944444444,51.9095194444444]]]}},{"type":"Feature","properties":{"identifier":"6.7.24","name":"geografische zone van een beveiligd gebied of een locatie met vitale processen","restriction":"CONDITIONAL","rule":"OPEN cat. vluchten zijn hier verboden SPEC cat. vluchten vereisen een privilege op de exploitatievergunning","category":"beveiligd","source":"AIP Nederland ENR 5.3, ED-269, 22 juli 2024"},"geometry":{"type":"Polygon","coordinates":[[[4.29195555555556,51.5262944444444],[4.28823611111111,51.5258888888889],[4.2866,51.5263305555556],[4.28595555555556,51.5274083333333],[4.28755,51.5293055555556],[4.28916388888889,51.5297777777778],[4.29212222222222,51.5293694444444],[4.29313333333333,51.5275138888889],[4.29195555555556,51.5262944444444]]]}},{"type":"Feature","properties":{"identifier":"6.7.25","name":"geografische zone van een beveiligd gebied of een locatie met vitale processen","restriction":"CONDITIONAL","rule":"OPEN cat. vluchten zijn hier verboden SPEC cat. vluchten vereisen een privilege op de exploitatievergunning","category":"beveiligd","source":"AIP Nederland ENR 5.3, ED-269, 22 juli 2024"},"geometry":{"type":"Polygon","coordinates":[[[4.36365277777778,51.4320527777778],[4.35896666666667,51.4313055555556],[4.35741944444444,51.4322444444444],[4.35729722222222,51.4347944444444],[4.35866666666667,51.4357333333333],[4.36291944444444,51.4360194444444],[4.36495277777778,51.4348916666667],[4.36534722222222,51.4334472222222],[4.36491944444444,51.4326222222222],[4.36365277777778,51.4320527777778]]]}},{"type":"Feature","properties":{"identifier":"6.7.26","name":"geografische zone van een beveiligd gebied of een locatie met vitale processen","restriction":"CONDITIONAL","rule":"OPEN cat. vluchten zijn hier verboden SPEC cat. vluchten vereisen een privilege op de exploitatievergunning","category":"beveiligd","source":"AIP Nederland ENR 5.3, ED-269, 22 juli 2024"},"geometry":{"type":"Polygon","coordinates":[[[4.32617777777778,51.3972083333333],[4.32357222222222,51.3969055555556],[4.32155833333333,51.3975916666667],[4.32106944444444,51.3997305555556],[4.32191388888889,51.4003083333333],[4.32423333333333,51.4009],[4.32661111111111,51.4008111111111],[4.32827222222222,51.3994944444444],[4.32823888888889,51.3983805555556],[4.32617777777778,51.3972083333333]]]}},{"type":"Feature","properties":{"identifier":"6.7.27","name":"geografische zone van een beveiligd gebied of een locatie met vitale processen","restriction":"CONDITIONAL","rule":"OPEN cat. vluchten zijn hier verboden SPEC cat. vluchten vereisen een privilege op de exploitatievergunning","category":"beveiligd","source":"AIP Nederland ENR 5.3, ED-269, 22 juli 2024"},"geometry":{"type":"Polygon","coordinates":[[[3.960275,51.8267777777778],[3.95869722222222,51.8265472222222],[3.95610277777778,51.8271333333333],[3.95497777777778,51.8285833333333],[3.95668888888889,51.8306083333333],[3.95910833333333,51.8310583333333],[3.96168611111111,51.8305833333333],[3.96335,51.828925],[3.96253888888889,51.8277555555556],[3.960275,51.8267777777778]]]}},{"type":"Feature","properties":{"identifier":"6.7.28","name":"geografische zone van een beveiligd gebied of een locatie met vitale processen","restriction":"CONDITIONAL","rule":"OPEN cat. vluchten zijn hier verboden SPEC cat. vluchten vereisen een privilege op de exploitatievergunning","category":"beveiligd","source":"AIP Nederland ENR 5.3, ED-269, 22 juli 2024"},"geometry":{"type":"Polygon","coordinates":[[[3.71095555555556,51.6911861111111],[3.70724444444444,51.6890361111111],[3.70524166666667,51.6892972222222],[3.70342777777778,51.690925],[3.70393333333333,51.6918222222222],[3.70759444444444,51.6939111111111],[3.70936666666667,51.6937555555556],[3.71128888888889,51.6923611111111],[3.71095555555556,51.6911861111111]]]}},{"type":"Feature","properties":{"identifier":"6.7.29","name":"geografische zone van een beveiligd gebied of een locatie met vitale processen","restriction":"CONDITIONAL","rule":"OPEN cat. vluchten zijn hier verboden SPEC cat. vluchten vereisen een privilege op de exploitatievergunning","category":"beveiligd","source":"AIP Nederland ENR 5.3, ED-269, 22 juli 2024"},"geometry":{"type":"Polygon","coordinates":[[[4.05973611111111,51.2466055555556],[4.05868888888889,51.2461805555556],[4.05525833333333,51.2465166666667],[4.05403333333333,51.2476222222222],[4.05466111111111,51.2497611111111],[4.055875,51.2504722222222],[4.05845555555556,51.2507944444444],[4.05965555555556,51.2505805555556],[4.06053611111111,51.24995],[4.06056111111111,51.2475666666667],[4.05973611111111,51.2466055555556]]]}},{"type":"Feature","properties":{"identifier":"6.7.30","name":"geografische zone van een beveiligd gebied of een locatie met vitale processen","restriction":"CONDITIONAL","rule":"OPEN cat. vluchten zijn hier verboden SPEC cat. vluchten vereisen een privilege op de exploitatievergunning","category":"beveiligd","source":"AIP Nederland ENR 5.3, ED-269, 22 juli 2024"},"geometry":{"type":"Polygon","coordinates":[[[4.22458888888889,51.7514805555556],[4.22288333333333,51.7511416666667],[4.22073055555556,51.751925],[4.22018333333333,51.7529833333333],[4.22121666666667,51.7540583333333],[4.22362222222222,51.7567166666667],[4.22826944444444,51.7551472222222],[4.22566111111111,51.7525638888889],[4.22458888888889,51.7514805555556]]]}},{"type":"Feature","properties":{"identifier":"6.7.31","name":"geografische zone van een beveiligd gebied of een locatie met vitale processen","restriction":"CONDITIONAL","rule":"OPEN cat. vluchten zijn hier verboden SPEC cat. vluchten vereisen een privilege op de exploitatievergunning","category":"beveiligd","source":"AIP Nederland ENR 5.3, ED-269, 22 juli 2024"},"geometry":{"type":"Polygon","coordinates":[[[4.77499166666667,51.7638472222222],[4.77546666666667,51.7635944444444],[4.77741388888889,51.7649888888889],[4.77891666666667,51.7653944444444],[4.78058333333333,51.7652361111111],[4.7819,51.7644805555556],[4.78319166666667,51.7617722222222],[4.78482222222222,51.7600472222222],[4.78512777777778,51.7585027777778],[4.78458611111111,51.7561333333333],[4.78341111111111,51.7544166666667],[4.78198888888889,51.7527805555556],[4.78027222222222,51.7517638888889],[4.78622777777778,51.7441611111111],[4.79009444444444,51.7443416666667],[4.79233333333333,51.7440027777778],[4.79435555555556,51.7428472222222],[4.79512777777778,51.7413638888889],[4.79451388888889,51.7388333333333],[4.7936,51.7375027777778],[4.79206388888889,51.7364611111111],[4.78791388888889,51.7348305555556],[4.78114722222222,51.7280138888889],[4.79576944444444,51.7309694444444],[4.80553333333333,51.7317805555556],[4.81268333333333,51.7336277777778],[4.81711388888889,51.7336861111111],[4.82737777777778,51.7310833333333],[4.83143611111111,51.7316222222222],[4.83439722222222,51.730475],[4.83523333333333,51.7289166666667],[4.83503055555556,51.7265472222222],[4.83081111111111,51.7224166666667],[4.82204444444444,51.7184666666667],[4.81873055555556,51.7175916666667],[4.81531944444444,51.7179444444444],[4.81330833333333,51.7189194444444],[4.81142222222222,51.7205638888889],[4.80752222222222,51.7215777777778],[4.79725555555556,51.7194166666667],[4.79256944444444,51.7192722222222],[4.78891944444444,51.7199666666667],[4.77936944444444,51.7233638888889],[4.76547222222222,51.7247],[4.76443055555556,51.7253166666667],[4.76423611111111,51.7262],[4.75946944444444,51.728525],[4.75834444444444,51.7297083333333],[4.75786388888889,51.7312277777778],[4.75842777777778,51.7329194444444],[4.75958888888889,51.7340361111111],[4.76691388888889,51.7386],[4.77415277777778,51.7404777777778],[4.77828611111111,51.7422833333333],[4.78096944444444,51.7429638888889],[4.77570555555556,51.7497277777778],[4.77258611111111,51.7495138888889],[4.76906666666667,51.7498944444444],[4.76749444444444,51.7504361111111],[4.76606944444444,51.7516166666667],[4.76415,51.7555944444444],[4.76443055555556,51.7588388888889],[4.76806388888889,51.7623],[4.76775555555556,51.7639277777778],[4.76824166666667,51.7647194444444],[4.76999166666667,51.76575],[4.77205555555556,51.765825],[4.77406666666667,51.7650444444444],[4.77499166666667,51.7638472222222]]]}},{"type":"Feature","properties":{"identifier":"6.7.32","name":"geografische zone van een beveiligd gebied of een locatie met vitale processen","restriction":"CONDITIONAL","rule":"OPEN cat. vluchten zijn hier verboden SPEC cat. vluchten vereisen een privilege op de exploitatievergunning","category":"beveiligd","source":"AIP Nederland ENR 5.3, ED-269, 22 juli 2024"},"geometry":{"type":"Polygon","coordinates":[[[5.58351111111111,51.2880277777778],[5.582925,51.2887972222222],[5.58274166666667,51.2897],[5.5838,51.2899833333333],[5.58447222222222,51.2892861111111],[5.58563055555556,51.2889027777778],[5.58576666666667,51.2886944444444],[5.58351111111111,51.2880277777778]]]}},{"type":"Feature","properties":{"identifier":"6.7.33","name":"geografische zone van een beveiligd gebied of een locatie met vitale processen","restriction":"CONDITIONAL","rule":"OPEN cat. vluchten zijn hier verboden SPEC cat. vluchten vereisen een privilege op de exploitatievergunning","category":"beveiligd","source":"AIP Nederland ENR 5.3, ED-269, 22 juli 2024"},"geometry":{"type":"Polygon","coordinates":[[[5.243575,51.61335],[5.24278055555556,51.6138166666667],[5.24269166666667,51.614275],[5.24418333333333,51.615175],[5.24453055555556,51.6152194444444],[5.24482222222222,51.6140833333333],[5.243575,51.61335]]]}},{"type":"Feature","properties":{"identifier":"6.7.34","name":"geografische zone van een beveiligd gebied of een locatie met vitale processen","restriction":"CONDITIONAL","rule":"OPEN cat. vluchten zijn hier verboden SPEC cat. vluchten vereisen een privilege op de exploitatievergunning","category":"beveiligd","source":"AIP Nederland ENR 5.3, ED-269, 22 juli 2024"},"geometry":{"type":"Polygon","coordinates":[[[5.56382222222222,51.5163111111111],[5.56304166666667,51.5162555555556],[5.56153888888889,51.5167],[5.56281944444444,51.5179472222222],[5.56354722222222,51.5277777777778],[5.56428888888889,51.5173833333333],[5.56416944444444,51.5165277777778],[5.56382222222222,51.5163111111111]]]}},{"type":"Feature","properties":{"identifier":"6.7.35","name":"geografische zone van een beveiligd gebied of een locatie met vitale processen","restriction":"CONDITIONAL","rule":"OPEN cat. vluchten zijn hier verboden SPEC cat. vluchten vereisen een privilege op de exploitatievergunning","category":"beveiligd","source":"AIP Nederland ENR 5.3, ED-269, 22 juli 2024"},"geometry":{"type":"Polygon","coordinates":[[[5.404025,51.7822194444444],[5.40338888888889,51.7830638888889],[5.40378888888889,51.7836888888889],[5.40482222222222,51.7839],[5.40543611111111,51.7828222222222],[5.404875,51.7823138888889],[5.404025,51.7822194444444]]]}},{"type":"Feature","properties":{"identifier":"6.7.36","name":"geografische zone van een beveiligd gebied of een locatie met vitale processen","restriction":"CONDITIONAL","rule":"OPEN cat. vluchten zijn hier verboden SPEC cat. vluchten vereisen een privilege op de exploitatievergunning","category":"beveiligd","source":"AIP Nederland ENR 5.3, ED-269, 22 juli 2024"},"geometry":{"type":"Polygon","coordinates":[[[5.49971944444444,51.6968583333333],[5.50048888888889,51.6968694444444],[5.50072222222222,51.6967305555556],[5.50008611111111,51.6961666666667],[5.49916944444444,51.6958027777778],[5.49854722222222,51.6952555555556],[5.49783333333333,51.6953194444444],[5.49761388888889,51.6956138888889],[5.49805555555556,51.6961361111111],[5.49828055555556,51.6968861111111],[5.49873055555556,51.6970138888889],[5.49971944444444,51.6968583333333]]]}},{"type":"Feature","properties":{"identifier":"6.7.37","name":"geografische zone van een beveiligd gebied of een locatie met vitale processen","restriction":"CONDITIONAL","rule":"OPEN cat. vluchten zijn hier verboden SPEC cat. vluchten vereisen een privilege op de exploitatievergunning","category":"beveiligd","source":"AIP Nederland ENR 5.3, ED-269, 22 juli 2024"},"geometry":{"type":"Polygon","coordinates":[[[5.30310833333333,51.2816083333333],[5.30258611111111,51.2824055555556],[5.30380555555555,51.2826472222222],[5.30410555555556,51.2820861111111],[5.30373055555556,51.2817333333333],[5.30310833333333,51.2816083333333]]]}},{"type":"Feature","properties":{"identifier":"6.7.38","name":"geografische zone van een beveiligd gebied of een locatie met vitale processen","restriction":"CONDITIONAL","rule":"OPEN cat. vluchten zijn hier verboden SPEC cat. vluchten vereisen een privilege op de exploitatievergunning","category":"beveiligd","source":"AIP Nederland ENR 5.3, ED-269, 22 juli 2024"},"geometry":{"type":"Polygon","coordinates":[[[5.53236111111111,51.7985583333333],[5.53136666666667,51.7986694444444],[5.53006666666667,51.7992055555556],[5.5302,51.7995361111111],[5.53106111111111,51.799825],[5.53172222222222,51.8003555555556],[5.53203333333333,51.8003138888889],[5.53305,51.7995833333333],[5.53236111111111,51.7985583333333]]]}},{"type":"Feature","properties":{"identifier":"6.7.39","name":"geografische zone van een beveiligd gebied of een locatie met vitale processen","restriction":"CONDITIONAL","rule":"OPEN cat. vluchten zijn hier verboden SPEC cat. vluchten vereisen een privilege op de exploitatievergunning","category":"beveiligd","source":"AIP Nederland ENR 5.3, ED-269, 22 juli 2024"},"geometry":{"type":"Polygon","coordinates":[[[5.25564444444444,51.5326722222222],[5.25456666666667,51.5329138888889],[5.25417222222222,51.5333777777778],[5.25430555555556,51.5336138888889],[5.25589722222222,51.5330916666667],[5.25564444444444,51.5326722222222]]]}},{"type":"Feature","properties":{"identifier":"6.7.40","name":"geografische zone van een beveiligd gebied of een locatie met vitale processen","restriction":"CONDITIONAL","rule":"OPEN cat. vluchten zijn hier verboden SPEC cat. vluchten vereisen een privilege op de exploitatievergunning","category":"beveiligd","source":"AIP Nederland ENR 5.3, ED-269, 22 juli 2024"},"geometry":{"type":"Polygon","coordinates":[[[5.41124722222222,51.6007472222222],[5.41088611111111,51.601225],[5.41129444444444,51.6019],[5.41189444444445,51.6020888888889],[5.41248611111111,51.6019972222222],[5.41273333333333,51.6011083333333],[5.41124722222222,51.6007472222222]]]}},{"type":"Feature","properties":{"identifier":"6.7.41","name":"geografische zone van een beveiligd gebied of een locatie met vitale processen","restriction":"CONDITIONAL","rule":"OPEN cat. vluchten zijn hier verboden SPEC cat. vluchten vereisen een privilege op de exploitatievergunning","category":"beveiligd","source":"AIP Nederland ENR 5.3, ED-269, 22 juli 2024"},"geometry":{"type":"Polygon","coordinates":[[[5.69510277777778,51.3316944444444],[5.69394166666667,51.3317555555556],[5.69436666666667,51.3326555555556],[5.695175,51.3325638888889],[5.69559722222222,51.3322111111111],[5.69510277777778,51.3316944444444]]]}},{"type":"Feature","properties":{"identifier":"6.7.42","name":"geografische zone van een beveiligd gebied of een locatie met vitale processen","restriction":"CONDITIONAL","rule":"OPEN cat. vluchten zijn hier verboden SPEC cat. vluchten vereisen een privilege op de exploitatievergunning","category":"beveiligd","source":"AIP Nederland ENR 5.3, ED-269, 22 juli 2024"},"geometry":{"type":"Polygon","coordinates":[[[5.43214444444444,51.52845],[5.43294722222222,51.5278861111111],[5.43276666666667,51.5276916666667],[5.43169444444445,51.5273916666667],[5.43052222222222,51.527725],[5.42988888888889,51.5283388888889],[5.43181388888889,51.5287],[5.43214444444444,51.52845]]]}},{"type":"Feature","properties":{"identifier":"6.7.43","name":"geografische zone van een beveiligd gebied of een locatie met vitale processen","restriction":"CONDITIONAL","rule":"OPEN cat. vluchten zijn hier verboden SPEC cat. vluchten vereisen een privilege op de exploitatievergunning","category":"beveiligd","source":"AIP Nederland ENR 5.3, ED-269, 22 juli 2024"},"geometry":{"type":"Polygon","coordinates":[[[5.58136388888889,51.6097888888889],[5.58031666666667,51.6098888888889],[5.57972777777778,51.6104333333333],[5.57972777777778,51.6120555555556],[5.58029166666667,51.612575],[5.58078888888889,51.6127555555556],[5.58161944444444,51.6124277777778],[5.58189166666667,51.6114805555556],[5.58136388888889,51.6097888888889]]]}},{"type":"Feature","properties":{"identifier":"6.7.44","name":"geografische zone van een beveiligd gebied of een locatie met vitale processen","restriction":"CONDITIONAL","rule":"OPEN cat. vluchten zijn hier verboden SPEC cat. vluchten vereisen een privilege op de exploitatievergunning","category":"beveiligd","source":"AIP Nederland ENR 5.3, ED-269, 22 juli 2024"},"geometry":{"type":"Polygon","coordinates":[[[5.31367222222222,51.4334027777778],[5.31225833333333,51.4337527777778],[5.31270833333333,51.4343138888889],[5.31300833333333,51.4353583333333],[5.314875,51.4350555555556],[5.31547222222222,51.4347222222222],[5.31367222222222,51.4334027777778]]]}},{"type":"Feature","properties":{"identifier":"6.7.45","name":"geografische zone van een beveiligd gebied of een locatie met vitale processen","restriction":"CONDITIONAL","rule":"OPEN cat. vluchten zijn hier verboden SPEC cat. vluchten vereisen een privilege op de exploitatievergunning","category":"beveiligd","source":"AIP Nederland ENR 5.3, ED-269, 22 juli 2024"},"geometry":{"type":"Polygon","coordinates":[[[5.95604722222222,51.5950472222222],[5.95491111111111,51.5943555555556],[5.95345833333333,51.5942666666667],[5.95331944444444,51.5950416666667],[5.95440833333333,51.5950861111111],[5.95578611111111,51.5953777777778],[5.95604722222222,51.5950472222222]]]}},{"type":"Feature","properties":{"identifier":"6.7.46","name":"geografische zone van een beveiligd gebied of een locatie met vitale processen","restriction":"CONDITIONAL","rule":"OPEN cat. vluchten zijn hier verboden SPEC cat. vluchten vereisen een privilege op de exploitatievergunning","category":"beveiligd","source":"AIP Nederland ENR 5.3, ED-269, 22 juli 2024"},"geometry":{"type":"Polygon","coordinates":[[[5.76286944444444,51.4366083333333],[5.76076111111111,51.4367194444444],[5.76075833333333,51.4371222222222],[5.76284166666667,51.4369416666667],[5.76286944444444,51.4366083333333]]]}},{"type":"Feature","properties":{"identifier":"6.7.47","name":"geografische zone van een beveiligd gebied of een locatie met vitale processen","restriction":"CONDITIONAL","rule":"OPEN cat. vluchten zijn hier verboden SPEC cat. vluchten vereisen een privilege op de exploitatievergunning","category":"beveiligd","source":"AIP Nederland ENR 5.3, ED-269, 22 juli 2024"},"geometry":{"type":"Polygon","coordinates":[[[5.18577222222222,51.6860722222222],[5.18702222222222,51.6860722222222],[5.18711944444444,51.6852833333333],[5.18465833333333,51.6853694444444],[5.18415833333333,51.6860222222222],[5.184825,51.6862111111111],[5.18577222222222,51.6860722222222]]]}},{"type":"Feature","properties":{"identifier":"6.7.48","name":"geografische zone van een beveiligd gebied of een locatie met vitale processen","restriction":"CONDITIONAL","rule":"OPEN cat. vluchten zijn hier verboden SPEC cat. vluchten vereisen een privilege op de exploitatievergunning","category":"beveiligd","source":"AIP Nederland ENR 5.3, ED-269, 22 juli 2024"},"geometry":{"type":"Polygon","coordinates":[[[5.68853333333333,51.4831333333333],[5.687475,51.4835444444444],[5.68699166666667,51.4840222222222],[5.68628333333333,51.4843638888889],[5.68551111111111,51.4857583333333],[5.685875,51.4860472222222],[5.68650833333333,51.486125],[5.68732222222222,51.4849333333333],[5.68850833333333,51.4839972222222],[5.68903055555556,51.4833222222222],[5.68853333333333,51.4831333333333]]]}},{"type":"Feature","properties":{"identifier":"6.7.49","name":"geografische zone van een beveiligd gebied of een locatie met vitale processen","restriction":"CONDITIONAL","rule":"OPEN cat. vluchten zijn hier verboden SPEC cat. vluchten vereisen een privilege op de exploitatievergunning","category":"beveiligd","source":"AIP Nederland ENR 5.3, ED-269, 22 juli 2024"},"geometry":{"type":"Polygon","coordinates":[[[5.41571111111111,51.72255],[5.41621111111111,51.7225138888889],[5.41639166666667,51.722075],[5.41435833333333,51.7216777777778],[5.41329166666667,51.721025],[5.41186111111111,51.7213305555556],[5.41048611111111,51.721275],[5.41051111111111,51.7214444444444],[5.41179722222222,51.7218472222222],[5.41258611111111,51.7226388888889],[5.41381666666667,51.7225527777778],[5.41483333333333,51.7227388888889],[5.41571111111111,51.72255]]]}},{"type":"Feature","properties":{"identifier":"6.7.50","name":"geografische zone van een beveiligd gebied of een locatie met vitale processen","restriction":"CONDITIONAL","rule":"OPEN cat. vluchten zijn hier verboden SPEC cat. vluchten vereisen een privilege op de exploitatievergunning","category":"beveiligd","source":"AIP Nederland ENR 5.3, ED-269, 22 juli 2024"},"geometry":{"type":"Polygon","coordinates":[[[5.48083055555556,51.4165],[5.48203611111111,51.4164388888889],[5.482125,51.4160833333333],[5.48180277777778,51.4155555555556],[5.48181944444444,51.4147472222222],[5.48157222222222,51.4141194444444],[5.48173333333333,51.4136333333333],[5.48219444444444,51.4132],[5.48208611111111,51.4130444444444],[5.48078888888889,51.4134027777778],[5.47864722222222,51.41345],[5.47932222222222,51.4165916666667],[5.48083055555556,51.4165]]]}},{"type":"Feature","properties":{"identifier":"6.7.51","name":"geografische zone van een beveiligd gebied of een locatie met vitale processen","restriction":"CONDITIONAL","rule":"OPEN cat. vluchten zijn hier verboden SPEC cat. vluchten vereisen een privilege op de exploitatievergunning","category":"beveiligd","source":"AIP Nederland ENR 5.3, ED-269, 22 juli 2024"},"geometry":{"type":"Polygon","coordinates":[[[5.41385833333333,51.4546833333333],[5.41403888888889,51.4545],[5.41359166666667,51.4542666666667],[5.41263888888889,51.4545916666667],[5.41170277777778,51.4546888888889],[5.41141111111111,51.4553277777778],[5.41213888888889,51.4557527777778],[5.41385833333333,51.4546833333333]]]}},{"type":"Feature","properties":{"identifier":"6.7.52","name":"geografische zone van een beveiligd gebied of een locatie met vitale processen","restriction":"CONDITIONAL","rule":"OPEN cat. vluchten zijn hier verboden SPEC cat. vluchten vereisen een privilege op de exploitatievergunning","category":"beveiligd","source":"AIP Nederland ENR 5.3, ED-269, 22 juli 2024"},"geometry":{"type":"Polygon","coordinates":[[[4.31174166666667,51.4808611111111],[4.312075,51.4805472222222],[4.31094722222222,51.479825],[4.30966666666667,51.4795138888889],[4.30884722222222,51.4797555555556],[4.30939722222222,51.4803722222222],[4.31015,51.4807777777778],[4.31174166666667,51.4808611111111]]]}},{"type":"Feature","properties":{"identifier":"6.7.53","name":"geografische zone van een beveiligd gebied of een locatie met vitale processen","restriction":"CONDITIONAL","rule":"OPEN cat. vluchten zijn hier verboden SPEC cat. vluchten vereisen een privilege op de exploitatievergunning","category":"beveiligd","source":"AIP Nederland ENR 5.3, ED-269, 22 juli 2024"},"geometry":{"type":"Polygon","coordinates":[[[4.86236111111111,51.5935361111111],[4.86178055555555,51.5936055555556],[4.86163333333333,51.5943027777778],[4.86177777777778,51.5949361111111],[4.86259722222222,51.5951277777778],[4.86349444444444,51.5951138888889],[4.86356666666667,51.5945138888889],[4.86325555555555,51.5937722222222],[4.86236111111111,51.5935361111111]]]}},{"type":"Feature","properties":{"identifier":"6.7.54","name":"geografische zone van een beveiligd gebied of een locatie met vitale processen","restriction":"CONDITIONAL","rule":"OPEN cat. vluchten zijn hier verboden SPEC cat. vluchten vereisen een privilege op de exploitatievergunning","category":"beveiligd","source":"AIP Nederland ENR 5.3, ED-269, 22 juli 2024"},"geometry":{"type":"Polygon","coordinates":[[[5.02015277777778,51.7133277777778],[5.01986388888889,51.7134027777778],[5.019975,51.7136222222222],[5.02031666666667,51.71355],[5.02015277777778,51.7133277777778]]]}},{"type":"Feature","properties":{"identifier":"6.7.55","name":"geografische zone van een beveiligd gebied of een locatie met vitale processen","restriction":"CONDITIONAL","rule":"OPEN cat. vluchten zijn hier verboden SPEC cat. vluchten vereisen een privilege op de exploitatievergunning","category":"beveiligd","source":"AIP Nederland ENR 5.3, ED-269, 22 juli 2024"},"geometry":{"type":"Polygon","coordinates":[[[5.09647222222222,51.7418],[5.09621388888889,51.7422222222222],[5.09698888888889,51.7427],[5.09832777777778,51.7432277777778],[5.09876666666667,51.7432638888889],[5.098875,51.7429916666667],[5.09797222222222,51.7423527777778],[5.09647222222222,51.7418]]]}},{"type":"Feature","properties":{"identifier":"6.7.56","name":"geografische zone van een beveiligd gebied of een locatie met vitale processen","restriction":"CONDITIONAL","rule":"OPEN cat. vluchten zijn hier verboden SPEC cat. vluchten vereisen een privilege op de exploitatievergunning","category":"beveiligd","source":"AIP Nederland ENR 5.3, ED-269, 22 juli 2024"},"geometry":{"type":"Polygon","coordinates":[[[4.95064722222222,51.5276916666667],[4.949925,51.5279722222222],[4.95017222222222,51.5282833333333],[4.95069722222222,51.5281166666667],[4.95084722222222,51.5278333333333],[4.95064722222222,51.5276916666667]]]}},{"type":"Feature","properties":{"identifier":"6.7.57","name":"geografische zone van een beveiligd gebied of een locatie met vitale processen","restriction":"CONDITIONAL","rule":"OPEN cat. vluchten zijn hier verboden SPEC cat. vluchten vereisen een privilege op de exploitatievergunning","category":"beveiligd","source":"AIP Nederland ENR 5.3, ED-269, 22 juli 2024"},"geometry":{"type":"Polygon","coordinates":[[[4.83721388888889,51.6309777777778],[4.83833055555556,51.6304805555556],[4.83828055555556,51.6301138888889],[4.836525,51.6288888888889],[4.83436111111111,51.6301138888889],[4.83605833333333,51.6309194444444],[4.83721388888889,51.6309777777778]]]}},{"type":"Feature","properties":{"identifier":"6.7.58","name":"geografische zone van een beveiligd gebied of een locatie met vitale processen","restriction":"CONDITIONAL","rule":"OPEN cat. vluchten zijn hier verboden SPEC cat. vluchten vereisen een privilege op de exploitatievergunning","category":"beveiligd","source":"AIP Nederland ENR 5.3, ED-269, 22 juli 2024"},"geometry":{"type":"Polygon","coordinates":[[[4.86240277777778,51.5411],[4.86177222222222,51.5414555555556],[4.86327777777778,51.5423888888889],[4.86368611111111,51.5424694444444],[4.863925,51.5422666666667],[4.86240277777778,51.5411]]]}},{"type":"Feature","properties":{"identifier":"6.7.59","name":"geografische zone van een beveiligd gebied of een locatie met vitale processen","restriction":"CONDITIONAL","rule":"OPEN cat. vluchten zijn hier verboden SPEC cat. vluchten vereisen een privilege op de exploitatievergunning","category":"beveiligd","source":"AIP Nederland ENR 5.3, ED-269, 22 juli 2024"},"geometry":{"type":"Polygon","coordinates":[[[4.47185833333333,51.5103638888889],[4.47064166666667,51.5103361111111],[4.46969166666667,51.5101333333333],[4.4691,51.51085],[4.47118333333333,51.5116083333333],[4.47223055555556,51.5109638888889],[4.47185833333333,51.5103638888889]]]}},{"type":"Feature","properties":{"identifier":"6.7.60","name":"geografische zone van een beveiligd gebied of een locatie met vitale processen","restriction":"CONDITIONAL","rule":"OPEN cat. vluchten zijn hier verboden SPEC cat. vluchten vereisen een privilege op de exploitatievergunning","category":"beveiligd","source":"AIP Nederland ENR 5.3, ED-269, 22 juli 2024"},"geometry":{"type":"Polygon","coordinates":[[[4.55052777777778,51.5028916666667],[4.54957222222222,51.5031361111111],[4.54928611111111,51.5034611111111],[4.54923333333333,51.5042111111111],[4.54940277777778,51.5043638888889],[4.55001111111111,51.5043138888889],[4.55093055555556,51.5039138888889],[4.55052777777778,51.5028916666667]]]}},{"type":"Feature","properties":{"identifier":"6.7.61","name":"geografische zone van een beveiligd gebied of een locatie met vitale processen","restriction":"CONDITIONAL","rule":"OPEN cat. vluchten zijn hier verboden SPEC cat. vluchten vereisen een privilege op de exploitatievergunning","category":"beveiligd","source":"AIP Nederland ENR 5.3, ED-269, 22 juli 2024"},"geometry":{"type":"Polygon","coordinates":[[[4.55875277777778,51.5607083333333],[4.55630555555556,51.5604555555555],[4.55578333333333,51.5605666666667],[4.55531666666667,51.56095],[4.55542222222222,51.5613444444444],[4.55628611111111,51.5616194444444],[4.55685833333333,51.5619944444444],[4.55748888888889,51.5620972222222],[4.55820555555556,51.5617083333333],[4.55939444444444,51.5614361111111],[4.55957222222222,51.5609833333333],[4.55875277777778,51.5607083333333]]]}},{"type":"Feature","properties":{"identifier":"6.7.62","name":"geografische zone van een beveiligd gebied of een locatie met vitale processen","restriction":"CONDITIONAL","rule":"OPEN cat. vluchten zijn hier verboden SPEC cat. vluchten vereisen een privilege op de exploitatievergunning","category":"beveiligd","source":"AIP Nederland ENR 5.3, ED-269, 22 juli 2024"},"geometry":{"type":"Polygon","coordinates":[[[5.06946944444444,51.6745333333333],[5.06927777777778,51.6751138888889],[5.069475,51.6752333333333],[5.07008333333333,51.6750833333333],[5.07016111111111,51.6748888888889],[5.06946944444444,51.6745333333333]]]}},{"type":"Feature","properties":{"identifier":"6.7.63","name":"geografische zone van een beveiligd gebied of een locatie met vitale processen","restriction":"CONDITIONAL","rule":"OPEN cat. vluchten zijn hier verboden SPEC cat. vluchten vereisen een privilege op de exploitatievergunning","category":"beveiligd","source":"AIP Nederland ENR 5.3, ED-269, 22 juli 2024"},"geometry":{"type":"Polygon","coordinates":[[[4.36509444444444,51.5306166666667],[4.36560833333333,51.5305138888889],[4.36553333333333,51.5301694444444],[4.36449444444444,51.5298638888889],[4.36346944444444,51.5299416666667],[4.36305,51.5302805555556],[4.36357777777778,51.5308694444444],[4.36509444444444,51.5306166666667]]]}},{"type":"Feature","properties":{"identifier":"6.7.64","name":"geografische zone van een beveiligd gebied of een locatie met vitale processen","restriction":"CONDITIONAL","rule":"OPEN cat. vluchten zijn hier verboden SPEC cat. vluchten vereisen een privilege op de exploitatievergunning","category":"beveiligd","source":"AIP Nederland ENR 5.3, ED-269, 22 juli 2024"},"geometry":{"type":"Polygon","coordinates":[[[5.00865555555556,51.554325],[5.00939166666667,51.5542694444444],[5.01035833333333,51.5535138888889],[5.01033055555556,51.5533611111111],[5.00884722222222,51.5531583333333],[5.00582777777778,51.5523722222222],[5.00555277777778,51.5527944444444],[5.00622777777778,51.5533666666667],[5.00645,51.5542],[5.007175,51.5545333333333],[5.00865555555556,51.554325]]]}},{"type":"Feature","properties":{"identifier":"6.7.65","name":"geografische zone van een beveiligd gebied of een locatie met vitale processen","restriction":"CONDITIONAL","rule":"OPEN cat. vluchten zijn hier verboden SPEC cat. vluchten vereisen een privilege op de exploitatievergunning","category":"beveiligd","source":"AIP Nederland ENR 5.3, ED-269, 22 juli 2024"},"geometry":{"type":"Polygon","coordinates":[[[4.61195555555556,51.6592222222222],[4.61039166666667,51.6595333333333],[4.61020555555555,51.6602444444444],[4.61084722222222,51.6605638888889],[4.61160555555556,51.6605527777778],[4.61258333333333,51.6601583333333],[4.61234722222222,51.6593972222222],[4.61195555555556,51.6592222222222]]]}},{"type":"Feature","properties":{"identifier":"6.7.66","name":"geografische zone van een beveiligd gebied of een locatie met vitale processen","restriction":"CONDITIONAL","rule":"OPEN cat. vluchten zijn hier verboden SPEC cat. vluchten vereisen een privilege op de exploitatievergunning","category":"beveiligd","source":"AIP Nederland ENR 5.3, ED-269, 22 juli 2024"},"geometry":{"type":"Polygon","coordinates":[[[5.05656944444444,51.64605],[5.05631111111111,51.6460916666667],[5.05615,51.6463416666667],[5.05681388888889,51.6466111111111],[5.05711666666667,51.6462444444444],[5.05656944444444,51.64605]]]}},{"type":"Feature","properties":{"identifier":"6.7.67","name":"geografische zone van een beveiligd gebied of een locatie met vitale processen","restriction":"CONDITIONAL","rule":"OPEN cat. vluchten zijn hier verboden SPEC cat. vluchten vereisen een privilege op de exploitatievergunning","category":"beveiligd","source":"AIP Nederland ENR 5.3, ED-269, 22 juli 2024"},"geometry":{"type":"Polygon","coordinates":[[[5.80000277777778,51.6749833333333],[5.79941388888889,51.6751666666667],[5.79963888888889,51.6754833333333],[5.80027777777778,51.6752972222222],[5.80000277777778,51.6749833333333]]]}},{"type":"Feature","properties":{"identifier":"6.7.68","name":"geografische zone van een beveiligd gebied of een locatie met vitale processen","restriction":"CONDITIONAL","rule":"OPEN cat. vluchten zijn hier verboden SPEC cat. vluchten vereisen een privilege op de exploitatievergunning","category":"beveiligd","source":"AIP Nederland ENR 5.3, ED-269, 22 juli 2024"},"geometry":{"type":"Polygon","coordinates":[[[5.51903055555556,51.4679861111111],[5.51876388888889,51.4681861111111],[5.51885833333333,51.4683277777778],[5.51917777777778,51.4681944444444],[5.51903055555556,51.4679861111111]]]}},{"type":"Feature","properties":{"identifier":"6.7.69","name":"geografische zone van een beveiligd gebied of een locatie met vitale processen","restriction":"CONDITIONAL","rule":"OPEN cat. vluchten zijn hier verboden SPEC cat. vluchten vereisen een privilege op de exploitatievergunning","category":"beveiligd","source":"AIP Nederland ENR 5.3, ED-269, 22 juli 2024"},"geometry":{"type":"Polygon","coordinates":[[[5.46461388888889,51.3662888888889],[5.46438611111111,51.3663694444444],[5.46450555555556,51.3665361111111],[5.46476388888889,51.3664638888889],[5.46461388888889,51.3662888888889]]]}},{"type":"Feature","properties":{"identifier":"6.7.70","name":"geografische zone van een beveiligd gebied of een locatie met vitale processen","restriction":"CONDITIONAL","rule":"OPEN cat. vluchten zijn hier verboden SPEC cat. vluchten vereisen een privilege op de exploitatievergunning","category":"beveiligd","source":"AIP Nederland ENR 5.3, ED-269, 22 juli 2024"},"geometry":{"type":"Polygon","coordinates":[[[5.40738888888889,51.4386861111111],[5.4072,51.4388138888889],[5.40745277777778,51.4389444444444],[5.40761388888889,51.4388138888889],[5.40738888888889,51.4386861111111]]]}},{"type":"Feature","properties":{"identifier":"6.7.71","name":"geografische zone van een beveiligd gebied of een locatie met vitale processen","restriction":"CONDITIONAL","rule":"OPEN cat. vluchten zijn hier verboden SPEC cat. vluchten vereisen een privilege op de exploitatievergunning","category":"beveiligd","source":"AIP Nederland ENR 5.3, ED-269, 22 juli 2024"},"geometry":{"type":"Polygon","coordinates":[[[5.4268,51.4222111111111],[5.42659722222222,51.4224],[5.42671111111111,51.4225222222222],[5.426975,51.4224138888889],[5.4268,51.4222111111111]]]}},{"type":"Feature","properties":{"identifier":"6.7.72","name":"geografische zone van een beveiligd gebied of een locatie met vitale processen","restriction":"CONDITIONAL","rule":"OPEN cat. vluchten zijn hier verboden SPEC cat. vluchten vereisen een privilege op de exploitatievergunning","category":"beveiligd","source":"AIP Nederland ENR 5.3, ED-269, 22 juli 2024"},"geometry":{"type":"Polygon","coordinates":[[[5.88355277777778,51.1925361111111],[5.88770555555555,51.1867083333333],[5.89308333333333,51.1875555555556],[5.89950277777778,51.186575],[5.90431666666667,51.1831972222222],[5.91307777777778,51.1875083333333],[5.91266111111111,51.1916527777778],[5.90616666666667,51.1975388888889],[5.90105,51.2033861111111],[5.89512222222222,51.2006916666667],[5.89511111111111,51.1961972222222],[5.88355277777778,51.1925361111111]]]}},{"type":"Feature","properties":{"identifier":"6.7.73","name":"geografische zone van een beveiligd gebied of een locatie met vitale processen","restriction":"CONDITIONAL","rule":"OPEN cat. vluchten zijn hier verboden SPEC cat. vluchten vereisen een privilege op de exploitatievergunning","category":"beveiligd","source":"AIP Nederland ENR 5.3, ED-269, 22 juli 2024"},"geometry":{"type":"Polygon","coordinates":[[[4.20426111111111,52.0445333333333],[4.20056666666667,52.0436055555556],[4.19780833333333,52.0419333333333],[4.19070833333333,52.0391055555556],[4.18921388888889,52.0399138888889],[4.18801944444444,52.0392805555556],[4.18256666666667,52.0423916666667],[4.20453055555556,52.0586027777778],[4.20846111111111,52.0573333333333],[4.208575,52.0572194444444],[4.20663333333333,52.0565194444444],[4.21046388888889,52.0522583333333],[4.21227777777778,52.0535194444444],[4.21561944444445,52.050375],[4.21705833333333,52.0483861111111],[4.21536388888889,52.0471083333333],[4.20426111111111,52.0445333333333]]]}},{"type":"Feature","properties":{"identifier":"6.7.74","name":"geografische zone van een beveiligd gebied of een locatie met vitale processen","restriction":"CONDITIONAL","rule":"OPEN cat. vluchten zijn hier verboden SPEC cat. vluchten vereisen een privilege op de exploitatievergunning","category":"beveiligd","source":"AIP Nederland ENR 5.3, ED-269, 22 juli 2024"},"geometry":{"type":"Polygon","coordinates":[[[4.28838333333333,52.1184972222222],[4.30369444444444,52.1277833333333],[4.35238611111111,52.1669027777778],[4.38484444444444,52.1961722222222],[4.39062222222222,52.1947722222222],[4.393525,52.1971944444444],[4.39832777777778,52.1991055555556],[4.40529444444444,52.1977638888889],[4.41306111111111,52.1889361111111],[4.41643055555556,52.1879333333333],[4.41690833333333,52.1860138888889],[4.38151944444444,52.1583111111111],[4.38662777777778,52.1523722222222],[4.38651666666667,52.1499611111111],[4.37956944444444,52.1465833333333],[4.38640833333333,52.1402083333333],[4.38306666666667,52.1363611111111],[4.37934722222222,52.1377666666667],[4.35788055555556,52.1235333333333],[4.36113888888889,52.1209833333333],[4.33309722222222,52.1048833333333],[4.33459722222222,52.1036194444444],[4.32302222222222,52.0990166666667],[4.32140555555556,52.10045],[4.32937777777778,52.1053027777778],[4.325975,52.1080666666667],[4.30345555555556,52.0997194444444],[4.30189722222222,52.1006],[4.30130555555556,52.1018916666667],[4.30842222222222,52.1084333333333],[4.29301111111111,52.1129944444444],[4.29342222222222,52.1136583333333],[4.29019444444444,52.1144694444444],[4.29063611111111,52.1155805555556],[4.28853611111111,52.1175113888889],[4.28838333333333,52.1184972222222]]]}},{"type":"Feature","properties":{"identifier":"6.7.75","name":"geografische zone van een beveiligd gebied of een locatie met vitale processen","restriction":"CONDITIONAL","rule":"OPEN cat. vluchten zijn hier verboden SPEC cat. vluchten vereisen een privilege op de exploitatievergunning","category":"beveiligd","source":"AIP Nederland ENR 5.3, ED-269, 22 juli 2024"},"geometry":{"type":"Polygon","coordinates":[[[5.03482777777778,52.2114472222222],[5.04695277777778,52.2224222222222],[5.05924444444444,52.2186361111111],[5.05266944444444,52.2113194444444],[5.054225,52.2021583333333],[5.04172222222222,52.2016416666667],[5.03482777777778,52.2114472222222]]]}},{"type":"Feature","properties":{"identifier":"6.7.76","name":"geografische zone van een beveiligd gebied of een locatie met vitale processen","restriction":"CONDITIONAL","rule":"OPEN cat. vluchten zijn hier verboden SPEC cat. vluchten vereisen een privilege op de exploitatievergunning","category":"beveiligd","source":"AIP Nederland ENR 5.3, ED-269, 22 juli 2024"},"geometry":{"type":"Polygon","coordinates":[[[6.409167,53.15607],[6.409387,53.156063],[6.409605,53.156044],[6.409819,53.156012],[6.410027,53.155967],[6.410226,53.155911],[6.410415,53.155843],[6.410592,53.155764],[6.410756,53.155675],[6.410904,53.155577],[6.411035,53.155471],[6.411148,53.155357],[6.411243,53.155238],[6.411317,53.155113],[6.411371,53.154985],[6.411403,53.154854],[6.411414,53.154722],[6.411403,53.15459],[6.411371,53.154459],[6.411317,53.154331],[6.411243,53.154207],[6.411148,53.154087],[6.411035,53.153974],[6.410904,53.153867],[6.410756,53.153769],[6.410592,53.153681],[6.410415,53.153602],[6.410226,53.153534],[6.410027,53.153477],[6.409819,53.153433],[6.409605,53.153401],[6.409387,53.153381],[6.409167,53.153375],[6.408946,53.153381],[6.408728,53.153401],[6.408514,53.153433],[6.408307,53.153477],[6.408107,53.153534],[6.407918,53.153602],[6.407741,53.153681],[6.407578,53.153769],[6.40743,53.153867],[6.407298,53.153974],[6.407185,53.154087],[6.407091,53.154207],[6.407016,53.154331],[6.406963,53.154459],[6.40693,53.15459],[6.40692,53.154722],[6.40693,53.154854],[6.406963,53.154985],[6.407016,53.155113],[6.407091,53.155238],[6.407185,53.155357],[6.407298,53.155471],[6.40743,53.155577],[6.407578,53.155675],[6.407741,53.155764],[6.407918,53.155843],[6.408107,53.155911],[6.408307,53.155967],[6.408514,53.156012],[6.408728,53.156044],[6.408946,53.156063],[6.409167,53.15607]]]}},{"type":"Feature","properties":{"identifier":"6.7.77","name":"geografische zone van een beveiligd gebied of een locatie met vitale processen","restriction":"CONDITIONAL","rule":"OPEN cat. vluchten zijn hier verboden SPEC cat. vluchten vereisen een privilege op de exploitatievergunning","category":"beveiligd","source":"AIP Nederland ENR 5.3, ED-269, 22 juli 2024"},"geometry":{"type":"Polygon","coordinates":[[[6.673611,53.152736],[6.673831,53.15273],[6.674049,53.15271],[6.674263,53.152678],[6.674471,53.152634],[6.67467,53.152577],[6.674859,53.152509],[6.675037,53.15243],[6.6752,53.152342],[6.675348,53.152244],[6.675479,53.152138],[6.675593,53.152024],[6.675687,53.151905],[6.675761,53.15178],[6.675815,53.151652],[6.675847,53.151521],[6.675858,53.151389],[6.675847,53.151257],[6.675815,53.151126],[6.675761,53.150998],[6.675687,53.150873],[6.675593,53.150754],[6.675479,53.15064],[6.675348,53.150534],[6.6752,53.150436],[6.675037,53.150347],[6.674859,53.150269],[6.67467,53.150201],[6.674471,53.150144],[6.674263,53.150099],[6.674049,53.150067],[6.673831,53.150048],[6.673611,53.150041],[6.673391,53.150048],[6.673173,53.150067],[6.672959,53.150099],[6.672751,53.150144],[6.672552,53.150201],[6.672363,53.150269],[6.672186,53.150347],[6.672022,53.150436],[6.671874,53.150534],[6.671743,53.15064],[6.67163,53.150754],[6.671535,53.150873],[6.671461,53.150998],[6.671407,53.151126],[6.671375,53.151257],[6.671364,53.151389],[6.671375,53.151521],[6.671407,53.151652],[6.671461,53.15178],[6.671535,53.151905],[6.67163,53.152024],[6.671743,53.152138],[6.671874,53.152244],[6.672022,53.152342],[6.672186,53.15243],[6.672363,53.152509],[6.672552,53.152577],[6.672751,53.152634],[6.672959,53.152678],[6.673173,53.15271],[6.673391,53.15273],[6.673611,53.152736]]]}},{"type":"Feature","properties":{"identifier":"6.7.78","name":"geografische zone van een beveiligd gebied of een locatie met vitale processen","restriction":"CONDITIONAL","rule":"OPEN cat. vluchten zijn hier verboden SPEC cat. vluchten vereisen een privilege op de exploitatievergunning","category":"beveiligd","source":"AIP Nederland ENR 5.3, ED-269, 22 juli 2024"},"geometry":{"type":"Polygon","coordinates":[[[6.621389,53.132736],[6.621609,53.13273],[6.621827,53.13271],[6.622041,53.132678],[6.622248,53.132634],[6.622448,53.132577],[6.622637,53.132509],[6.622814,53.13243],[6.622977,53.132342],[6.623125,53.132244],[6.623256,53.132138],[6.62337,53.132024],[6.623464,53.131905],[6.623538,53.13178],[6.623592,53.131652],[6.623624,53.131521],[6.623635,53.131389],[6.623624,53.131257],[6.623592,53.131126],[6.623538,53.130998],[6.623464,53.130873],[6.62337,53.130754],[6.623256,53.13064],[6.623125,53.130534],[6.622977,53.130436],[6.622814,53.130347],[6.622637,53.130269],[6.622448,53.130201],[6.622248,53.130144],[6.622041,53.130099],[6.621827,53.130067],[6.621609,53.130048],[6.621389,53.130041],[6.621169,53.130048],[6.620951,53.130067],[6.620737,53.130099],[6.620529,53.130144],[6.62033,53.130201],[6.620141,53.130269],[6.619964,53.130347],[6.619801,53.130436],[6.619653,53.130534],[6.619522,53.13064],[6.619408,53.130754],[6.619314,53.130873],[6.61924,53.130998],[6.619186,53.131126],[6.619154,53.131257],[6.619143,53.131389],[6.619154,53.131521],[6.619186,53.131652],[6.61924,53.13178],[6.619314,53.131905],[6.619408,53.132024],[6.619522,53.132138],[6.619653,53.132244],[6.619801,53.132342],[6.619964,53.13243],[6.620141,53.132509],[6.62033,53.132577],[6.620529,53.132634],[6.620737,53.132678],[6.620951,53.13271],[6.621169,53.13273],[6.621389,53.132736]]]}},{"type":"Feature","properties":{"identifier":"6.7.79","name":"geografische zone van een beveiligd gebied of een locatie met vitale processen","restriction":"CONDITIONAL","rule":"OPEN cat. vluchten zijn hier verboden SPEC cat. vluchten vereisen een privilege op de exploitatievergunning","category":"beveiligd","source":"AIP Nederland ENR 5.3, ED-269, 22 juli 2024"},"geometry":{"type":"Polygon","coordinates":[[[6.708056,53.10857],[6.708276,53.108563],[6.708493,53.108544],[6.708707,53.108512],[6.708915,53.108467],[6.709114,53.108411],[6.709303,53.108343],[6.70948,53.108264],[6.709643,53.108175],[6.709791,53.108077],[6.709922,53.107971],[6.710035,53.107857],[6.710129,53.107738],[6.710203,53.107613],[6.710257,53.107485],[6.710289,53.107354],[6.7103,53.107222],[6.710289,53.10709],[6.710257,53.106959],[6.710203,53.106831],[6.710129,53.106707],[6.710035,53.106587],[6.709922,53.106474],[6.709791,53.106367],[6.709643,53.106269],[6.70948,53.106181],[6.709303,53.106102],[6.709114,53.106034],[6.708915,53.105977],[6.708707,53.105933],[6.708493,53.105901],[6.708276,53.105881],[6.708056,53.105875],[6.707836,53.105881],[6.707618,53.105901],[6.707404,53.105933],[6.707197,53.105977],[6.706997,53.106034],[6.706809,53.106102],[6.706632,53.106181],[6.706468,53.106269],[6.70632,53.106367],[6.706189,53.106474],[6.706076,53.106587],[6.705982,53.106707],[6.705908,53.106831],[6.705854,53.106959],[6.705822,53.10709],[6.705811,53.107222],[6.705822,53.107354],[6.705854,53.107485],[6.705908,53.107613],[6.705982,53.107738],[6.706076,53.107857],[6.706189,53.107971],[6.70632,53.108077],[6.706468,53.108175],[6.706632,53.108264],[6.706809,53.108343],[6.706997,53.108411],[6.707197,53.108467],[6.707404,53.108512],[6.707618,53.108544],[6.707836,53.108563],[6.708056,53.10857]]]}},{"type":"Feature","properties":{"identifier":"6.7.80","name":"geografische zone van een beveiligd gebied of een locatie met vitale processen","restriction":"CONDITIONAL","rule":"OPEN cat. vluchten zijn hier verboden SPEC cat. vluchten vereisen een privilege op de exploitatievergunning","category":"beveiligd","source":"AIP Nederland ENR 5.3, ED-269, 22 juli 2024"},"geometry":{"type":"Polygon","coordinates":[[[7.136111,52.964681],[7.13633,52.964674],[7.136548,52.964655],[7.136761,52.964623],[7.136967,52.964578],[7.137166,52.964522],[7.137354,52.964454],[7.13753,52.964375],[7.137693,52.964286],[7.13784,52.964188],[7.137971,52.964082],[7.138084,52.963969],[7.138178,52.963849],[7.138252,52.963724],[7.138305,52.963596],[7.138337,52.963465],[7.138348,52.963333],[7.138337,52.963201],[7.138305,52.96307],[7.138252,52.962942],[7.138178,52.962818],[7.138084,52.962698],[7.137971,52.962585],[7.13784,52.962479],[7.137693,52.962381],[7.13753,52.962292],[7.137354,52.962213],[7.137166,52.962145],[7.136967,52.962088],[7.136761,52.962044],[7.136548,52.962012],[7.13633,52.961992],[7.136111,52.961986],[7.135892,52.961992],[7.135675,52.962012],[7.135462,52.962044],[7.135255,52.962088],[7.135057,52.962145],[7.134868,52.962213],[7.134692,52.962292],[7.134529,52.962381],[7.134382,52.962479],[7.134251,52.962585],[7.134138,52.962698],[7.134044,52.962818],[7.13397,52.962942],[7.133917,52.96307],[7.133885,52.963201],[7.133874,52.963333],[7.133885,52.963465],[7.133917,52.963596],[7.13397,52.963724],[7.134044,52.963849],[7.134138,52.963969],[7.134251,52.964082],[7.134382,52.964188],[7.134529,52.964286],[7.134692,52.964375],[7.134868,52.964454],[7.135057,52.964522],[7.135255,52.964578],[7.135462,52.964623],[7.135675,52.964655],[7.135892,52.964674],[7.136111,52.964681]]]}},{"type":"Feature","properties":{"identifier":"6.7.81","name":"geografische zone van een beveiligd gebied of een locatie met vitale processen","restriction":"CONDITIONAL","rule":"OPEN cat. vluchten zijn hier verboden SPEC cat. vluchten vereisen een privilege op de exploitatievergunning","category":"beveiligd","source":"AIP Nederland ENR 5.3, ED-269, 22 juli 2024"},"geometry":{"type":"Polygon","coordinates":[[[6.619444,53.132736],[6.619665,53.13273],[6.619883,53.13271],[6.620096,53.132678],[6.620304,53.132634],[6.620503,53.132577],[6.620692,53.132509],[6.620869,53.13243],[6.621033,53.132342],[6.621181,53.132244],[6.621312,53.132138],[6.621425,53.132024],[6.621519,53.131905],[6.621594,53.13178],[6.621647,53.131652],[6.621679,53.131521],[6.62169,53.131389],[6.621679,53.131257],[6.621647,53.131126],[6.621594,53.130998],[6.621519,53.130873],[6.621425,53.130754],[6.621312,53.13064],[6.621181,53.130534],[6.621033,53.130436],[6.620869,53.130347],[6.620692,53.130269],[6.620503,53.130201],[6.620304,53.130144],[6.620096,53.130099],[6.619883,53.130067],[6.619665,53.130048],[6.619444,53.130041],[6.619224,53.130048],[6.619006,53.130067],[6.618793,53.130099],[6.618585,53.130144],[6.618386,53.130201],[6.618197,53.130269],[6.61802,53.130347],[6.617856,53.130436],[6.617708,53.130534],[6.617577,53.13064],[6.617464,53.130754],[6.61737,53.130873],[6.617295,53.130998],[6.617242,53.131126],[6.617209,53.131257],[6.617199,53.131389],[6.617209,53.131521],[6.617242,53.131652],[6.617295,53.13178],[6.61737,53.131905],[6.617464,53.132024],[6.617577,53.132138],[6.617708,53.132244],[6.617856,53.132342],[6.61802,53.13243],[6.618197,53.132509],[6.618386,53.132577],[6.618585,53.132634],[6.618793,53.132678],[6.619006,53.13271],[6.619224,53.13273],[6.619444,53.132736]]]}},{"type":"Feature","properties":{"identifier":"6.7.82","name":"geografische zone van een beveiligd gebied of een locatie met vitale processen","restriction":"CONDITIONAL","rule":"OPEN cat. vluchten zijn hier verboden SPEC cat. vluchten vereisen een privilege op de exploitatievergunning","category":"beveiligd","source":"AIP Nederland ENR 5.3, ED-269, 22 juli 2024"},"geometry":{"type":"Polygon","coordinates":[[[5.815556,53.461625],[5.815777,53.461619],[5.815997,53.461599],[5.816213,53.461567],[5.816422,53.461523],[5.816622,53.461466],[5.816813,53.461398],[5.816991,53.461319],[5.817156,53.461231],[5.817305,53.461133],[5.817437,53.461026],[5.817552,53.460913],[5.817646,53.460793],[5.817721,53.460669],[5.817775,53.460541],[5.817808,53.46041],[5.817819,53.460278],[5.817808,53.460146],[5.817775,53.460015],[5.817721,53.459887],[5.817646,53.459762],[5.817552,53.459643],[5.817437,53.459529],[5.817305,53.459423],[5.817156,53.459325],[5.816991,53.459236],[5.816813,53.459157],[5.816622,53.459089],[5.816422,53.459033],[5.816213,53.458988],[5.815997,53.458956],[5.815777,53.458937],[5.815556,53.45893],[5.815334,53.458937],[5.815114,53.458956],[5.814899,53.458988],[5.814689,53.459033],[5.814489,53.459089],[5.814298,53.459157],[5.81412,53.459236],[5.813955,53.459325],[5.813806,53.459423],[5.813674,53.459529],[5.81356,53.459643],[5.813465,53.459762],[5.81339,53.459887],[5.813336,53.460015],[5.813303,53.460146],[5.813292,53.460278],[5.813303,53.46041],[5.813336,53.460541],[5.81339,53.460669],[5.813465,53.460793],[5.81356,53.460913],[5.813674,53.461026],[5.813806,53.461133],[5.813955,53.461231],[5.81412,53.461319],[5.814298,53.461398],[5.814489,53.461466],[5.814689,53.461523],[5.814899,53.461567],[5.815114,53.461599],[5.815334,53.461619],[5.815556,53.461625]]]}},{"type":"Feature","properties":{"identifier":"6.7.83","name":"geografische zone van een beveiligd gebied of een locatie met vitale processen","restriction":"CONDITIONAL","rule":"OPEN cat. vluchten zijn hier verboden SPEC cat. vluchten vereisen een privilege op de exploitatievergunning","category":"beveiligd","source":"AIP Nederland ENR 5.3, ED-269, 22 juli 2024"},"geometry":{"type":"Polygon","coordinates":[[[5.557778,51.972736],[5.557992,51.97273],[5.558204,51.97271],[5.558413,51.972678],[5.558615,51.972634],[5.558809,51.972577],[5.558993,51.972509],[5.559165,51.97243],[5.559324,51.972342],[5.559469,51.972244],[5.559596,51.972138],[5.559707,51.972024],[5.559799,51.971905],[5.559871,51.97178],[5.559923,51.971652],[5.559955,51.971521],[5.559965,51.971389],[5.559955,51.971257],[5.559923,51.971126],[5.559871,51.970998],[5.559799,51.970873],[5.559707,51.970754],[5.559596,51.97064],[5.559469,51.970534],[5.559324,51.970436],[5.559165,51.970347],[5.558993,51.970269],[5.558809,51.970201],[5.558615,51.970144],[5.558413,51.970099],[5.558204,51.970067],[5.557992,51.970048],[5.557778,51.970041],[5.557563,51.970048],[5.557351,51.970067],[5.557143,51.970099],[5.556941,51.970144],[5.556747,51.970201],[5.556563,51.970269],[5.55639,51.970347],[5.556231,51.970436],[5.556087,51.970534],[5.555959,51.97064],[5.555849,51.970754],[5.555757,51.970873],[5.555685,51.970998],[5.555633,51.971126],[5.555601,51.971257],[5.555591,51.971389],[5.555601,51.971521],[5.555633,51.971652],[5.555685,51.97178],[5.555757,51.971905],[5.555849,51.972024],[5.555959,51.972138],[5.556087,51.972244],[5.556231,51.972342],[5.55639,51.97243],[5.556563,51.972509],[5.556747,51.972577],[5.556941,51.972634],[5.557143,51.972678],[5.557351,51.97271],[5.557563,51.97273],[5.557778,51.972736]]]}},{"type":"Feature","properties":{"identifier":"6.7.84","name":"geografische zone van een beveiligd gebied of een locatie met vitale processen","restriction":"CONDITIONAL","rule":"OPEN cat. vluchten zijn hier verboden SPEC cat. vluchten vereisen een privilege op de exploitatievergunning","category":"beveiligd","source":"AIP Nederland ENR 5.3, ED-269, 22 juli 2024"},"geometry":{"type":"Polygon","coordinates":[[[7.038333,52.389125],[7.03855,52.389119],[7.038764,52.389099],[7.038974,52.389067],[7.039178,52.389023],[7.039374,52.388966],[7.03956,52.388898],[7.039734,52.388819],[7.039895,52.388731],[7.04004,52.388633],[7.040169,52.388526],[7.04028,52.388413],[7.040373,52.388293],[7.040446,52.388169],[7.040499,52.388041],[7.040531,52.38791],[7.040541,52.387778],[7.040531,52.387646],[7.040499,52.387515],[7.040446,52.387387],[7.040373,52.387262],[7.04028,52.387143],[7.040169,52.387029],[7.04004,52.386923],[7.039895,52.386825],[7.039734,52.386736],[7.03956,52.386657],[7.039374,52.386589],[7.039178,52.386533],[7.038974,52.386488],[7.038764,52.386456],[7.03855,52.386437],[7.038333,52.38643],[7.038117,52.386437],[7.037903,52.386456],[7.037692,52.386488],[7.037488,52.386533],[7.037293,52.386589],[7.037107,52.386657],[7.036933,52.386736],[7.036772,52.386825],[7.036627,52.386923],[7.036498,52.387029],[7.036386,52.387143],[7.036294,52.387262],[7.036221,52.387387],[7.036168,52.387515],[7.036136,52.387646],[7.036125,52.387778],[7.036136,52.38791],[7.036168,52.388041],[7.036221,52.388169],[7.036294,52.388293],[7.036386,52.388413],[7.036498,52.388526],[7.036627,52.388633],[7.036772,52.388731],[7.036933,52.388819],[7.037107,52.388898],[7.037293,52.388966],[7.037488,52.389023],[7.037692,52.389067],[7.037903,52.389099],[7.038117,52.389119],[7.038333,52.389125]]]}},{"type":"Feature","properties":{"identifier":"6.7.85","name":"geografische zone van een beveiligd gebied of een locatie met vitale processen","restriction":"CONDITIONAL","rule":"OPEN cat. vluchten zijn hier verboden SPEC cat. vluchten vereisen een privilege op de exploitatievergunning","category":"beveiligd","source":"AIP Nederland ENR 5.3, ED-269, 22 juli 2024"},"geometry":{"type":"Polygon","coordinates":[[[5.988056,52.141625],[5.988271,52.141619],[5.988484,52.141599],[5.988693,52.141567],[5.988896,52.141523],[5.989091,52.141466],[5.989275,52.141398],[5.989448,52.141319],[5.989608,52.141231],[5.989753,52.141133],[5.989881,52.141026],[5.989992,52.140913],[5.990084,52.140793],[5.990157,52.140669],[5.990209,52.140541],[5.990241,52.14041],[5.990251,52.140278],[5.990241,52.140146],[5.990209,52.140015],[5.990157,52.139887],[5.990084,52.139762],[5.989992,52.139643],[5.989881,52.139529],[5.989753,52.139423],[5.989608,52.139325],[5.989448,52.139236],[5.989275,52.139157],[5.989091,52.139089],[5.988896,52.139033],[5.988693,52.138988],[5.988484,52.138956],[5.988271,52.138937],[5.988056,52.13893],[5.98784,52.138937],[5.987627,52.138956],[5.987418,52.138988],[5.987215,52.139033],[5.987021,52.139089],[5.986836,52.139157],[5.986663,52.139236],[5.986503,52.139325],[5.986358,52.139423],[5.98623,52.139529],[5.986119,52.139643],[5.986027,52.139762],[5.985955,52.139887],[5.985902,52.140015],[5.985871,52.140146],[5.98586,52.140278],[5.985871,52.14041],[5.985902,52.140541],[5.985955,52.140669],[5.986027,52.140793],[5.986119,52.140913],[5.98623,52.141026],[5.986358,52.141133],[5.986503,52.141231],[5.986663,52.141319],[5.986836,52.141398],[5.987021,52.141466],[5.987215,52.141523],[5.987418,52.141567],[5.987627,52.141599],[5.98784,52.141619],[5.988056,52.141625]]]}},{"type":"Feature","properties":{"identifier":"6.7.86","name":"geografische zone van een beveiligd gebied of een locatie met vitale processen","restriction":"CONDITIONAL","rule":"OPEN cat. vluchten zijn hier verboden SPEC cat. vluchten vereisen een privilege op de exploitatievergunning","category":"beveiligd","source":"AIP Nederland ENR 5.3, ED-269, 22 juli 2024"},"geometry":{"type":"Polygon","coordinates":[[[5.925833,51.958847],[5.926048,51.958841],[5.92626,51.958822],[5.926468,51.958789],[5.92667,51.958745],[5.926864,51.958688],[5.927048,51.95862],[5.92722,51.958542],[5.927379,51.958453],[5.927524,51.958355],[5.927651,51.958249],[5.927762,51.958135],[5.927853,51.958016],[5.927926,51.957891],[5.927978,51.957763],[5.928009,51.957632],[5.92802,51.9575],[5.928009,51.957368],[5.927978,51.957237],[5.927926,51.957109],[5.927853,51.956984],[5.927762,51.956865],[5.927651,51.956751],[5.927524,51.956645],[5.927379,51.956547],[5.92722,51.956458],[5.927048,51.95638],[5.926864,51.956312],[5.92667,51.956255],[5.926468,51.956211],[5.92626,51.956178],[5.926048,51.956159],[5.925833,51.956153],[5.925619,51.956159],[5.925407,51.956178],[5.925199,51.956211],[5.924997,51.956255],[5.924803,51.956312],[5.924619,51.95638],[5.924446,51.956458],[5.924287,51.956547],[5.924143,51.956645],[5.924015,51.956751],[5.923905,51.956865],[5.923813,51.956984],[5.923741,51.957109],[5.923689,51.957237],[5.923657,51.957368],[5.923647,51.9575],[5.923657,51.957632],[5.923689,51.957763],[5.923741,51.957891],[5.923813,51.958016],[5.923905,51.958135],[5.924015,51.958249],[5.924143,51.958355],[5.924287,51.958453],[5.924446,51.958542],[5.924619,51.95862],[5.924803,51.958688],[5.924997,51.958745],[5.925199,51.958789],[5.925407,51.958822],[5.925619,51.958841],[5.925833,51.958847]]]}},{"type":"Feature","properties":{"identifier":"6.7.87","name":"geografische zone van een beveiligd gebied of een locatie met vitale processen","restriction":"CONDITIONAL","rule":"OPEN cat. vluchten zijn hier verboden SPEC cat. vluchten vereisen een privilege op de exploitatievergunning","category":"beveiligd","source":"AIP Nederland ENR 5.3, ED-269, 22 juli 2024"},"geometry":{"type":"Polygon","coordinates":[[[6.148611,53.484403],[6.148833,53.484397],[6.149053,53.484377],[6.149268,53.484345],[6.149478,53.4843],[6.149679,53.484244],[6.149869,53.484176],[6.150048,53.484097],[6.150212,53.484008],[6.150362,53.48391],[6.150494,53.483804],[6.150608,53.483691],[6.150703,53.483571],[6.150778,53.483447],[6.150832,53.483318],[6.150865,53.483188],[6.150876,53.483056],[6.150865,53.482923],[6.150832,53.482793],[6.150778,53.482664],[6.150703,53.48254],[6.150608,53.48242],[6.150494,53.482307],[6.150362,53.482201],[6.150212,53.482103],[6.150048,53.482014],[6.149869,53.481935],[6.149679,53.481867],[6.149478,53.481811],[6.149268,53.481766],[6.149053,53.481734],[6.148833,53.481715],[6.148611,53.481708],[6.148389,53.481715],[6.148169,53.481734],[6.147954,53.481766],[6.147745,53.481811],[6.147544,53.481867],[6.147353,53.481935],[6.147175,53.482014],[6.14701,53.482103],[6.146861,53.482201],[6.146728,53.482307],[6.146614,53.48242],[6.146519,53.48254],[6.146444,53.482664],[6.14639,53.482793],[6.146358,53.482923],[6.146347,53.483056],[6.146358,53.483188],[6.14639,53.483318],[6.146444,53.483447],[6.146519,53.483571],[6.146614,53.483691],[6.146728,53.483804],[6.146861,53.48391],[6.14701,53.484008],[6.147175,53.484097],[6.147353,53.484176],[6.147544,53.484244],[6.147745,53.4843],[6.147954,53.484345],[6.148169,53.484377],[6.148389,53.484397],[6.148611,53.484403]]]}},{"type":"Feature","properties":{"identifier":"6.7.88","name":"geografische zone van een beveiligd gebied of een locatie met vitale processen","restriction":"CONDITIONAL","rule":"OPEN cat. vluchten zijn hier verboden SPEC cat. vluchten vereisen een privilege op de exploitatievergunning","category":"beveiligd","source":"AIP Nederland ENR 5.3, ED-269, 22 juli 2024"},"geometry":{"type":"Polygon","coordinates":[[[5.690278,52.919681],[5.690497,52.919674],[5.690714,52.919655],[5.690927,52.919623],[5.691133,52.919578],[5.691331,52.919522],[5.691519,52.919454],[5.691696,52.919375],[5.691858,52.919286],[5.692005,52.919188],[5.692136,52.919082],[5.692249,52.918969],[5.692342,52.918849],[5.692416,52.918724],[5.69247,52.918596],[5.692502,52.918465],[5.692513,52.918333],[5.692502,52.918201],[5.69247,52.91807],[5.692416,52.917942],[5.692342,52.917818],[5.692249,52.917698],[5.692136,52.917585],[5.692005,52.917479],[5.691858,52.917381],[5.691696,52.917292],[5.691519,52.917213],[5.691331,52.917145],[5.691133,52.917088],[5.690927,52.917044],[5.690714,52.917012],[5.690497,52.916992],[5.690278,52.916986],[5.690059,52.916992],[5.689842,52.917012],[5.689629,52.917044],[5.689423,52.917088],[5.689224,52.917145],[5.689036,52.917213],[5.68886,52.917292],[5.688698,52.917381],[5.68855,52.917479],[5.68842,52.917585],[5.688307,52.917698],[5.688213,52.917818],[5.688139,52.917942],[5.688086,52.91807],[5.688054,52.918201],[5.688043,52.918333],[5.688054,52.918465],[5.688086,52.918596],[5.688139,52.918724],[5.688213,52.918849],[5.688307,52.918969],[5.68842,52.919082],[5.68855,52.919188],[5.688698,52.919286],[5.68886,52.919375],[5.689036,52.919454],[5.689224,52.919522],[5.689423,52.919578],[5.689629,52.919623],[5.689842,52.919655],[5.690059,52.919674],[5.690278,52.919681]]]}},{"type":"Feature","properties":{"identifier":"6.7.89","name":"geografische zone van een beveiligd gebied of een locatie met vitale processen","restriction":"CONDITIONAL","rule":"OPEN cat. vluchten zijn hier verboden SPEC cat. vluchten vereisen een privilege op de exploitatievergunning","category":"beveiligd","source":"AIP Nederland ENR 5.3, ED-269, 22 juli 2024"},"geometry":{"type":"Polygon","coordinates":[[[6.170556,52.244681],[6.170771,52.244674],[6.170985,52.244655],[6.171194,52.244623],[6.171398,52.244578],[6.171593,52.244522],[6.171778,52.244454],[6.171952,52.244375],[6.172112,52.244286],[6.172257,52.244188],[6.172385,52.244082],[6.172496,52.243969],[6.172589,52.243849],[6.172661,52.243724],[6.172714,52.243596],[6.172746,52.243465],[6.172756,52.243333],[6.172746,52.243201],[6.172714,52.24307],[6.172661,52.242942],[6.172589,52.242818],[6.172496,52.242698],[6.172385,52.242585],[6.172257,52.242479],[6.172112,52.242381],[6.171952,52.242292],[6.171778,52.242213],[6.171593,52.242145],[6.171398,52.242088],[6.171194,52.242044],[6.170985,52.242012],[6.170771,52.241992],[6.170556,52.241986],[6.17034,52.241992],[6.170126,52.242012],[6.169917,52.242044],[6.169713,52.242088],[6.169518,52.242145],[6.169333,52.242213],[6.169159,52.242292],[6.168999,52.242381],[6.168854,52.242479],[6.168726,52.242585],[6.168615,52.242698],[6.168522,52.242818],[6.16845,52.242942],[6.168397,52.24307],[6.168366,52.243201],[6.168355,52.243333],[6.168366,52.243465],[6.168397,52.243596],[6.16845,52.243724],[6.168522,52.243849],[6.168615,52.243969],[6.168726,52.244082],[6.168854,52.244188],[6.168999,52.244286],[6.169159,52.244375],[6.169333,52.244454],[6.169518,52.244522],[6.169713,52.244578],[6.169917,52.244623],[6.170126,52.244655],[6.17034,52.244674],[6.170556,52.244681]]]}},{"type":"Feature","properties":{"identifier":"6.7.90","name":"geografische zone van een beveiligd gebied of een locatie met vitale processen","restriction":"CONDITIONAL","rule":"OPEN cat. vluchten zijn hier verboden SPEC cat. vluchten vereisen een privilege op de exploitatievergunning","category":"beveiligd","source":"AIP Nederland ENR 5.3, ED-269, 22 juli 2024"},"geometry":{"type":"Polygon","coordinates":[[[5.219722,52.133292],[5.219937,52.133285],[5.22015,52.133266],[5.220359,52.133234],[5.220562,52.133189],[5.220757,52.133133],[5.220942,52.133065],[5.221115,52.132986],[5.221274,52.132897],[5.221419,52.132799],[5.221547,52.132693],[5.221658,52.13258],[5.22175,52.13246],[5.221823,52.132336],[5.221875,52.132207],[5.221907,52.132077],[5.221917,52.131944],[5.221907,52.131812],[5.221875,52.131682],[5.221823,52.131553],[5.22175,52.131429],[5.221658,52.131309],[5.221547,52.131196],[5.221419,52.13109],[5.221274,52.130992],[5.221115,52.130903],[5.220942,52.130824],[5.220757,52.130756],[5.220562,52.1307],[5.220359,52.130655],[5.22015,52.130623],[5.219937,52.130603],[5.219722,52.130597],[5.219507,52.130603],[5.219294,52.130623],[5.219085,52.130655],[5.218882,52.1307],[5.218687,52.130756],[5.218503,52.130824],[5.21833,52.130903],[5.21817,52.130992],[5.218025,52.13109],[5.217897,52.131196],[5.217786,52.131309],[5.217694,52.131429],[5.217622,52.131553],[5.217569,52.131682],[5.217538,52.131812],[5.217527,52.131944],[5.217538,52.132077],[5.217569,52.132207],[5.217622,52.132336],[5.217694,52.13246],[5.217786,52.13258],[5.217897,52.132693],[5.218025,52.132799],[5.21817,52.132897],[5.21833,52.132986],[5.218503,52.133065],[5.218687,52.133133],[5.218882,52.133189],[5.219085,52.133234],[5.219294,52.133266],[5.219507,52.133285],[5.219722,52.133292]]]}},{"type":"Feature","properties":{"identifier":"6.7.91","name":"geografische zone van een beveiligd gebied of een locatie met vitale processen","restriction":"CONDITIONAL","rule":"OPEN cat. vluchten zijn hier verboden SPEC cat. vluchten vereisen een privilege op de exploitatievergunning","category":"beveiligd","source":"AIP Nederland ENR 5.3, ED-269, 22 juli 2024"},"geometry":{"type":"Polygon","coordinates":[[[6.648889,51.960236],[6.649103,51.96023],[6.649315,51.96021],[6.649524,51.960178],[6.649726,51.960134],[6.64992,51.960077],[6.650104,51.960009],[6.650276,51.95993],[6.650435,51.959842],[6.650579,51.959744],[6.650707,51.959638],[6.650817,51.959524],[6.650909,51.959405],[6.650981,51.95928],[6.651034,51.959152],[6.651065,51.959021],[6.651076,51.958889],[6.651065,51.958757],[6.651034,51.958626],[6.650981,51.958498],[6.650909,51.958373],[6.650817,51.958254],[6.650707,51.95814],[6.650579,51.958034],[6.650435,51.957936],[6.650276,51.957847],[6.650104,51.957769],[6.64992,51.957701],[6.649726,51.957644],[6.649524,51.957599],[6.649315,51.957567],[6.649103,51.957548],[6.648889,51.957541],[6.648675,51.957548],[6.648462,51.957567],[6.648254,51.957599],[6.648052,51.957644],[6.647858,51.957701],[6.647674,51.957769],[6.647502,51.957847],[6.647343,51.957936],[6.647199,51.958034],[6.647071,51.95814],[6.64696,51.958254],[6.646869,51.958373],[6.646796,51.958498],[6.646744,51.958626],[6.646713,51.958757],[6.646702,51.958889],[6.646713,51.959021],[6.646744,51.959152],[6.646796,51.95928],[6.646869,51.959405],[6.64696,51.959524],[6.647071,51.959638],[6.647199,51.959744],[6.647343,51.959842],[6.647502,51.95993],[6.647674,51.960009],[6.647858,51.960077],[6.648052,51.960134],[6.648254,51.960178],[6.648462,51.96021],[6.648675,51.96023],[6.648889,51.960236]]]}},{"type":"Feature","properties":{"identifier":"6.7.92","name":"geografische zone van een beveiligd gebied of een locatie met vitale processen","restriction":"CONDITIONAL","rule":"OPEN cat. vluchten zijn hier verboden SPEC cat. vluchten vereisen een privilege op de exploitatievergunning","category":"beveiligd","source":"AIP Nederland ENR 5.3, ED-269, 22 juli 2024"},"geometry":{"type":"Polygon","coordinates":[[[6.148889,52.26857],[6.149105,52.268563],[6.149318,52.268544],[6.149528,52.268512],[6.149731,52.268467],[6.149927,52.268411],[6.150112,52.268343],[6.150286,52.268264],[6.150446,52.268175],[6.150591,52.268077],[6.15072,52.267971],[6.150831,52.267857],[6.150923,52.267738],[6.150996,52.267613],[6.151048,52.267485],[6.15108,52.267354],[6.151091,52.267222],[6.15108,52.26709],[6.151048,52.266959],[6.150996,52.266831],[6.150923,52.266707],[6.150831,52.266587],[6.15072,52.266474],[6.150591,52.266367],[6.150446,52.266269],[6.150286,52.266181],[6.150112,52.266102],[6.149927,52.266034],[6.149731,52.265977],[6.149528,52.265933],[6.149318,52.265901],[6.149105,52.265881],[6.148889,52.265875],[6.148673,52.265881],[6.148459,52.265901],[6.14825,52.265933],[6.148046,52.265977],[6.147851,52.266034],[6.147666,52.266102],[6.147492,52.266181],[6.147332,52.266269],[6.147187,52.266367],[6.147058,52.266474],[6.146947,52.266587],[6.146855,52.266707],[6.146782,52.266831],[6.146729,52.266959],[6.146698,52.26709],[6.146687,52.267222],[6.146698,52.267354],[6.146729,52.267485],[6.146782,52.267613],[6.146855,52.267738],[6.146947,52.267857],[6.147058,52.267971],[6.147187,52.268077],[6.147332,52.268175],[6.147492,52.268264],[6.147666,52.268343],[6.147851,52.268411],[6.148046,52.268467],[6.14825,52.268512],[6.148459,52.268544],[6.148673,52.268563],[6.148889,52.26857]]]}},{"type":"Feature","properties":{"identifier":"6.7.93","name":"geografische zone van een beveiligd gebied of een locatie met vitale processen","restriction":"CONDITIONAL","rule":"OPEN cat. vluchten zijn hier verboden SPEC cat. vluchten vereisen een privilege op de exploitatievergunning","category":"beveiligd","source":"AIP Nederland ENR 5.3, ED-269, 22 juli 2024"},"geometry":{"type":"Polygon","coordinates":[[[5.308056,51.990514],[5.30827,51.990508],[5.308482,51.990488],[5.308691,51.990456],[5.308893,51.990412],[5.309087,51.990355],[5.309271,51.990287],[5.309444,51.990208],[5.309603,51.990119],[5.309747,51.990021],[5.309875,51.989915],[5.309985,51.989802],[5.310077,51.989682],[5.310149,51.989558],[5.310202,51.98943],[5.310233,51.989299],[5.310244,51.989167],[5.310233,51.989035],[5.310202,51.988904],[5.310149,51.988776],[5.310077,51.988651],[5.309985,51.988531],[5.309875,51.988418],[5.309747,51.988312],[5.309603,51.988214],[5.309444,51.988125],[5.309271,51.988046],[5.309087,51.987978],[5.308893,51.987922],[5.308691,51.987877],[5.308482,51.987845],[5.30827,51.987826],[5.308056,51.987819],[5.307841,51.987826],[5.307629,51.987845],[5.30742,51.987877],[5.307218,51.987922],[5.307024,51.987978],[5.30684,51.988046],[5.306667,51.988125],[5.306508,51.988214],[5.306364,51.988312],[5.306236,51.988418],[5.306126,51.988531],[5.306034,51.988651],[5.305962,51.988776],[5.305909,51.988904],[5.305878,51.989035],[5.305867,51.989167],[5.305878,51.989299],[5.305909,51.98943],[5.305962,51.989558],[5.306034,51.989682],[5.306126,51.989802],[5.306236,51.989915],[5.306364,51.990021],[5.306508,51.990119],[5.306667,51.990208],[5.30684,51.990287],[5.307024,51.990355],[5.307218,51.990412],[5.30742,51.990456],[5.307629,51.990488],[5.307841,51.990508],[5.308056,51.990514]]]}},{"type":"Feature","properties":{"identifier":"6.7.94","name":"geografische zone van een beveiligd gebied of een locatie met vitale processen","restriction":"CONDITIONAL","rule":"OPEN cat. vluchten zijn hier verboden SPEC cat. vluchten vereisen een privilege op de exploitatievergunning","category":"beveiligd","source":"AIP Nederland ENR 5.3, ED-269, 22 juli 2024"},"geometry":{"type":"Polygon","coordinates":[[[5.232222,51.94857],[5.232436,51.948563],[5.232649,51.948544],[5.232857,51.948512],[5.233059,51.948467],[5.233253,51.948411],[5.233437,51.948343],[5.233609,51.948264],[5.233768,51.948175],[5.233912,51.948077],[5.23404,51.947971],[5.23415,51.947857],[5.234242,51.947738],[5.234314,51.947613],[5.234366,51.947485],[5.234398,51.947354],[5.234408,51.947222],[5.234398,51.94709],[5.234366,51.946959],[5.234314,51.946831],[5.234242,51.946707],[5.23415,51.946587],[5.23404,51.946474],[5.233912,51.946367],[5.233768,51.946269],[5.233609,51.946181],[5.233437,51.946102],[5.233253,51.946034],[5.233059,51.945977],[5.232857,51.945933],[5.232649,51.945901],[5.232436,51.945881],[5.232222,51.945875],[5.232008,51.945881],[5.231796,51.945901],[5.231588,51.945933],[5.231386,51.945977],[5.231192,51.946034],[5.231008,51.946102],[5.230835,51.946181],[5.230676,51.946269],[5.230532,51.946367],[5.230405,51.946474],[5.230294,51.946587],[5.230203,51.946707],[5.23013,51.946831],[5.230078,51.946959],[5.230047,51.94709],[5.230036,51.947222],[5.230047,51.947354],[5.230078,51.947485],[5.23013,51.947613],[5.230203,51.947738],[5.230294,51.947857],[5.230405,51.947971],[5.230532,51.948077],[5.230676,51.948175],[5.230835,51.948264],[5.231008,51.948343],[5.231192,51.948411],[5.231386,51.948467],[5.231588,51.948512],[5.231796,51.948544],[5.232008,51.948563],[5.232222,51.94857]]]}},{"type":"Feature","properties":{"identifier":"6.7.95","name":"geografische zone van een beveiligd gebied of een locatie met vitale processen","restriction":"CONDITIONAL","rule":"OPEN cat. vluchten zijn hier verboden SPEC cat. vluchten vereisen een privilege op de exploitatievergunning","category":"beveiligd","source":"AIP Nederland ENR 5.3, ED-269, 22 juli 2024"},"geometry":{"type":"Polygon","coordinates":[[[6.603056,51.924681],[6.60327,51.924674],[6.603482,51.924655],[6.60369,51.924623],[6.603892,51.924578],[6.604086,51.924522],[6.604269,51.924454],[6.604442,51.924375],[6.604601,51.924286],[6.604745,51.924188],[6.604872,51.924082],[6.604982,51.923969],[6.605074,51.923849],[6.605146,51.923724],[6.605198,51.923596],[6.60523,51.923465],[6.60524,51.923333],[6.60523,51.923201],[6.605198,51.92307],[6.605146,51.922942],[6.605074,51.922818],[6.604982,51.922698],[6.604872,51.922585],[6.604745,51.922479],[6.604601,51.922381],[6.604442,51.922292],[6.604269,51.922213],[6.604086,51.922145],[6.603892,51.922088],[6.60369,51.922044],[6.603482,51.922012],[6.60327,51.921992],[6.603056,51.921986],[6.602841,51.921992],[6.602629,51.922012],[6.602421,51.922044],[6.602219,51.922088],[6.602026,51.922145],[6.601842,51.922213],[6.601669,51.922292],[6.601511,51.922381],[6.601367,51.922479],[6.601239,51.922585],[6.601129,51.922698],[6.601037,51.922818],[6.600965,51.922942],[6.600913,51.92307],[6.600881,51.923201],[6.600871,51.923333],[6.600881,51.923465],[6.600913,51.923596],[6.600965,51.923724],[6.601037,51.923849],[6.601129,51.923969],[6.601239,51.924082],[6.601367,51.924188],[6.601511,51.924286],[6.601669,51.924375],[6.601842,51.924454],[6.602026,51.924522],[6.602219,51.924578],[6.602421,51.924623],[6.602629,51.924655],[6.602841,51.924674],[6.603056,51.924681]]]}},{"type":"Feature","properties":{"identifier":"6.7.96","name":"geografische zone van een beveiligd gebied of een locatie met vitale processen","restriction":"CONDITIONAL","rule":"OPEN cat. vluchten zijn hier verboden SPEC cat. vluchten vereisen een privilege op de exploitatievergunning","category":"beveiligd","source":"AIP Nederland ENR 5.3, ED-269, 22 juli 2024"},"geometry":{"type":"Polygon","coordinates":[[[5.366389,52.141903],[5.366604,52.141897],[5.366817,52.141877],[5.367026,52.141845],[5.367229,52.1418],[5.367424,52.141744],[5.367609,52.141676],[5.367782,52.141597],[5.367941,52.141508],[5.368086,52.14141],[5.368214,52.141304],[5.368325,52.141191],[5.368417,52.141071],[5.36849,52.140947],[5.368542,52.140818],[5.368574,52.140688],[5.368584,52.140556],[5.368574,52.140423],[5.368542,52.140293],[5.36849,52.140164],[5.368417,52.14004],[5.368325,52.13992],[5.368214,52.139807],[5.368086,52.139701],[5.367941,52.139603],[5.367782,52.139514],[5.367609,52.139435],[5.367424,52.139367],[5.367229,52.139311],[5.367026,52.139266],[5.366817,52.139234],[5.366604,52.139215],[5.366389,52.139208],[5.366174,52.139215],[5.365961,52.139234],[5.365752,52.139266],[5.365549,52.139311],[5.365354,52.139367],[5.365169,52.139435],[5.364996,52.139514],[5.364836,52.139603],[5.364692,52.139701],[5.364563,52.139807],[5.364453,52.13992],[5.36436,52.14004],[5.364288,52.140164],[5.364236,52.140293],[5.364204,52.140423],[5.364193,52.140556],[5.364204,52.140688],[5.364236,52.140818],[5.364288,52.140947],[5.36436,52.141071],[5.364453,52.141191],[5.364563,52.141304],[5.364692,52.14141],[5.364836,52.141508],[5.364996,52.141597],[5.365169,52.141676],[5.365354,52.141744],[5.365549,52.1418],[5.365752,52.141845],[5.365961,52.141877],[5.366174,52.141897],[5.366389,52.141903]]]}},{"type":"Feature","properties":{"identifier":"6.7.97","name":"geografische zone van een beveiligd gebied of een locatie met vitale processen","restriction":"CONDITIONAL","rule":"OPEN cat. vluchten zijn hier verboden SPEC cat. vluchten vereisen een privilege op de exploitatievergunning","category":"beveiligd","source":"AIP Nederland ENR 5.3, ED-269, 22 juli 2024"},"geometry":{"type":"Polygon","coordinates":[[[5.926944,52.226625],[5.92716,52.226619],[5.927374,52.226599],[5.927583,52.226567],[5.927786,52.226523],[5.927981,52.226466],[5.928167,52.226398],[5.92834,52.226319],[5.9285,52.226231],[5.928645,52.226133],[5.928773,52.226026],[5.928884,52.225913],[5.928977,52.225793],[5.929049,52.225669],[5.929102,52.225541],[5.929134,52.22541],[5.929144,52.225278],[5.929134,52.225146],[5.929102,52.225015],[5.929049,52.224887],[5.928977,52.224762],[5.928884,52.224643],[5.928773,52.224529],[5.928645,52.224423],[5.9285,52.224325],[5.92834,52.224236],[5.928167,52.224157],[5.927981,52.224089],[5.927786,52.224033],[5.927583,52.223988],[5.927374,52.223956],[5.92716,52.223937],[5.926944,52.22393],[5.926729,52.223937],[5.926515,52.223956],[5.926306,52.223988],[5.926103,52.224033],[5.925907,52.224089],[5.925722,52.224157],[5.925549,52.224236],[5.925389,52.224325],[5.925244,52.224423],[5.925115,52.224529],[5.925004,52.224643],[5.924912,52.224762],[5.924839,52.224887],[5.924787,52.225015],[5.924755,52.225146],[5.924745,52.225278],[5.924755,52.22541],[5.924787,52.225541],[5.924839,52.225669],[5.924912,52.225793],[5.925004,52.225913],[5.925115,52.226026],[5.925244,52.226133],[5.925389,52.226231],[5.925549,52.226319],[5.925722,52.226398],[5.925907,52.226466],[5.926103,52.226523],[5.926306,52.226567],[5.926515,52.226599],[5.926729,52.226619],[5.926944,52.226625]]]}},{"type":"Feature","properties":{"identifier":"6.7.98","name":"geografische zone van een beveiligd gebied of een locatie met vitale processen","restriction":"CONDITIONAL","rule":"OPEN cat. vluchten zijn hier verboden SPEC cat. vluchten vereisen een privilege op de exploitatievergunning","category":"beveiligd","source":"AIP Nederland ENR 5.3, ED-269, 22 juli 2024"},"geometry":{"type":"Polygon","coordinates":[[[5.415556,52.159959],[5.415771,52.159952],[5.415984,52.159933],[5.416193,52.159901],[5.416396,52.159856],[5.416591,52.159799],[5.416776,52.159731],[5.416949,52.159653],[5.417109,52.159564],[5.417253,52.159466],[5.417382,52.15936],[5.417493,52.159246],[5.417585,52.159127],[5.417657,52.159002],[5.41771,52.158874],[5.417741,52.158743],[5.417752,52.158611],[5.417741,52.158479],[5.41771,52.158348],[5.417657,52.15822],[5.417585,52.158095],[5.417493,52.157976],[5.417382,52.157862],[5.417253,52.157756],[5.417109,52.157658],[5.416949,52.15757],[5.416776,52.157491],[5.416591,52.157423],[5.416396,52.157366],[5.416193,52.157322],[5.415984,52.15729],[5.415771,52.15727],[5.415556,52.157264],[5.41534,52.15727],[5.415127,52.15729],[5.414918,52.157322],[5.414715,52.157366],[5.41452,52.157423],[5.414335,52.157491],[5.414162,52.15757],[5.414002,52.157658],[5.413858,52.157756],[5.413729,52.157862],[5.413618,52.157976],[5.413526,52.158095],[5.413454,52.15822],[5.413401,52.158348],[5.41337,52.158479],[5.413359,52.158611],[5.41337,52.158743],[5.413401,52.158874],[5.413454,52.159002],[5.413526,52.159127],[5.413618,52.159246],[5.413729,52.15936],[5.413858,52.159466],[5.414002,52.159564],[5.414162,52.159653],[5.414335,52.159731],[5.41452,52.159799],[5.414715,52.159856],[5.414918,52.159901],[5.415127,52.159933],[5.41534,52.159952],[5.415556,52.159959]]]}},{"type":"Feature","properties":{"identifier":"6.7.99","name":"geografische zone van een beveiligd gebied of een locatie met vitale processen","restriction":"CONDITIONAL","rule":"OPEN cat. vluchten zijn hier verboden SPEC cat. vluchten vereisen een privilege op de exploitatievergunning","category":"beveiligd","source":"AIP Nederland ENR 5.3, ED-269, 22 juli 2024"},"geometry":{"type":"Polygon","coordinates":[[[6.419444,52.475236],[6.419661,52.47523],[6.419876,52.47521],[6.420087,52.475178],[6.420291,52.475134],[6.420487,52.475077],[6.420673,52.475009],[6.420848,52.47493],[6.421009,52.474842],[6.421154,52.474744],[6.421284,52.474638],[6.421395,52.474524],[6.421488,52.474405],[6.421561,52.47428],[6.421614,52.474152],[6.421646,52.474021],[6.421657,52.473889],[6.421646,52.473757],[6.421614,52.473626],[6.421561,52.473498],[6.421488,52.473373],[6.421395,52.473254],[6.421284,52.47314],[6.421154,52.473034],[6.421009,52.472936],[6.420848,52.472847],[6.420673,52.472769],[6.420487,52.472701],[6.420291,52.472644],[6.420087,52.472599],[6.419876,52.472567],[6.419661,52.472548],[6.419444,52.472541],[6.419228,52.472548],[6.419013,52.472567],[6.418802,52.472599],[6.418598,52.472644],[6.418402,52.472701],[6.418215,52.472769],[6.418041,52.472847],[6.41788,52.472936],[6.417734,52.473034],[6.417605,52.47314],[6.417493,52.473254],[6.417401,52.473373],[6.417328,52.473498],[6.417275,52.473626],[6.417243,52.473757],[6.417232,52.473889],[6.417243,52.474021],[6.417275,52.474152],[6.417328,52.47428],[6.417401,52.474405],[6.417493,52.474524],[6.417605,52.474638],[6.417734,52.474744],[6.41788,52.474842],[6.418041,52.47493],[6.418215,52.475009],[6.418402,52.475077],[6.418598,52.475134],[6.418802,52.475178],[6.419013,52.47521],[6.419228,52.47523],[6.419444,52.475236]]]}},{"type":"Feature","properties":{"identifier":"6.7.100","name":"geografische zone van een beveiligd gebied of een locatie met vitale processen","restriction":"CONDITIONAL","rule":"OPEN cat. vluchten zijn hier verboden SPEC cat. vluchten vereisen een privilege op de exploitatievergunning","category":"beveiligd","source":"AIP Nederland ENR 5.3, ED-269, 22 juli 2024"},"geometry":{"type":"Polygon","coordinates":[[[5.191389,52.059959],[5.191604,52.059952],[5.191816,52.059933],[5.192025,52.059901],[5.192228,52.059856],[5.192422,52.059799],[5.192606,52.059731],[5.192779,52.059653],[5.192939,52.059564],[5.193083,52.059466],[5.193211,52.05936],[5.193322,52.059246],[5.193414,52.059127],[5.193486,52.059002],[5.193538,52.058874],[5.19357,52.058743],[5.19358,52.058611],[5.19357,52.058479],[5.193538,52.058348],[5.193486,52.05822],[5.193414,52.058095],[5.193322,52.057976],[5.193211,52.057862],[5.193083,52.057756],[5.192939,52.057658],[5.192779,52.05757],[5.192606,52.057491],[5.192422,52.057423],[5.192228,52.057366],[5.192025,52.057322],[5.191816,52.05729],[5.191604,52.05727],[5.191389,52.057264],[5.191174,52.05727],[5.190961,52.05729],[5.190753,52.057322],[5.19055,52.057366],[5.190356,52.057423],[5.190171,52.057491],[5.189999,52.05757],[5.189839,52.057658],[5.189695,52.057756],[5.189567,52.057862],[5.189456,52.057976],[5.189364,52.058095],[5.189292,52.05822],[5.189239,52.058348],[5.189208,52.058479],[5.189197,52.058611],[5.189208,52.058743],[5.189239,52.058874],[5.189292,52.059002],[5.189364,52.059127],[5.189456,52.059246],[5.189567,52.05936],[5.189695,52.059466],[5.189839,52.059564],[5.189999,52.059653],[5.190171,52.059731],[5.190356,52.059799],[5.19055,52.059856],[5.190753,52.059901],[5.190961,52.059933],[5.191174,52.059952],[5.191389,52.059959]]]}},{"type":"Feature","properties":{"identifier":"6.7.102","name":"geografische zone van een beveiligd gebied of een locatie met vitale processen","restriction":"CONDITIONAL","rule":"OPEN cat. vluchten zijn hier verboden SPEC cat. vluchten vereisen een privilege op de exploitatievergunning","category":"beveiligd","source":"AIP Nederland ENR 5.3, ED-269, 22 juli 2024"},"geometry":{"type":"Polygon","coordinates":[[[6.017222,52.454125],[6.017439,52.454119],[6.017654,52.454099],[6.017864,52.454067],[6.018068,52.454023],[6.018265,52.453966],[6.018451,52.453898],[6.018625,52.453819],[6.018786,52.453731],[6.018931,52.453633],[6.019061,52.453526],[6.019172,52.453413],[6.019265,52.453293],[6.019338,52.453169],[6.019391,52.453041],[6.019423,52.45291],[6.019433,52.452778],[6.019423,52.452646],[6.019391,52.452515],[6.019338,52.452387],[6.019265,52.452262],[6.019172,52.452143],[6.019061,52.452029],[6.018931,52.451923],[6.018786,52.451825],[6.018625,52.451736],[6.018451,52.451657],[6.018265,52.451589],[6.018068,52.451533],[6.017864,52.451488],[6.017654,52.451456],[6.017439,52.451437],[6.017222,52.45143],[6.017005,52.451437],[6.016791,52.451456],[6.01658,52.451488],[6.016376,52.451533],[6.01618,52.451589],[6.015994,52.451657],[6.01582,52.451736],[6.015659,52.451825],[6.015513,52.451923],[6.015384,52.452029],[6.015272,52.452143],[6.015179,52.452262],[6.015106,52.452387],[6.015054,52.452515],[6.015022,52.452646],[6.015011,52.452778],[6.015022,52.45291],[6.015054,52.453041],[6.015106,52.453169],[6.015179,52.453293],[6.015272,52.453413],[6.015384,52.453526],[6.015513,52.453633],[6.015659,52.453731],[6.01582,52.453819],[6.015994,52.453898],[6.01618,52.453966],[6.016376,52.454023],[6.01658,52.454067],[6.016791,52.454099],[6.017005,52.454119],[6.017222,52.454125]]]}},{"type":"Feature","properties":{"identifier":"6.7.104","name":"geografische zone van een beveiligd gebied of een locatie met vitale processen","restriction":"CONDITIONAL","rule":"OPEN cat. vluchten zijn hier verboden SPEC cat. vluchten vereisen een privilege op de exploitatievergunning","category":"beveiligd","source":"AIP Nederland ENR 5.3, ED-269, 22 juli 2024"},"geometry":{"type":"Polygon","coordinates":[[[6.165278,52.364403],[6.165494,52.364397],[6.165708,52.364377],[6.165918,52.364345],[6.166122,52.3643],[6.166318,52.364244],[6.166504,52.364176],[6.166678,52.364097],[6.166838,52.364008],[6.166984,52.36391],[6.167112,52.363804],[6.167224,52.363691],[6.167316,52.363571],[6.167389,52.363447],[6.167442,52.363318],[6.167474,52.363188],[6.167484,52.363056],[6.167474,52.362923],[6.167442,52.362793],[6.167389,52.362664],[6.167316,52.36254],[6.167224,52.36242],[6.167112,52.362307],[6.166984,52.362201],[6.166838,52.362103],[6.166678,52.362014],[6.166504,52.361935],[6.166318,52.361867],[6.166122,52.361811],[6.165918,52.361766],[6.165708,52.361734],[6.165494,52.361715],[6.165278,52.361708],[6.165061,52.361715],[6.164847,52.361734],[6.164637,52.361766],[6.164433,52.361811],[6.164238,52.361867],[6.164052,52.361935],[6.163878,52.362014],[6.163717,52.362103],[6.163572,52.362201],[6.163443,52.362307],[6.163332,52.36242],[6.163239,52.36254],[6.163166,52.362664],[6.163114,52.362793],[6.163082,52.362923],[6.163071,52.363056],[6.163082,52.363188],[6.163114,52.363318],[6.163166,52.363447],[6.163239,52.363571],[6.163332,52.363691],[6.163443,52.363804],[6.163572,52.36391],[6.163717,52.364008],[6.163878,52.364097],[6.164052,52.364176],[6.164238,52.364244],[6.164433,52.3643],[6.164637,52.364345],[6.164847,52.364377],[6.165061,52.364397],[6.165278,52.364403]]]}},{"type":"Feature","properties":{"identifier":"6.7.105","name":"geografische zone van een beveiligd gebied of een locatie met vitale processen","restriction":"CONDITIONAL","rule":"OPEN cat. vluchten zijn hier verboden SPEC cat. vluchten vereisen een privilege op de exploitatievergunning","category":"beveiligd","source":"AIP Nederland ENR 5.3, ED-269, 22 juli 2024"},"geometry":{"type":"Polygon","coordinates":[[[5.728333,52.420792],[5.72855,52.420785],[5.728764,52.420766],[5.728975,52.420734],[5.729179,52.420689],[5.729375,52.420633],[5.729561,52.420565],[5.729735,52.420486],[5.729896,52.420397],[5.730041,52.420299],[5.73017,52.420193],[5.730282,52.42008],[5.730375,52.41996],[5.730448,52.419836],[5.7305,52.419707],[5.730532,52.419577],[5.730543,52.419444],[5.730532,52.419312],[5.7305,52.419182],[5.730448,52.419053],[5.730375,52.418929],[5.730282,52.418809],[5.73017,52.418696],[5.730041,52.41859],[5.729896,52.418492],[5.729735,52.418403],[5.729561,52.418324],[5.729375,52.418256],[5.729179,52.4182],[5.728975,52.418155],[5.728764,52.418123],[5.72855,52.418103],[5.728333,52.418097],[5.728117,52.418103],[5.727902,52.418123],[5.727692,52.418155],[5.727488,52.4182],[5.727292,52.418256],[5.727106,52.418324],[5.726932,52.418403],[5.726771,52.418492],[5.726625,52.41859],[5.726496,52.418696],[5.726385,52.418809],[5.726292,52.418929],[5.726219,52.419053],[5.726166,52.419182],[5.726135,52.419312],[5.726124,52.419444],[5.726135,52.419577],[5.726166,52.419707],[5.726219,52.419836],[5.726292,52.41996],[5.726385,52.42008],[5.726496,52.420193],[5.726625,52.420299],[5.726771,52.420397],[5.726932,52.420486],[5.727106,52.420565],[5.727292,52.420633],[5.727488,52.420689],[5.727692,52.420734],[5.727902,52.420766],[5.728117,52.420785],[5.728333,52.420792]]]}},{"type":"Feature","properties":{"identifier":"6.7.106","name":"geografische zone van een beveiligd gebied of een locatie met vitale processen","restriction":"CONDITIONAL","rule":"OPEN cat. vluchten zijn hier verboden SPEC cat. vluchten vereisen een privilege op de exploitatievergunning","category":"beveiligd","source":"AIP Nederland ENR 5.3, ED-269, 22 juli 2024"},"geometry":{"type":"Polygon","coordinates":[[[5.21,52.112736],[5.210215,52.11273],[5.210428,52.11271],[5.210637,52.112678],[5.21084,52.112634],[5.211034,52.112577],[5.211219,52.112509],[5.211392,52.11243],[5.211551,52.112342],[5.211696,52.112244],[5.211824,52.112138],[5.211935,52.112024],[5.212027,52.111905],[5.2121,52.11178],[5.212152,52.111652],[5.212184,52.111521],[5.212194,52.111389],[5.212184,52.111257],[5.212152,52.111126],[5.2121,52.110998],[5.212027,52.110873],[5.211935,52.110754],[5.211824,52.11064],[5.211696,52.110534],[5.211551,52.110436],[5.211392,52.110347],[5.211219,52.110269],[5.211034,52.110201],[5.21084,52.110144],[5.210637,52.110099],[5.210428,52.110067],[5.210215,52.110048],[5.21,52.110041],[5.209785,52.110048],[5.209572,52.110067],[5.209363,52.110099],[5.20916,52.110144],[5.208966,52.110201],[5.208781,52.110269],[5.208608,52.110347],[5.208449,52.110436],[5.208304,52.110534],[5.208176,52.11064],[5.208065,52.110754],[5.207973,52.110873],[5.2079,52.110998],[5.207848,52.111126],[5.207816,52.111257],[5.207806,52.111389],[5.207816,52.111521],[5.207848,52.111652],[5.2079,52.11178],[5.207973,52.111905],[5.208065,52.112024],[5.208176,52.112138],[5.208304,52.112244],[5.208449,52.112342],[5.208608,52.11243],[5.208781,52.112509],[5.208966,52.112577],[5.20916,52.112634],[5.209363,52.112678],[5.209572,52.11271],[5.209785,52.11273],[5.21,52.112736]]]}},{"type":"Feature","properties":{"identifier":"6.7.107","name":"geografische zone van een beveiligd gebied of een locatie met vitale processen","restriction":"CONDITIONAL","rule":"OPEN cat. vluchten zijn hier verboden SPEC cat. vluchten vereisen een privilege op de exploitatievergunning","category":"beveiligd","source":"AIP Nederland ENR 5.3, ED-269, 22 juli 2024"},"geometry":{"type":"Polygon","coordinates":[[[6.143889,52.307181],[6.144105,52.307174],[6.144319,52.307155],[6.144529,52.307123],[6.144732,52.307078],[6.144928,52.307022],[6.145113,52.306954],[6.145287,52.306875],[6.145447,52.306786],[6.145592,52.306688],[6.145721,52.306582],[6.145832,52.306469],[6.145925,52.306349],[6.145998,52.306224],[6.14605,52.306096],[6.146082,52.305965],[6.146093,52.305833],[6.146082,52.305701],[6.14605,52.30557],[6.145998,52.305442],[6.145925,52.305318],[6.145832,52.305198],[6.145721,52.305085],[6.145592,52.304979],[6.145447,52.304881],[6.145287,52.304792],[6.145113,52.304713],[6.144928,52.304645],[6.144732,52.304588],[6.144529,52.304544],[6.144319,52.304512],[6.144105,52.304492],[6.143889,52.304486],[6.143673,52.304492],[6.143459,52.304512],[6.143249,52.304544],[6.143046,52.304588],[6.14285,52.304645],[6.142665,52.304713],[6.142491,52.304792],[6.142331,52.304881],[6.142185,52.304979],[6.142057,52.305085],[6.141945,52.305198],[6.141853,52.305318],[6.14178,52.305442],[6.141727,52.30557],[6.141696,52.305701],[6.141685,52.305833],[6.141696,52.305965],[6.141727,52.306096],[6.14178,52.306224],[6.141853,52.306349],[6.141945,52.306469],[6.142057,52.306582],[6.142185,52.306688],[6.142331,52.306786],[6.142491,52.306875],[6.142665,52.306954],[6.14285,52.307022],[6.143046,52.307078],[6.143249,52.307123],[6.143459,52.307155],[6.143673,52.307174],[6.143889,52.307181]]]}},{"type":"Feature","properties":{"identifier":"6.7.108","name":"geografische zone van een beveiligd gebied of een locatie met vitale processen","restriction":"CONDITIONAL","rule":"OPEN cat. vluchten zijn hier verboden SPEC cat. vluchten vereisen een privilege op de exploitatievergunning","category":"beveiligd","source":"AIP Nederland ENR 5.3, ED-269, 22 juli 2024"},"geometry":{"type":"Polygon","coordinates":[[[6.503056,51.883014],[6.50327,51.883008],[6.503481,51.882988],[6.503689,51.882956],[6.503891,51.882912],[6.504085,51.882855],[6.504268,51.882787],[6.50444,51.882708],[6.504599,51.882619],[6.504743,51.882521],[6.504871,51.882415],[6.504981,51.882302],[6.505072,51.882182],[6.505144,51.882058],[6.505197,51.88193],[6.505228,51.881799],[6.505238,51.881667],[6.505228,51.881535],[6.505197,51.881404],[6.505144,51.881276],[6.505072,51.881151],[6.504981,51.881031],[6.504871,51.880918],[6.504743,51.880812],[6.504599,51.880714],[6.50444,51.880625],[6.504268,51.880546],[6.504085,51.880478],[6.503891,51.880422],[6.503689,51.880377],[6.503481,51.880345],[6.50327,51.880326],[6.503056,51.880319],[6.502842,51.880326],[6.50263,51.880345],[6.502422,51.880377],[6.50222,51.880422],[6.502027,51.880478],[6.501843,51.880546],[6.501671,51.880625],[6.501512,51.880714],[6.501368,51.880812],[6.501241,51.880918],[6.50113,51.881031],[6.501039,51.881151],[6.500967,51.881276],[6.500915,51.881404],[6.500883,51.881535],[6.500873,51.881667],[6.500883,51.881799],[6.500915,51.88193],[6.500967,51.882058],[6.501039,51.882182],[6.50113,51.882302],[6.501241,51.882415],[6.501368,51.882521],[6.501512,51.882619],[6.501671,51.882708],[6.501843,51.882787],[6.502027,51.882855],[6.50222,51.882912],[6.502422,51.882956],[6.50263,51.882988],[6.502842,51.883008],[6.503056,51.883014]]]}},{"type":"Feature","properties":{"identifier":"6.7.109","name":"geografische zone van een beveiligd gebied of een locatie met vitale processen","restriction":"CONDITIONAL","rule":"OPEN cat. vluchten zijn hier verboden SPEC cat. vluchten vereisen een privilege op de exploitatievergunning","category":"beveiligd","source":"AIP Nederland ENR 5.3, ED-269, 22 juli 2024"},"geometry":{"type":"Polygon","coordinates":[[[5.020556,52.08607],[5.02077,52.086063],[5.020983,52.086044],[5.021192,52.086012],[5.021395,52.085967],[5.021589,52.085911],[5.021774,52.085843],[5.021947,52.085764],[5.022106,52.085675],[5.022251,52.085577],[5.022379,52.085471],[5.022489,52.085357],[5.022581,52.085238],[5.022654,52.085113],[5.022706,52.084985],[5.022738,52.084854],[5.022748,52.084722],[5.022738,52.08459],[5.022706,52.084459],[5.022654,52.084331],[5.022581,52.084207],[5.022489,52.084087],[5.022379,52.083974],[5.022251,52.083867],[5.022106,52.083769],[5.021947,52.083681],[5.021774,52.083602],[5.021589,52.083534],[5.021395,52.083477],[5.021192,52.083433],[5.020983,52.083401],[5.02077,52.083381],[5.020556,52.083375],[5.020341,52.083381],[5.020128,52.083401],[5.019919,52.083433],[5.019716,52.083477],[5.019522,52.083534],[5.019337,52.083602],[5.019164,52.083681],[5.019005,52.083769],[5.01886,52.083867],[5.018732,52.083974],[5.018622,52.084087],[5.01853,52.084207],[5.018457,52.084331],[5.018405,52.084459],[5.018373,52.08459],[5.018363,52.084722],[5.018373,52.084854],[5.018405,52.084985],[5.018457,52.085113],[5.01853,52.085238],[5.018622,52.085357],[5.018732,52.085471],[5.01886,52.085577],[5.019005,52.085675],[5.019164,52.085764],[5.019337,52.085843],[5.019522,52.085911],[5.019716,52.085967],[5.019919,52.086012],[5.020128,52.086044],[5.020341,52.086063],[5.020556,52.08607]]]}},{"type":"Feature","properties":{"identifier":"6.7.110","name":"geografische zone van een beveiligd gebied of een locatie met vitale processen","restriction":"CONDITIONAL","rule":"OPEN cat. vluchten zijn hier verboden SPEC cat. vluchten vereisen een privilege op de exploitatievergunning","category":"beveiligd","source":"AIP Nederland ENR 5.3, ED-269, 22 juli 2024"},"geometry":{"type":"Polygon","coordinates":[[[5.305833,52.06107],[5.306048,52.061063],[5.306261,52.061044],[5.30647,52.061012],[5.306672,52.060967],[5.306866,52.060911],[5.307051,52.060843],[5.307224,52.060764],[5.307383,52.060675],[5.307527,52.060577],[5.307656,52.060471],[5.307766,52.060357],[5.307858,52.060238],[5.307931,52.060113],[5.307983,52.059985],[5.308014,52.059854],[5.308025,52.059722],[5.308014,52.05959],[5.307983,52.059459],[5.307931,52.059331],[5.307858,52.059207],[5.307766,52.059087],[5.307656,52.058974],[5.307527,52.058867],[5.307383,52.058769],[5.307224,52.058681],[5.307051,52.058602],[5.306866,52.058534],[5.306672,52.058477],[5.30647,52.058433],[5.306261,52.058401],[5.306048,52.058381],[5.305833,52.058375],[5.305619,52.058381],[5.305406,52.058401],[5.305197,52.058433],[5.304995,52.058477],[5.3048,52.058534],[5.304616,52.058602],[5.304443,52.058681],[5.304284,52.058769],[5.304139,52.058867],[5.304011,52.058974],[5.303901,52.059087],[5.303809,52.059207],[5.303736,52.059331],[5.303684,52.059459],[5.303652,52.05959],[5.303642,52.059722],[5.303652,52.059854],[5.303684,52.059985],[5.303736,52.060113],[5.303809,52.060238],[5.303901,52.060357],[5.304011,52.060471],[5.304139,52.060577],[5.304284,52.060675],[5.304443,52.060764],[5.304616,52.060843],[5.3048,52.060911],[5.304995,52.060967],[5.305197,52.061012],[5.305406,52.061044],[5.305619,52.061063],[5.305833,52.06107]]]}},{"type":"Feature","properties":{"identifier":"6.7.111","name":"geografische zone van een beveiligd gebied of een locatie met vitale processen","restriction":"CONDITIONAL","rule":"OPEN cat. vluchten zijn hier verboden SPEC cat. vluchten vereisen een privilege op de exploitatievergunning","category":"beveiligd","source":"AIP Nederland ENR 5.3, ED-269, 22 juli 2024"},"geometry":{"type":"Polygon","coordinates":[[[5.330833,52.043292],[5.331048,52.043285],[5.331261,52.043266],[5.331469,52.043234],[5.331672,52.043189],[5.331866,52.043133],[5.33205,52.043065],[5.332223,52.042986],[5.332382,52.042897],[5.332527,52.042799],[5.332655,52.042693],[5.332765,52.04258],[5.332857,52.04246],[5.33293,52.042336],[5.332982,52.042207],[5.333013,52.042077],[5.333024,52.041944],[5.333013,52.041812],[5.332982,52.041682],[5.33293,52.041553],[5.332857,52.041429],[5.332765,52.041309],[5.332655,52.041196],[5.332527,52.04109],[5.332382,52.040992],[5.332223,52.040903],[5.33205,52.040824],[5.331866,52.040756],[5.331672,52.0407],[5.331469,52.040655],[5.331261,52.040623],[5.331048,52.040603],[5.330833,52.040597],[5.330619,52.040603],[5.330406,52.040623],[5.330197,52.040655],[5.329995,52.0407],[5.329801,52.040756],[5.329616,52.040824],[5.329444,52.040903],[5.329284,52.040992],[5.32914,52.04109],[5.329012,52.041196],[5.328901,52.041309],[5.328809,52.041429],[5.328737,52.041553],[5.328685,52.041682],[5.328653,52.041812],[5.328643,52.041944],[5.328653,52.042077],[5.328685,52.042207],[5.328737,52.042336],[5.328809,52.04246],[5.328901,52.04258],[5.329012,52.042693],[5.32914,52.042799],[5.329284,52.042897],[5.329444,52.042986],[5.329616,52.043065],[5.329801,52.043133],[5.329995,52.043189],[5.330197,52.043234],[5.330406,52.043266],[5.330619,52.043285],[5.330833,52.043292]]]}},{"type":"Feature","properties":{"identifier":"6.7.112","name":"geografische zone van een beveiligd gebied of een locatie met vitale processen","restriction":"CONDITIONAL","rule":"OPEN cat. vluchten zijn hier verboden SPEC cat. vluchten vereisen een privilege op de exploitatievergunning","category":"beveiligd","source":"AIP Nederland ENR 5.3, ED-269, 22 juli 2024"},"geometry":{"type":"Polygon","coordinates":[[[5.688889,52.055792],[5.689104,52.055785],[5.689316,52.055766],[5.689525,52.055734],[5.689727,52.055689],[5.689922,52.055633],[5.690106,52.055565],[5.690279,52.055486],[5.690438,52.055397],[5.690583,52.055299],[5.690711,52.055193],[5.690821,52.05508],[5.690913,52.05496],[5.690986,52.054836],[5.691038,52.054707],[5.69107,52.054577],[5.69108,52.054444],[5.69107,52.054312],[5.691038,52.054182],[5.690986,52.054053],[5.690913,52.053929],[5.690821,52.053809],[5.690711,52.053696],[5.690583,52.05359],[5.690438,52.053492],[5.690279,52.053403],[5.690106,52.053324],[5.689922,52.053256],[5.689727,52.0532],[5.689525,52.053155],[5.689316,52.053123],[5.689104,52.053103],[5.688889,52.053097],[5.688674,52.053103],[5.688461,52.053123],[5.688253,52.053155],[5.68805,52.0532],[5.687856,52.053256],[5.687671,52.053324],[5.687499,52.053403],[5.687339,52.053492],[5.687195,52.05359],[5.687067,52.053696],[5.686956,52.053809],[5.686864,52.053929],[5.686792,52.054053],[5.68674,52.054182],[5.686708,52.054312],[5.686698,52.054444],[5.686708,52.054577],[5.68674,52.054707],[5.686792,52.054836],[5.686864,52.05496],[5.686956,52.05508],[5.687067,52.055193],[5.687195,52.055299],[5.687339,52.055397],[5.687499,52.055486],[5.687671,52.055565],[5.687856,52.055633],[5.68805,52.055689],[5.688253,52.055734],[5.688461,52.055766],[5.688674,52.055785],[5.688889,52.055792]]]}},{"type":"Feature","properties":{"identifier":"6.7.113","name":"geografische zone van een beveiligd gebied of een locatie met vitale processen","restriction":"CONDITIONAL","rule":"OPEN cat. vluchten zijn hier verboden SPEC cat. vluchten vereisen een privilege op de exploitatievergunning","category":"beveiligd","source":"AIP Nederland ENR 5.3, ED-269, 22 juli 2024"},"geometry":{"type":"Polygon","coordinates":[[[6.040278,52.103292],[6.040493,52.103285],[6.040706,52.103266],[6.040915,52.103234],[6.041117,52.103189],[6.041312,52.103133],[6.041497,52.103065],[6.041669,52.102986],[6.041829,52.102897],[6.041973,52.102799],[6.042102,52.102693],[6.042212,52.10258],[6.042304,52.10246],[6.042377,52.102336],[6.042429,52.102207],[6.042461,52.102077],[6.042471,52.101944],[6.042461,52.101812],[6.042429,52.101682],[6.042377,52.101553],[6.042304,52.101429],[6.042212,52.101309],[6.042102,52.101196],[6.041973,52.10109],[6.041829,52.100992],[6.041669,52.100903],[6.041497,52.100824],[6.041312,52.100756],[6.041117,52.1007],[6.040915,52.100655],[6.040706,52.100623],[6.040493,52.100603],[6.040278,52.100597],[6.040063,52.100603],[6.03985,52.100623],[6.039641,52.100655],[6.039438,52.1007],[6.039244,52.100756],[6.039059,52.100824],[6.038886,52.100903],[6.038727,52.100992],[6.038582,52.10109],[6.038454,52.101196],[6.038343,52.101309],[6.038251,52.101429],[6.038179,52.101553],[6.038126,52.101682],[6.038095,52.101812],[6.038084,52.101944],[6.038095,52.102077],[6.038126,52.102207],[6.038179,52.102336],[6.038251,52.10246],[6.038343,52.10258],[6.038454,52.102693],[6.038582,52.102799],[6.038727,52.102897],[6.038886,52.102986],[6.039059,52.103065],[6.039244,52.103133],[6.039438,52.103189],[6.039641,52.103234],[6.03985,52.103266],[6.040063,52.103285],[6.040278,52.103292]]]}},{"type":"Feature","properties":{"identifier":"6.7.114","name":"geografische zone van een beveiligd gebied of een locatie met vitale processen","restriction":"CONDITIONAL","rule":"OPEN cat. vluchten zijn hier verboden SPEC cat. vluchten vereisen een privilege op de exploitatievergunning","category":"beveiligd","source":"AIP Nederland ENR 5.3, ED-269, 22 juli 2024"},"geometry":{"type":"Polygon","coordinates":[[[6.606667,52.093292],[6.606882,52.093285],[6.607095,52.093266],[6.607303,52.093234],[6.607506,52.093189],[6.607701,52.093133],[6.607885,52.093065],[6.608058,52.092986],[6.608217,52.092897],[6.608362,52.092799],[6.60849,52.092693],[6.608601,52.09258],[6.608693,52.09246],[6.608765,52.092336],[6.608818,52.092207],[6.608849,52.092077],[6.60886,52.091944],[6.608849,52.091812],[6.608818,52.091682],[6.608765,52.091553],[6.608693,52.091429],[6.608601,52.091309],[6.60849,52.091196],[6.608362,52.09109],[6.608217,52.090992],[6.608058,52.090903],[6.607885,52.090824],[6.607701,52.090756],[6.607506,52.0907],[6.607303,52.090655],[6.607095,52.090623],[6.606882,52.090603],[6.606667,52.090597],[6.606452,52.090603],[6.606239,52.090623],[6.60603,52.090655],[6.605827,52.0907],[6.605633,52.090756],[6.605448,52.090824],[6.605275,52.090903],[6.605116,52.090992],[6.604971,52.09109],[6.604843,52.091196],[6.604732,52.091309],[6.60464,52.091429],[6.604568,52.091553],[6.604516,52.091682],[6.604484,52.091812],[6.604474,52.091944],[6.604484,52.092077],[6.604516,52.092207],[6.604568,52.092336],[6.60464,52.09246],[6.604732,52.09258],[6.604843,52.092693],[6.604971,52.092799],[6.605116,52.092897],[6.605275,52.092986],[6.605448,52.093065],[6.605633,52.093133],[6.605827,52.093189],[6.60603,52.093234],[6.606239,52.093266],[6.606452,52.093285],[6.606667,52.093292]]]}},{"type":"Feature","properties":{"identifier":"6.7.115","name":"geografische zone van een beveiligd gebied of een locatie met vitale processen","restriction":"CONDITIONAL","rule":"OPEN cat. vluchten zijn hier verboden SPEC cat. vluchten vereisen een privilege op de exploitatievergunning","category":"beveiligd","source":"AIP Nederland ENR 5.3, ED-269, 22 juli 2024"},"geometry":{"type":"Polygon","coordinates":[[[6.088889,52.039959],[6.089104,52.039952],[6.089316,52.039933],[6.089525,52.039901],[6.089727,52.039856],[6.089922,52.039799],[6.090106,52.039731],[6.090279,52.039653],[6.090438,52.039564],[6.090582,52.039466],[6.09071,52.03936],[6.090821,52.039246],[6.090913,52.039127],[6.090985,52.039002],[6.091037,52.038874],[6.091069,52.038743],[6.091079,52.038611],[6.091069,52.038479],[6.091037,52.038348],[6.090985,52.03822],[6.090913,52.038095],[6.090821,52.037976],[6.09071,52.037862],[6.090582,52.037756],[6.090438,52.037658],[6.090279,52.03757],[6.090106,52.037491],[6.089922,52.037423],[6.089727,52.037366],[6.089525,52.037322],[6.089316,52.03729],[6.089104,52.03727],[6.088889,52.037264],[6.088674,52.03727],[6.088462,52.03729],[6.088253,52.037322],[6.088051,52.037366],[6.087856,52.037423],[6.087672,52.037491],[6.087499,52.03757],[6.08734,52.037658],[6.087196,52.037756],[6.087068,52.037862],[6.086957,52.037976],[6.086865,52.038095],[6.086793,52.03822],[6.08674,52.038348],[6.086709,52.038479],[6.086698,52.038611],[6.086709,52.038743],[6.08674,52.038874],[6.086793,52.039002],[6.086865,52.039127],[6.086957,52.039246],[6.087068,52.03936],[6.087196,52.039466],[6.08734,52.039564],[6.087499,52.039653],[6.087672,52.039731],[6.087856,52.039799],[6.088051,52.039856],[6.088253,52.039901],[6.088462,52.039933],[6.088674,52.039952],[6.088889,52.039959]]]}},{"type":"Feature","properties":{"identifier":"6.7.116","name":"geografische zone van een beveiligd gebied of een locatie met vitale processen","restriction":"CONDITIONAL","rule":"OPEN cat. vluchten zijn hier verboden SPEC cat. vluchten vereisen een privilege op de exploitatievergunning","category":"beveiligd","source":"AIP Nederland ENR 5.3, ED-269, 22 juli 2024"},"geometry":{"type":"Polygon","coordinates":[[[5.336667,52.26107],[5.336882,52.261063],[5.337096,52.261044],[5.337306,52.261012],[5.337509,52.260967],[5.337704,52.260911],[5.33789,52.260843],[5.338063,52.260764],[5.338223,52.260675],[5.338368,52.260577],[5.338497,52.260471],[5.338608,52.260357],[5.338701,52.260238],[5.338773,52.260113],[5.338826,52.259985],[5.338858,52.259854],[5.338868,52.259722],[5.338858,52.25959],[5.338826,52.259459],[5.338773,52.259331],[5.338701,52.259207],[5.338608,52.259087],[5.338497,52.258974],[5.338368,52.258867],[5.338223,52.258769],[5.338063,52.258681],[5.33789,52.258602],[5.337704,52.258534],[5.337509,52.258477],[5.337306,52.258433],[5.337096,52.258401],[5.336882,52.258381],[5.336667,52.258375],[5.336451,52.258381],[5.336237,52.258401],[5.336028,52.258433],[5.335824,52.258477],[5.335629,52.258534],[5.335444,52.258602],[5.33527,52.258681],[5.33511,52.258769],[5.334965,52.258867],[5.334836,52.258974],[5.334725,52.259087],[5.334633,52.259207],[5.33456,52.259331],[5.334508,52.259459],[5.334476,52.25959],[5.334465,52.259722],[5.334476,52.259854],[5.334508,52.259985],[5.33456,52.260113],[5.334633,52.260238],[5.334725,52.260357],[5.334836,52.260471],[5.334965,52.260577],[5.33511,52.260675],[5.33527,52.260764],[5.335444,52.260843],[5.335629,52.260911],[5.335824,52.260967],[5.336028,52.261012],[5.336237,52.261044],[5.336451,52.261063],[5.336667,52.26107]]]}},{"type":"Feature","properties":{"identifier":"6.7.117","name":"geografische zone van een beveiligd gebied of een locatie met vitale processen","restriction":"CONDITIONAL","rule":"OPEN cat. vluchten zijn hier verboden SPEC cat. vluchten vereisen een privilege op de exploitatievergunning","category":"beveiligd","source":"AIP Nederland ENR 5.3, ED-269, 22 juli 2024"},"geometry":{"type":"Polygon","coordinates":[[[6.071111,52.499403],[6.071328,52.499397],[6.071543,52.499377],[6.071754,52.499345],[6.071958,52.4993],[6.072154,52.499244],[6.072341,52.499176],[6.072515,52.499097],[6.072676,52.499008],[6.072822,52.49891],[6.072951,52.498804],[6.073063,52.498691],[6.073156,52.498571],[6.073229,52.498447],[6.073282,52.498318],[6.073314,52.498188],[6.073324,52.498056],[6.073314,52.497923],[6.073282,52.497793],[6.073229,52.497664],[6.073156,52.49754],[6.073063,52.49742],[6.072951,52.497307],[6.072822,52.497201],[6.072676,52.497103],[6.072515,52.497014],[6.072341,52.496935],[6.072154,52.496867],[6.071958,52.496811],[6.071754,52.496766],[6.071543,52.496734],[6.071328,52.496715],[6.071111,52.496708],[6.070894,52.496715],[6.070679,52.496734],[6.070469,52.496766],[6.070264,52.496811],[6.070068,52.496867],[6.069881,52.496935],[6.069707,52.497014],[6.069546,52.497103],[6.0694,52.497201],[6.069271,52.497307],[6.069159,52.49742],[6.069066,52.49754],[6.068993,52.497664],[6.06894,52.497793],[6.068908,52.497923],[6.068898,52.498056],[6.068908,52.498188],[6.06894,52.498318],[6.068993,52.498447],[6.069066,52.498571],[6.069159,52.498691],[6.069271,52.498804],[6.0694,52.49891],[6.069546,52.499008],[6.069707,52.499097],[6.069881,52.499176],[6.070068,52.499244],[6.070264,52.4993],[6.070469,52.499345],[6.070679,52.499377],[6.070894,52.499397],[6.071111,52.499403]]]}},{"type":"Feature","properties":{"identifier":"6.7.118","name":"geografische zone van een beveiligd gebied of een locatie met vitale processen","restriction":"CONDITIONAL","rule":"OPEN cat. vluchten zijn hier verboden SPEC cat. vluchten vereisen een privilege op de exploitatievergunning","category":"beveiligd","source":"AIP Nederland ENR 5.3, ED-269, 22 juli 2024"},"geometry":{"type":"Polygon","coordinates":[[[5.966667,52.37857],[5.966883,52.378563],[5.967097,52.378544],[5.967307,52.378512],[5.967511,52.378467],[5.967707,52.378411],[5.967893,52.378343],[5.968067,52.378264],[5.968227,52.378175],[5.968373,52.378077],[5.968502,52.377971],[5.968613,52.377857],[5.968706,52.377738],[5.968779,52.377613],[5.968832,52.377485],[5.968863,52.377354],[5.968874,52.377222],[5.968863,52.37709],[5.968832,52.376959],[5.968779,52.376831],[5.968706,52.376707],[5.968613,52.376587],[5.968502,52.376474],[5.968373,52.376367],[5.968227,52.376269],[5.968067,52.376181],[5.967893,52.376102],[5.967707,52.376034],[5.967511,52.375977],[5.967307,52.375933],[5.967097,52.375901],[5.966883,52.375881],[5.966667,52.375875],[5.96645,52.375881],[5.966236,52.375901],[5.966026,52.375933],[5.965822,52.375977],[5.965626,52.376034],[5.96544,52.376102],[5.965266,52.376181],[5.965106,52.376269],[5.96496,52.376367],[5.964831,52.376474],[5.96472,52.376587],[5.964627,52.376707],[5.964554,52.376831],[5.964502,52.376959],[5.96447,52.37709],[5.964459,52.377222],[5.96447,52.377354],[5.964502,52.377485],[5.964554,52.377613],[5.964627,52.377738],[5.96472,52.377857],[5.964831,52.377971],[5.96496,52.378077],[5.965106,52.378175],[5.965266,52.378264],[5.96544,52.378343],[5.965626,52.378411],[5.965822,52.378467],[5.966026,52.378512],[5.966236,52.378544],[5.96645,52.378563],[5.966667,52.37857]]]}},{"type":"Feature","properties":{"identifier":"6.7.119","name":"geografische zone van een beveiligd gebied of een locatie met vitale processen","restriction":"CONDITIONAL","rule":"OPEN cat. vluchten zijn hier verboden SPEC cat. vluchten vereisen een privilege op de exploitatievergunning","category":"beveiligd","source":"AIP Nederland ENR 5.3, ED-269, 22 juli 2024"},"geometry":{"type":"Polygon","coordinates":[[[6.381111,52.297736],[6.381327,52.29773],[6.381541,52.29771],[6.381751,52.297678],[6.381954,52.297634],[6.38215,52.297577],[6.382335,52.297509],[6.382509,52.29743],[6.382669,52.297342],[6.382814,52.297244],[6.382943,52.297138],[6.383054,52.297024],[6.383147,52.296905],[6.38322,52.29678],[6.383272,52.296652],[6.383304,52.296521],[6.383314,52.296389],[6.383304,52.296257],[6.383272,52.296126],[6.38322,52.295998],[6.383147,52.295873],[6.383054,52.295754],[6.382943,52.29564],[6.382814,52.295534],[6.382669,52.295436],[6.382509,52.295347],[6.382335,52.295269],[6.38215,52.295201],[6.381954,52.295144],[6.381751,52.295099],[6.381541,52.295067],[6.381327,52.295048],[6.381111,52.295041],[6.380895,52.295048],[6.380681,52.295067],[6.380472,52.295099],[6.380268,52.295144],[6.380072,52.295201],[6.379887,52.295269],[6.379713,52.295347],[6.379553,52.295436],[6.379408,52.295534],[6.379279,52.29564],[6.379168,52.295754],[6.379076,52.295873],[6.379003,52.295998],[6.37895,52.296126],[6.378918,52.296257],[6.378908,52.296389],[6.378918,52.296521],[6.37895,52.296652],[6.379003,52.29678],[6.379076,52.296905],[6.379168,52.297024],[6.379279,52.297138],[6.379408,52.297244],[6.379553,52.297342],[6.379713,52.29743],[6.379887,52.297509],[6.380072,52.297577],[6.380268,52.297634],[6.380472,52.297678],[6.380681,52.29771],[6.380895,52.29773],[6.381111,52.297736]]]}},{"type":"Feature","properties":{"identifier":"6.7.120","name":"geografische zone van een beveiligd gebied of een locatie met vitale processen","restriction":"CONDITIONAL","rule":"OPEN cat. vluchten zijn hier verboden SPEC cat. vluchten vereisen een privilege op de exploitatievergunning","category":"beveiligd","source":"AIP Nederland ENR 5.3, ED-269, 22 juli 2024"},"geometry":{"type":"Polygon","coordinates":[[[5.468056,52.320792],[5.468272,52.320785],[5.468486,52.320766],[5.468695,52.320734],[5.468899,52.320689],[5.469095,52.320633],[5.46928,52.320565],[5.469454,52.320486],[5.469614,52.320397],[5.46976,52.320299],[5.469888,52.320193],[5.47,52.32008],[5.470092,52.31996],[5.470165,52.319836],[5.470218,52.319707],[5.470249,52.319577],[5.47026,52.319444],[5.470249,52.319312],[5.470218,52.319182],[5.470165,52.319053],[5.470092,52.318929],[5.47,52.318809],[5.469888,52.318696],[5.46976,52.31859],[5.469614,52.318492],[5.469454,52.318403],[5.46928,52.318324],[5.469095,52.318256],[5.468899,52.3182],[5.468695,52.318155],[5.468486,52.318123],[5.468272,52.318103],[5.468056,52.318097],[5.467839,52.318103],[5.467625,52.318123],[5.467416,52.318155],[5.467212,52.3182],[5.467016,52.318256],[5.466831,52.318324],[5.466657,52.318403],[5.466497,52.318492],[5.466352,52.31859],[5.466223,52.318696],[5.466111,52.318809],[5.466019,52.318929],[5.465946,52.319053],[5.465893,52.319182],[5.465862,52.319312],[5.465851,52.319444],[5.465862,52.319577],[5.465893,52.319707],[5.465946,52.319836],[5.466019,52.31996],[5.466111,52.32008],[5.466223,52.320193],[5.466352,52.320299],[5.466497,52.320397],[5.466657,52.320486],[5.466831,52.320565],[5.467016,52.320633],[5.467212,52.320689],[5.467416,52.320734],[5.467625,52.320766],[5.467839,52.320785],[5.468056,52.320792]]]}},{"type":"Feature","properties":{"identifier":"6.7.121","name":"geografische zone van een beveiligd gebied of een locatie met vitale processen","restriction":"CONDITIONAL","rule":"OPEN cat. vluchten zijn hier verboden SPEC cat. vluchten vereisen een privilege op de exploitatievergunning","category":"beveiligd","source":"AIP Nederland ENR 5.3, ED-269, 22 juli 2024"},"geometry":{"type":"Polygon","coordinates":[[[6.568889,52.233292],[6.569105,52.233285],[6.569318,52.233266],[6.569528,52.233234],[6.569731,52.233189],[6.569926,52.233133],[6.570111,52.233065],[6.570285,52.232986],[6.570445,52.232897],[6.57059,52.232799],[6.570718,52.232693],[6.570829,52.23258],[6.570921,52.23246],[6.570994,52.232336],[6.571047,52.232207],[6.571078,52.232077],[6.571089,52.231944],[6.571078,52.231812],[6.571047,52.231682],[6.570994,52.231553],[6.570921,52.231429],[6.570829,52.231309],[6.570718,52.231196],[6.57059,52.23109],[6.570445,52.230992],[6.570285,52.230903],[6.570111,52.230824],[6.569926,52.230756],[6.569731,52.2307],[6.569528,52.230655],[6.569318,52.230623],[6.569105,52.230603],[6.568889,52.230597],[6.568673,52.230603],[6.56846,52.230623],[6.56825,52.230655],[6.568047,52.2307],[6.567852,52.230756],[6.567667,52.230824],[6.567493,52.230903],[6.567333,52.230992],[6.567188,52.23109],[6.56706,52.231196],[6.566949,52.231309],[6.566856,52.231429],[6.566784,52.231553],[6.566731,52.231682],[6.566699,52.231812],[6.566689,52.231944],[6.566699,52.232077],[6.566731,52.232207],[6.566784,52.232336],[6.566856,52.23246],[6.566949,52.23258],[6.56706,52.232693],[6.567188,52.232799],[6.567333,52.232897],[6.567493,52.232986],[6.567667,52.233065],[6.567852,52.233133],[6.568047,52.233189],[6.56825,52.233234],[6.56846,52.233266],[6.568673,52.233285],[6.568889,52.233292]]]}},{"type":"Feature","properties":{"identifier":"6.7.122","name":"geografische zone van een beveiligd gebied of een locatie met vitale processen","restriction":"CONDITIONAL","rule":"OPEN cat. vluchten zijn hier verboden SPEC cat. vluchten vereisen een privilege op de exploitatievergunning","category":"beveiligd","source":"AIP Nederland ENR 5.3, ED-269, 22 juli 2024"},"geometry":{"type":"Polygon","coordinates":[[[5.138056,52.133292],[5.138271,52.133285],[5.138484,52.133266],[5.138693,52.133234],[5.138896,52.133189],[5.13909,52.133133],[5.139275,52.133065],[5.139448,52.132986],[5.139608,52.132897],[5.139752,52.132799],[5.139881,52.132693],[5.139991,52.13258],[5.140084,52.13246],[5.140156,52.132336],[5.140209,52.132207],[5.14024,52.132077],[5.140251,52.131944],[5.14024,52.131812],[5.140209,52.131682],[5.140156,52.131553],[5.140084,52.131429],[5.139991,52.131309],[5.139881,52.131196],[5.139752,52.13109],[5.139608,52.130992],[5.139448,52.130903],[5.139275,52.130824],[5.13909,52.130756],[5.138896,52.1307],[5.138693,52.130655],[5.138484,52.130623],[5.138271,52.130603],[5.138056,52.130597],[5.13784,52.130603],[5.137627,52.130623],[5.137418,52.130655],[5.137216,52.1307],[5.137021,52.130756],[5.136836,52.130824],[5.136663,52.130903],[5.136503,52.130992],[5.136359,52.13109],[5.13623,52.131196],[5.13612,52.131309],[5.136028,52.131429],[5.135955,52.131553],[5.135903,52.131682],[5.135871,52.131812],[5.13586,52.131944],[5.135871,52.132077],[5.135903,52.132207],[5.135955,52.132336],[5.136028,52.13246],[5.13612,52.13258],[5.13623,52.132693],[5.136359,52.132799],[5.136503,52.132897],[5.136663,52.132986],[5.136836,52.133065],[5.137021,52.133133],[5.137216,52.133189],[5.137418,52.133234],[5.137627,52.133266],[5.13784,52.133285],[5.138056,52.133292]]]}},{"type":"Feature","properties":{"identifier":"6.7.123","name":"geografische zone van een beveiligd gebied of een locatie met vitale processen","restriction":"CONDITIONAL","rule":"OPEN cat. vluchten zijn hier verboden SPEC cat. vluchten vereisen een privilege op de exploitatievergunning","category":"beveiligd","source":"AIP Nederland ENR 5.3, ED-269, 22 juli 2024"},"geometry":{"type":"Polygon","coordinates":[[[6.193611,52.772736],[6.193829,52.77273],[6.194046,52.77271],[6.194258,52.772678],[6.194463,52.772634],[6.194661,52.772577],[6.194848,52.772509],[6.195024,52.77243],[6.195186,52.772342],[6.195333,52.772244],[6.195463,52.772138],[6.195575,52.772024],[6.195669,52.771905],[6.195742,52.77178],[6.195796,52.771652],[6.195828,52.771521],[6.195838,52.771389],[6.195828,52.771257],[6.195796,52.771126],[6.195742,52.770998],[6.195669,52.770873],[6.195575,52.770754],[6.195463,52.77064],[6.195333,52.770534],[6.195186,52.770436],[6.195024,52.770347],[6.194848,52.770269],[6.194661,52.770201],[6.194463,52.770144],[6.194258,52.770099],[6.194046,52.770067],[6.193829,52.770048],[6.193611,52.770041],[6.193393,52.770048],[6.193177,52.770067],[6.192965,52.770099],[6.192759,52.770144],[6.192561,52.770201],[6.192374,52.770269],[6.192198,52.770347],[6.192036,52.770436],[6.191889,52.770534],[6.191759,52.77064],[6.191647,52.770754],[6.191553,52.770873],[6.19148,52.770998],[6.191427,52.771126],[6.191395,52.771257],[6.191384,52.771389],[6.191395,52.771521],[6.191427,52.771652],[6.19148,52.77178],[6.191553,52.771905],[6.191647,52.772024],[6.191759,52.772138],[6.191889,52.772244],[6.192036,52.772342],[6.192198,52.77243],[6.192374,52.772509],[6.192561,52.772577],[6.192759,52.772634],[6.192965,52.772678],[6.193177,52.77271],[6.193393,52.77273],[6.193611,52.772736]]]}},{"type":"Feature","properties":{"identifier":"6.7.124","name":"geografische zone van een beveiligd gebied of een locatie met vitale processen","restriction":"CONDITIONAL","rule":"OPEN cat. vluchten zijn hier verboden SPEC cat. vluchten vereisen een privilege op de exploitatievergunning","category":"beveiligd","source":"AIP Nederland ENR 5.3, ED-269, 22 juli 2024"},"geometry":{"type":"Polygon","coordinates":[[[6.537778,52.479125],[6.537995,52.479119],[6.538209,52.479099],[6.53842,52.479067],[6.538624,52.479023],[6.538821,52.478966],[6.539007,52.478898],[6.539181,52.478819],[6.539342,52.478731],[6.539488,52.478633],[6.539617,52.478526],[6.539729,52.478413],[6.539822,52.478293],[6.539895,52.478169],[6.539948,52.478041],[6.539979,52.47791],[6.53999,52.477778],[6.539979,52.477646],[6.539948,52.477515],[6.539895,52.477387],[6.539822,52.477262],[6.539729,52.477143],[6.539617,52.477029],[6.539488,52.476923],[6.539342,52.476825],[6.539181,52.476736],[6.539007,52.476657],[6.538821,52.476589],[6.538624,52.476533],[6.53842,52.476488],[6.538209,52.476456],[6.537995,52.476437],[6.537778,52.47643],[6.537561,52.476437],[6.537346,52.476456],[6.537136,52.476488],[6.536931,52.476533],[6.536735,52.476589],[6.536549,52.476657],[6.536374,52.476736],[6.536213,52.476825],[6.536068,52.476923],[6.535938,52.477029],[6.535827,52.477143],[6.535734,52.477262],[6.535661,52.477387],[6.535608,52.477515],[6.535576,52.477646],[6.535565,52.477778],[6.535576,52.47791],[6.535608,52.478041],[6.535661,52.478169],[6.535734,52.478293],[6.535827,52.478413],[6.535938,52.478526],[6.536068,52.478633],[6.536213,52.478731],[6.536374,52.478819],[6.536549,52.478898],[6.536735,52.478966],[6.536931,52.479023],[6.537136,52.479067],[6.537346,52.479099],[6.537561,52.479119],[6.537778,52.479125]]]}},{"type":"Feature","properties":{"identifier":"6.7.125","name":"geografische zone van een beveiligd gebied of een locatie met vitale processen","restriction":"CONDITIONAL","rule":"OPEN cat. vluchten zijn hier verboden SPEC cat. vluchten vereisen een privilege op de exploitatievergunning","category":"beveiligd","source":"AIP Nederland ENR 5.3, ED-269, 22 juli 2024"},"geometry":{"type":"Polygon","coordinates":[[[5.656944,52.33107],[5.657161,52.331063],[5.657375,52.331044],[5.657585,52.331012],[5.657788,52.330967],[5.657984,52.330911],[5.658169,52.330843],[5.658343,52.330764],[5.658504,52.330675],[5.658649,52.330577],[5.658778,52.330471],[5.658889,52.330357],[5.658982,52.330238],[5.659054,52.330113],[5.659107,52.329985],[5.659139,52.329854],[5.659149,52.329722],[5.659139,52.32959],[5.659107,52.329459],[5.659054,52.329331],[5.658982,52.329207],[5.658889,52.329087],[5.658778,52.328974],[5.658649,52.328867],[5.658504,52.328769],[5.658343,52.328681],[5.658169,52.328602],[5.657984,52.328534],[5.657788,52.328477],[5.657585,52.328433],[5.657375,52.328401],[5.657161,52.328381],[5.656944,52.328375],[5.656728,52.328381],[5.656514,52.328401],[5.656304,52.328433],[5.656101,52.328477],[5.655905,52.328534],[5.655719,52.328602],[5.655546,52.328681],[5.655385,52.328769],[5.65524,52.328867],[5.655111,52.328974],[5.655,52.329087],[5.654907,52.329207],[5.654834,52.329331],[5.654782,52.329459],[5.65475,52.32959],[5.65474,52.329722],[5.65475,52.329854],[5.654782,52.329985],[5.654834,52.330113],[5.654907,52.330238],[5.655,52.330357],[5.655111,52.330471],[5.65524,52.330577],[5.655385,52.330675],[5.655546,52.330764],[5.655719,52.330843],[5.655905,52.330911],[5.656101,52.330967],[5.656304,52.331012],[5.656514,52.331044],[5.656728,52.331063],[5.656944,52.33107]]]}},{"type":"Feature","properties":{"identifier":"6.7.126","name":"geografische zone van een beveiligd gebied of een locatie met vitale processen","restriction":"CONDITIONAL","rule":"OPEN cat. vluchten zijn hier verboden SPEC cat. vluchten vereisen een privilege op de exploitatievergunning","category":"beveiligd","source":"AIP Nederland ENR 5.3, ED-269, 22 juli 2024"},"geometry":{"type":"Polygon","coordinates":[[[4.954722,52.069681],[4.954937,52.069674],[4.95515,52.069655],[4.955359,52.069623],[4.955561,52.069578],[4.955756,52.069522],[4.95594,52.069454],[4.956113,52.069375],[4.956272,52.069286],[4.956417,52.069188],[4.956545,52.069082],[4.956655,52.068969],[4.956747,52.068849],[4.95682,52.068724],[4.956872,52.068596],[4.956904,52.068465],[4.956914,52.068333],[4.956904,52.068201],[4.956872,52.06807],[4.95682,52.067942],[4.956747,52.067818],[4.956655,52.067698],[4.956545,52.067585],[4.956417,52.067479],[4.956272,52.067381],[4.956113,52.067292],[4.95594,52.067213],[4.955756,52.067145],[4.955561,52.067088],[4.955359,52.067044],[4.95515,52.067012],[4.954937,52.066992],[4.954722,52.066986],[4.954507,52.066992],[4.954295,52.067012],[4.954086,52.067044],[4.953883,52.067088],[4.953689,52.067145],[4.953504,52.067213],[4.953332,52.067292],[4.953172,52.067381],[4.953028,52.067479],[4.9529,52.067585],[4.952789,52.067698],[4.952697,52.067818],[4.952625,52.067942],[4.952572,52.06807],[4.952541,52.068201],[4.95253,52.068333],[4.952541,52.068465],[4.952572,52.068596],[4.952625,52.068724],[4.952697,52.068849],[4.952789,52.068969],[4.9529,52.069082],[4.953028,52.069188],[4.953172,52.069286],[4.953332,52.069375],[4.953504,52.069454],[4.953689,52.069522],[4.953883,52.069578],[4.954086,52.069623],[4.954295,52.069655],[4.954507,52.069674],[4.954722,52.069681]]]}},{"type":"Feature","properties":{"identifier":"6.7.127","name":"geografische zone van een beveiligd gebied of een locatie met vitale processen","restriction":"CONDITIONAL","rule":"OPEN cat. vluchten zijn hier verboden SPEC cat. vluchten vereisen een privilege op de exploitatievergunning","category":"beveiligd","source":"AIP Nederland ENR 5.3, ED-269, 22 juli 2024"},"geometry":{"type":"Polygon","coordinates":[[[6.413611,52.151903],[6.413826,52.151897],[6.41404,52.151877],[6.414249,52.151845],[6.414452,52.1518],[6.414646,52.151744],[6.414831,52.151676],[6.415004,52.151597],[6.415164,52.151508],[6.415309,52.15141],[6.415437,52.151304],[6.415548,52.151191],[6.41564,52.151071],[6.415713,52.150947],[6.415765,52.150818],[6.415797,52.150688],[6.415807,52.150556],[6.415797,52.150423],[6.415765,52.150293],[6.415713,52.150164],[6.41564,52.15004],[6.415548,52.14992],[6.415437,52.149807],[6.415309,52.149701],[6.415164,52.149603],[6.415004,52.149514],[6.414831,52.149435],[6.414646,52.149367],[6.414452,52.149311],[6.414249,52.149266],[6.41404,52.149234],[6.413826,52.149215],[6.413611,52.149208],[6.413396,52.149215],[6.413183,52.149234],[6.412974,52.149266],[6.412771,52.149311],[6.412576,52.149367],[6.412391,52.149435],[6.412218,52.149514],[6.412058,52.149603],[6.411914,52.149701],[6.411785,52.149807],[6.411674,52.14992],[6.411582,52.15004],[6.41151,52.150164],[6.411457,52.150293],[6.411426,52.150423],[6.411415,52.150556],[6.411426,52.150688],[6.411457,52.150818],[6.41151,52.150947],[6.411582,52.151071],[6.411674,52.151191],[6.411785,52.151304],[6.411914,52.15141],[6.412058,52.151508],[6.412218,52.151597],[6.412391,52.151676],[6.412576,52.151744],[6.412771,52.1518],[6.412974,52.151845],[6.413183,52.151877],[6.413396,52.151897],[6.413611,52.151903]]]}},{"type":"Feature","properties":{"identifier":"6.7.128","name":"geografische zone van een beveiligd gebied of een locatie met vitale processen","restriction":"CONDITIONAL","rule":"OPEN cat. vluchten zijn hier verboden SPEC cat. vluchten vereisen een privilege op de exploitatievergunning","category":"beveiligd","source":"AIP Nederland ENR 5.3, ED-269, 22 juli 2024"},"geometry":{"type":"Polygon","coordinates":[[[5.202778,52.241625],[5.202993,52.241619],[5.203207,52.241599],[5.203417,52.241567],[5.20362,52.241523],[5.203815,52.241466],[5.204,52.241398],[5.204174,52.241319],[5.204334,52.241231],[5.204479,52.241133],[5.204607,52.241026],[5.204718,52.240913],[5.204811,52.240793],[5.204884,52.240669],[5.204936,52.240541],[5.204968,52.24041],[5.204978,52.240278],[5.204968,52.240146],[5.204936,52.240015],[5.204884,52.239887],[5.204811,52.239762],[5.204718,52.239643],[5.204607,52.239529],[5.204479,52.239423],[5.204334,52.239325],[5.204174,52.239236],[5.204,52.239157],[5.203815,52.239089],[5.20362,52.239033],[5.203417,52.238988],[5.203207,52.238956],[5.202993,52.238937],[5.202778,52.23893],[5.202562,52.238937],[5.202348,52.238956],[5.202139,52.238988],[5.201936,52.239033],[5.20174,52.239089],[5.201555,52.239157],[5.201382,52.239236],[5.201222,52.239325],[5.201077,52.239423],[5.200948,52.239529],[5.200837,52.239643],[5.200745,52.239762],[5.200672,52.239887],[5.20062,52.240015],[5.200588,52.240146],[5.200577,52.240278],[5.200588,52.24041],[5.20062,52.240541],[5.200672,52.240669],[5.200745,52.240793],[5.200837,52.240913],[5.200948,52.241026],[5.201077,52.241133],[5.201222,52.241231],[5.201382,52.241319],[5.201555,52.241398],[5.20174,52.241466],[5.201936,52.241523],[5.202139,52.241567],[5.202348,52.241599],[5.202562,52.241619],[5.202778,52.241625]]]}},{"type":"Feature","properties":{"identifier":"6.7.129","name":"geografische zone van een beveiligd gebied of een locatie met vitale processen","restriction":"CONDITIONAL","rule":"OPEN cat. vluchten zijn hier verboden SPEC cat. vluchten vereisen een privilege op de exploitatievergunning","category":"beveiligd","source":"AIP Nederland ENR 5.3, ED-269, 22 juli 2024"},"geometry":{"type":"Polygon","coordinates":[[[5.441111,52.010792],[5.441326,52.010785],[5.441538,52.010766],[5.441747,52.010734],[5.441949,52.010689],[5.442143,52.010633],[5.442327,52.010565],[5.4425,52.010486],[5.442659,52.010397],[5.442803,52.010299],[5.442931,52.010193],[5.443042,52.01008],[5.443134,52.00996],[5.443206,52.009836],[5.443258,52.009707],[5.44329,52.009577],[5.4433,52.009444],[5.44329,52.009312],[5.443258,52.009182],[5.443206,52.009053],[5.443134,52.008929],[5.443042,52.008809],[5.442931,52.008696],[5.442803,52.00859],[5.442659,52.008492],[5.4425,52.008403],[5.442327,52.008324],[5.442143,52.008256],[5.441949,52.0082],[5.441747,52.008155],[5.441538,52.008123],[5.441326,52.008103],[5.441111,52.008097],[5.440897,52.008103],[5.440684,52.008123],[5.440476,52.008155],[5.440273,52.0082],[5.440079,52.008256],[5.439895,52.008324],[5.439722,52.008403],[5.439563,52.008492],[5.439419,52.00859],[5.439291,52.008696],[5.43918,52.008809],[5.439089,52.008929],[5.439016,52.009053],[5.438964,52.009182],[5.438933,52.009312],[5.438922,52.009444],[5.438933,52.009577],[5.438964,52.009707],[5.439016,52.009836],[5.439089,52.00996],[5.43918,52.01008],[5.439291,52.010193],[5.439419,52.010299],[5.439563,52.010397],[5.439722,52.010486],[5.439895,52.010565],[5.440079,52.010633],[5.440273,52.010689],[5.440476,52.010734],[5.440684,52.010766],[5.440897,52.010785],[5.441111,52.010792]]]}},{"type":"Feature","properties":{"identifier":"6.7.130","name":"geografische zone van een beveiligd gebied of een locatie met vitale processen","restriction":"CONDITIONAL","rule":"OPEN cat. vluchten zijn hier verboden SPEC cat. vluchten vereisen een privilege op de exploitatievergunning","category":"beveiligd","source":"AIP Nederland ENR 5.3, ED-269, 22 juli 2024"},"geometry":{"type":"Polygon","coordinates":[[[5.142778,52.204681],[5.142993,52.204674],[5.143207,52.204655],[5.143416,52.204623],[5.143619,52.204578],[5.143814,52.204522],[5.143999,52.204454],[5.144173,52.204375],[5.144332,52.204286],[5.144477,52.204188],[5.144606,52.204082],[5.144717,52.203969],[5.144809,52.203849],[5.144882,52.203724],[5.144934,52.203596],[5.144966,52.203465],[5.144976,52.203333],[5.144966,52.203201],[5.144934,52.20307],[5.144882,52.202942],[5.144809,52.202818],[5.144717,52.202698],[5.144606,52.202585],[5.144477,52.202479],[5.144332,52.202381],[5.144173,52.202292],[5.143999,52.202213],[5.143814,52.202145],[5.143619,52.202088],[5.143416,52.202044],[5.143207,52.202012],[5.142993,52.201992],[5.142778,52.201986],[5.142562,52.201992],[5.142349,52.202012],[5.14214,52.202044],[5.141936,52.202088],[5.141741,52.202145],[5.141556,52.202213],[5.141383,52.202292],[5.141223,52.202381],[5.141078,52.202479],[5.14095,52.202585],[5.140839,52.202698],[5.140746,52.202818],[5.140674,52.202942],[5.140621,52.20307],[5.14059,52.203201],[5.140579,52.203333],[5.14059,52.203465],[5.140621,52.203596],[5.140674,52.203724],[5.140746,52.203849],[5.140839,52.203969],[5.14095,52.204082],[5.141078,52.204188],[5.141223,52.204286],[5.141383,52.204375],[5.141556,52.204454],[5.141741,52.204522],[5.141936,52.204578],[5.14214,52.204623],[5.142349,52.204655],[5.142562,52.204674],[5.142778,52.204681]]]}},{"type":"Feature","properties":{"identifier":"6.7.131","name":"geografische zone van een beveiligd gebied of een locatie met vitale processen","restriction":"CONDITIONAL","rule":"OPEN cat. vluchten zijn hier verboden SPEC cat. vluchten vereisen een privilege op de exploitatievergunning","category":"beveiligd","source":"AIP Nederland ENR 5.3, ED-269, 22 juli 2024"},"geometry":{"type":"Polygon","coordinates":[[[5.040833,52.104681],[5.041048,52.104674],[5.041261,52.104655],[5.04147,52.104623],[5.041673,52.104578],[5.041867,52.104522],[5.042052,52.104454],[5.042225,52.104375],[5.042385,52.104286],[5.042529,52.104188],[5.042657,52.104082],[5.042768,52.103969],[5.04286,52.103849],[5.042933,52.103724],[5.042985,52.103596],[5.043016,52.103465],[5.043027,52.103333],[5.043016,52.103201],[5.042985,52.10307],[5.042933,52.102942],[5.04286,52.102818],[5.042768,52.102698],[5.042657,52.102585],[5.042529,52.102479],[5.042385,52.102381],[5.042225,52.102292],[5.042052,52.102213],[5.041867,52.102145],[5.041673,52.102088],[5.04147,52.102044],[5.041261,52.102012],[5.041048,52.101992],[5.040833,52.101986],[5.040618,52.101992],[5.040405,52.102012],[5.040197,52.102044],[5.039994,52.102088],[5.039799,52.102145],[5.039615,52.102213],[5.039442,52.102292],[5.039282,52.102381],[5.039138,52.102479],[5.039009,52.102585],[5.038899,52.102698],[5.038807,52.102818],[5.038734,52.102942],[5.038682,52.10307],[5.03865,52.103201],[5.03864,52.103333],[5.03865,52.103465],[5.038682,52.103596],[5.038734,52.103724],[5.038807,52.103849],[5.038899,52.103969],[5.039009,52.104082],[5.039138,52.104188],[5.039282,52.104286],[5.039442,52.104375],[5.039615,52.104454],[5.039799,52.104522],[5.039994,52.104578],[5.040197,52.104623],[5.040405,52.104655],[5.040618,52.104674],[5.040833,52.104681]]]}},{"type":"Feature","properties":{"identifier":"6.7.132","name":"geografische zone van een beveiligd gebied of een locatie met vitale processen","restriction":"CONDITIONAL","rule":"OPEN cat. vluchten zijn hier verboden SPEC cat. vluchten vereisen een privilege op de exploitatievergunning","category":"beveiligd","source":"AIP Nederland ENR 5.3, ED-269, 22 juli 2024"},"geometry":{"type":"Polygon","coordinates":[[[6.793889,52.453847],[6.794106,52.453841],[6.79432,52.453822],[6.794531,52.453789],[6.794735,52.453745],[6.794931,52.453688],[6.795117,52.45362],[6.795292,52.453542],[6.795452,52.453453],[6.795598,52.453355],[6.795727,52.453249],[6.795839,52.453135],[6.795932,52.453016],[6.796005,52.452891],[6.796057,52.452763],[6.796089,52.452632],[6.7961,52.4525],[6.796089,52.452368],[6.796057,52.452237],[6.796005,52.452109],[6.795932,52.451984],[6.795839,52.451865],[6.795727,52.451751],[6.795598,52.451645],[6.795452,52.451547],[6.795292,52.451458],[6.795117,52.45138],[6.794931,52.451312],[6.794735,52.451255],[6.794531,52.451211],[6.79432,52.451178],[6.794106,52.451159],[6.793889,52.451153],[6.793672,52.451159],[6.793458,52.451178],[6.793247,52.451211],[6.793043,52.451255],[6.792847,52.451312],[6.79266,52.45138],[6.792486,52.451458],[6.792325,52.451547],[6.79218,52.451645],[6.79205,52.451751],[6.791939,52.451865],[6.791846,52.451984],[6.791773,52.452109],[6.79172,52.452237],[6.791688,52.452368],[6.791678,52.4525],[6.791688,52.452632],[6.79172,52.452763],[6.791773,52.452891],[6.791846,52.453016],[6.791939,52.453135],[6.79205,52.453249],[6.79218,52.453355],[6.792325,52.453453],[6.792486,52.453542],[6.79266,52.45362],[6.792847,52.453688],[6.793043,52.453745],[6.793247,52.453789],[6.793458,52.453822],[6.793672,52.453841],[6.793889,52.453847]]]}},{"type":"Feature","properties":{"identifier":"6.7.133","name":"geografische zone van een beveiligd gebied of een locatie met vitale processen","restriction":"CONDITIONAL","rule":"OPEN cat. vluchten zijn hier verboden SPEC cat. vluchten vereisen een privilege op de exploitatievergunning","category":"beveiligd","source":"AIP Nederland ENR 5.3, ED-269, 22 juli 2024"},"geometry":{"type":"Polygon","coordinates":[[[5.901667,51.794403],[5.90188,51.794397],[5.902092,51.794377],[5.902299,51.794345],[5.9025,51.7943],[5.902694,51.794244],[5.902877,51.794176],[5.903049,51.794097],[5.903207,51.794008],[5.903351,51.79391],[5.903478,51.793804],[5.903588,51.793691],[5.903679,51.793571],[5.903751,51.793447],[5.903803,51.793318],[5.903835,51.793188],[5.903845,51.793056],[5.903835,51.792923],[5.903803,51.792793],[5.903751,51.792664],[5.903679,51.79254],[5.903588,51.79242],[5.903478,51.792307],[5.903351,51.792201],[5.903207,51.792103],[5.903049,51.792014],[5.902877,51.791935],[5.902694,51.791867],[5.9025,51.791811],[5.902299,51.791766],[5.902092,51.791734],[5.90188,51.791715],[5.901667,51.791708],[5.901453,51.791715],[5.901242,51.791734],[5.901034,51.791766],[5.900833,51.791811],[5.90064,51.791867],[5.900456,51.791935],[5.900285,51.792014],[5.900126,51.792103],[5.899983,51.792201],[5.899855,51.792307],[5.899745,51.79242],[5.899654,51.79254],[5.899582,51.792664],[5.89953,51.792793],[5.899499,51.792923],[5.899488,51.793056],[5.899499,51.793188],[5.89953,51.793318],[5.899582,51.793447],[5.899654,51.793571],[5.899745,51.793691],[5.899855,51.793804],[5.899983,51.79391],[5.900126,51.794008],[5.900285,51.794097],[5.900456,51.794176],[5.90064,51.794244],[5.900833,51.7943],[5.901034,51.794345],[5.901242,51.794377],[5.901453,51.794397],[5.901667,51.794403]]]}},{"type":"Feature","properties":{"identifier":"6.7.134","name":"geografische zone van een beveiligd gebied of een locatie met vitale processen","restriction":"CONDITIONAL","rule":"OPEN cat. vluchten zijn hier verboden SPEC cat. vluchten vereisen een privilege op de exploitatievergunning","category":"beveiligd","source":"AIP Nederland ENR 5.3, ED-269, 22 juli 2024"},"geometry":{"type":"Polygon","coordinates":[[[6.001389,53.21857],[6.001609,53.218563],[6.001828,53.218544],[6.002042,53.218512],[6.00225,53.218467],[6.00245,53.218411],[6.002639,53.218343],[6.002816,53.218264],[6.00298,53.218175],[6.003128,53.218077],[6.00326,53.217971],[6.003374,53.217857],[6.003468,53.217738],[6.003542,53.217613],[6.003596,53.217485],[6.003628,53.217354],[6.003639,53.217222],[6.003628,53.21709],[6.003596,53.216959],[6.003542,53.216831],[6.003468,53.216707],[6.003374,53.216587],[6.00326,53.216474],[6.003128,53.216367],[6.00298,53.216269],[6.002816,53.216181],[6.002639,53.216102],[6.00245,53.216034],[6.00225,53.215977],[6.002042,53.215933],[6.001828,53.215901],[6.001609,53.215881],[6.001389,53.215875],[6.001168,53.215881],[6.00095,53.215901],[6.000736,53.215933],[6.000528,53.215977],[6.000328,53.216034],[6.000139,53.216102],[5.999961,53.216181],[5.999798,53.216269],[5.999649,53.216367],[5.999518,53.216474],[5.999404,53.216587],[5.99931,53.216707],[5.999235,53.216831],[5.999182,53.216959],[5.999149,53.21709],[5.999139,53.217222],[5.999149,53.217354],[5.999182,53.217485],[5.999235,53.217613],[5.99931,53.217738],[5.999404,53.217857],[5.999518,53.217971],[5.999649,53.218077],[5.999798,53.218175],[5.999961,53.218264],[6.000139,53.218343],[6.000328,53.218411],[6.000528,53.218467],[6.000736,53.218512],[6.00095,53.218544],[6.001168,53.218563],[6.001389,53.21857]]]}},{"type":"Feature","properties":{"identifier":"6.7.135","name":"geografische zone van een beveiligd gebied of een locatie met vitale processen","restriction":"CONDITIONAL","rule":"OPEN cat. vluchten zijn hier verboden SPEC cat. vluchten vereisen een privilege op de exploitatievergunning","category":"beveiligd","source":"AIP Nederland ENR 5.3, ED-269, 22 juli 2024"},"geometry":{"type":"Polygon","coordinates":[[[6.553611,52.166625],[6.553826,52.166619],[6.55404,52.166599],[6.554249,52.166567],[6.554452,52.166523],[6.554647,52.166466],[6.554832,52.166398],[6.555005,52.166319],[6.555164,52.166231],[6.555309,52.166133],[6.555438,52.166026],[6.555548,52.165913],[6.555641,52.165793],[6.555713,52.165669],[6.555766,52.165541],[6.555797,52.16541],[6.555808,52.165278],[6.555797,52.165146],[6.555766,52.165015],[6.555713,52.164887],[6.555641,52.164762],[6.555548,52.164643],[6.555438,52.164529],[6.555309,52.164423],[6.555164,52.164325],[6.555005,52.164236],[6.554832,52.164157],[6.554647,52.164089],[6.554452,52.164033],[6.554249,52.163988],[6.55404,52.163956],[6.553826,52.163937],[6.553611,52.16393],[6.553396,52.163937],[6.553183,52.163956],[6.552973,52.163988],[6.55277,52.164033],[6.552576,52.164089],[6.552391,52.164157],[6.552217,52.164236],[6.552058,52.164325],[6.551913,52.164423],[6.551785,52.164529],[6.551674,52.164643],[6.551582,52.164762],[6.551509,52.164887],[6.551457,52.165015],[6.551425,52.165146],[6.551414,52.165278],[6.551425,52.16541],[6.551457,52.165541],[6.551509,52.165669],[6.551582,52.165793],[6.551674,52.165913],[6.551785,52.166026],[6.551913,52.166133],[6.552058,52.166231],[6.552217,52.166319],[6.552391,52.166398],[6.552576,52.166466],[6.55277,52.166523],[6.552973,52.166567],[6.553183,52.166599],[6.553396,52.166619],[6.553611,52.166625]]]}},{"type":"Feature","properties":{"identifier":"6.7.136","name":"geografische zone van een beveiligd gebied of een locatie met vitale processen","restriction":"CONDITIONAL","rule":"OPEN cat. vluchten zijn hier verboden SPEC cat. vluchten vereisen een privilege op de exploitatievergunning","category":"beveiligd","source":"AIP Nederland ENR 5.3, ED-269, 22 juli 2024"},"geometry":{"type":"Polygon","coordinates":[[[5.073333,52.016625],[5.073548,52.016619],[5.07376,52.016599],[5.073969,52.016567],[5.074171,52.016523],[5.074365,52.016466],[5.07455,52.016398],[5.074722,52.016319],[5.074881,52.016231],[5.075026,52.016133],[5.075154,52.016026],[5.075264,52.015913],[5.075356,52.015793],[5.075428,52.015669],[5.075481,52.015541],[5.075512,52.01541],[5.075523,52.015278],[5.075512,52.015146],[5.075481,52.015015],[5.075428,52.014887],[5.075356,52.014762],[5.075264,52.014643],[5.075154,52.014529],[5.075026,52.014423],[5.074881,52.014325],[5.074722,52.014236],[5.07455,52.014157],[5.074365,52.014089],[5.074171,52.014033],[5.073969,52.013988],[5.07376,52.013956],[5.073548,52.013937],[5.073333,52.01393],[5.073119,52.013937],[5.072906,52.013956],[5.072698,52.013988],[5.072495,52.014033],[5.072301,52.014089],[5.072117,52.014157],[5.071944,52.014236],[5.071785,52.014325],[5.071641,52.014423],[5.071513,52.014529],[5.071402,52.014643],[5.071311,52.014762],[5.071238,52.014887],[5.071186,52.015015],[5.071154,52.015146],[5.071144,52.015278],[5.071154,52.01541],[5.071186,52.015541],[5.071238,52.015669],[5.071311,52.015793],[5.071402,52.015913],[5.071513,52.016026],[5.071641,52.016133],[5.071785,52.016231],[5.071944,52.016319],[5.072117,52.016398],[5.072301,52.016466],[5.072495,52.016523],[5.072698,52.016567],[5.072906,52.016599],[5.073119,52.016619],[5.073333,52.016625]]]}},{"type":"Feature","properties":{"identifier":"6.7.137","name":"geografische zone van een beveiligd gebied of een locatie met vitale processen","restriction":"CONDITIONAL","rule":"OPEN cat. vluchten zijn hier verboden SPEC cat. vluchten vereisen een privilege op de exploitatievergunning","category":"beveiligd","source":"AIP Nederland ENR 5.3, ED-269, 22 juli 2024"},"geometry":{"type":"Polygon","coordinates":[[[6.436667,52.361625],[6.436883,52.361619],[6.437097,52.361599],[6.437307,52.361567],[6.437511,52.361523],[6.437707,52.361466],[6.437893,52.361398],[6.438066,52.361319],[6.438227,52.361231],[6.438372,52.361133],[6.438501,52.361026],[6.438613,52.360913],[6.438705,52.360793],[6.438778,52.360669],[6.438831,52.360541],[6.438863,52.36041],[6.438873,52.360278],[6.438863,52.360146],[6.438831,52.360015],[6.438778,52.359887],[6.438705,52.359762],[6.438613,52.359643],[6.438501,52.359529],[6.438372,52.359423],[6.438227,52.359325],[6.438066,52.359236],[6.437893,52.359157],[6.437707,52.359089],[6.437511,52.359033],[6.437307,52.358988],[6.437097,52.358956],[6.436883,52.358937],[6.436667,52.35893],[6.43645,52.358937],[6.436236,52.358956],[6.436026,52.358988],[6.435822,52.359033],[6.435627,52.359089],[6.435441,52.359157],[6.435267,52.359236],[6.435106,52.359325],[6.434961,52.359423],[6.434832,52.359529],[6.434721,52.359643],[6.434628,52.359762],[6.434555,52.359887],[6.434503,52.360015],[6.434471,52.360146],[6.43446,52.360278],[6.434471,52.36041],[6.434503,52.360541],[6.434555,52.360669],[6.434628,52.360793],[6.434721,52.360913],[6.434832,52.361026],[6.434961,52.361133],[6.435106,52.361231],[6.435267,52.361319],[6.435441,52.361398],[6.435627,52.361466],[6.435822,52.361523],[6.436026,52.361567],[6.436236,52.361599],[6.43645,52.361619],[6.436667,52.361625]]]}},{"type":"Feature","properties":{"identifier":"6.7.138","name":"geografische zone van een beveiligd gebied of een locatie met vitale processen","restriction":"CONDITIONAL","rule":"OPEN cat. vluchten zijn hier verboden SPEC cat. vluchten vereisen een privilege op de exploitatievergunning","category":"beveiligd","source":"AIP Nederland ENR 5.3, ED-269, 22 juli 2024"},"geometry":{"type":"Polygon","coordinates":[[[6.053056,52.903292],[6.053275,52.903285],[6.053491,52.903266],[6.053704,52.903234],[6.05391,52.903189],[6.054109,52.903133],[6.054297,52.903065],[6.054473,52.902986],[6.054635,52.902897],[6.054782,52.902799],[6.054913,52.902693],[6.055026,52.90258],[6.055119,52.90246],[6.055193,52.902336],[6.055247,52.902207],[6.055279,52.902077],[6.05529,52.901944],[6.055279,52.901812],[6.055247,52.901682],[6.055193,52.901553],[6.055119,52.901429],[6.055026,52.901309],[6.054913,52.901196],[6.054782,52.90109],[6.054635,52.900992],[6.054473,52.900903],[6.054297,52.900824],[6.054109,52.900756],[6.05391,52.9007],[6.053704,52.900655],[6.053491,52.900623],[6.053275,52.900603],[6.053056,52.900597],[6.052837,52.900603],[6.05262,52.900623],[6.052407,52.900655],[6.052201,52.9007],[6.052002,52.900756],[6.051814,52.900824],[6.051638,52.900903],[6.051476,52.900992],[6.051329,52.90109],[6.051198,52.901196],[6.051085,52.901309],[6.050992,52.901429],[6.050918,52.901553],[6.050865,52.901682],[6.050832,52.901812],[6.050822,52.901944],[6.050832,52.902077],[6.050865,52.902207],[6.050918,52.902336],[6.050992,52.90246],[6.051085,52.90258],[6.051198,52.902693],[6.051329,52.902799],[6.051476,52.902897],[6.051638,52.902986],[6.051814,52.903065],[6.052002,52.903133],[6.052201,52.903189],[6.052407,52.903234],[6.05262,52.903266],[6.052837,52.903285],[6.053056,52.903292]]]}},{"type":"Feature","properties":{"identifier":"6.7.139","name":"geografische zone van een beveiligd gebied of een locatie met vitale processen","restriction":"CONDITIONAL","rule":"OPEN cat. vluchten zijn hier verboden SPEC cat. vluchten vereisen een privilege op de exploitatievergunning","category":"beveiligd","source":"AIP Nederland ENR 5.3, ED-269, 22 juli 2024"},"geometry":{"type":"Polygon","coordinates":[[[5.851389,51.980514],[5.851603,51.980508],[5.851816,51.980488],[5.852024,51.980456],[5.852226,51.980412],[5.85242,51.980355],[5.852604,51.980287],[5.852777,51.980208],[5.852936,51.980119],[5.85308,51.980021],[5.853208,51.979915],[5.853318,51.979802],[5.85341,51.979682],[5.853482,51.979558],[5.853534,51.97943],[5.853566,51.979299],[5.853577,51.979167],[5.853566,51.979035],[5.853534,51.978904],[5.853482,51.978776],[5.85341,51.978651],[5.853318,51.978531],[5.853208,51.978418],[5.85308,51.978312],[5.852936,51.978214],[5.852777,51.978125],[5.852604,51.978046],[5.85242,51.977978],[5.852226,51.977922],[5.852024,51.977877],[5.851816,51.977845],[5.851603,51.977826],[5.851389,51.977819],[5.851174,51.977826],[5.850962,51.977845],[5.850754,51.977877],[5.850552,51.977922],[5.850358,51.977978],[5.850174,51.978046],[5.850001,51.978125],[5.849842,51.978214],[5.849698,51.978312],[5.84957,51.978418],[5.84946,51.978531],[5.849368,51.978651],[5.849295,51.978776],[5.849243,51.978904],[5.849212,51.979035],[5.849201,51.979167],[5.849212,51.979299],[5.849243,51.97943],[5.849295,51.979558],[5.849368,51.979682],[5.84946,51.979802],[5.84957,51.979915],[5.849698,51.980021],[5.849842,51.980119],[5.850001,51.980208],[5.850174,51.980287],[5.850358,51.980355],[5.850552,51.980412],[5.850754,51.980456],[5.850962,51.980488],[5.851174,51.980508],[5.851389,51.980514]]]}},{"type":"Feature","properties":{"identifier":"6.7.140","name":"geografische zone van een beveiligd gebied of een locatie met vitale processen","restriction":"CONDITIONAL","rule":"OPEN cat. vluchten zijn hier verboden SPEC cat. vluchten vereisen een privilege op de exploitatievergunning","category":"beveiligd","source":"AIP Nederland ENR 5.3, ED-269, 22 juli 2024"},"geometry":{"type":"Polygon","coordinates":[[[5.976389,52.009681],[5.976603,52.009674],[5.976816,52.009655],[5.977024,52.009623],[5.977227,52.009578],[5.977421,52.009522],[5.977605,52.009454],[5.977778,52.009375],[5.977937,52.009286],[5.978081,52.009188],[5.978209,52.009082],[5.978319,52.008969],[5.978411,52.008849],[5.978484,52.008724],[5.978536,52.008596],[5.978567,52.008465],[5.978578,52.008333],[5.978567,52.008201],[5.978536,52.00807],[5.978484,52.007942],[5.978411,52.007818],[5.978319,52.007698],[5.978209,52.007585],[5.978081,52.007479],[5.977937,52.007381],[5.977778,52.007292],[5.977605,52.007213],[5.977421,52.007145],[5.977227,52.007088],[5.977024,52.007044],[5.976816,52.007012],[5.976603,52.006992],[5.976389,52.006986],[5.976174,52.006992],[5.975962,52.007012],[5.975753,52.007044],[5.975551,52.007088],[5.975357,52.007145],[5.975173,52.007213],[5.975,52.007292],[5.974841,52.007381],[5.974697,52.007479],[5.974569,52.007585],[5.974458,52.007698],[5.974366,52.007818],[5.974294,52.007942],[5.974242,52.00807],[5.97421,52.008201],[5.9742,52.008333],[5.97421,52.008465],[5.974242,52.008596],[5.974294,52.008724],[5.974366,52.008849],[5.974458,52.008969],[5.974569,52.009082],[5.974697,52.009188],[5.974841,52.009286],[5.975,52.009375],[5.975173,52.009454],[5.975357,52.009522],[5.975551,52.009578],[5.975753,52.009623],[5.975962,52.009655],[5.976174,52.009674],[5.976389,52.009681]]]}},{"type":"Feature","properties":{"identifier":"6.7.141","name":"geografische zone van een beveiligd gebied of een locatie met vitale processen","restriction":"CONDITIONAL","rule":"OPEN cat. vluchten zijn hier verboden SPEC cat. vluchten vereisen een privilege op de exploitatievergunning","category":"beveiligd","source":"AIP Nederland ENR 5.3, ED-269, 22 juli 2024"},"geometry":{"type":"Polygon","coordinates":[[[6.016667,52.679125],[6.016885,52.679119],[6.0171,52.679099],[6.017312,52.679067],[6.017517,52.679023],[6.017714,52.678966],[6.017901,52.678898],[6.018077,52.678819],[6.018238,52.678731],[6.018385,52.678633],[6.018515,52.678526],[6.018627,52.678413],[6.01872,52.678293],[6.018793,52.678169],[6.018846,52.678041],[6.018878,52.67791],[6.018889,52.677778],[6.018878,52.677646],[6.018846,52.677515],[6.018793,52.677387],[6.01872,52.677262],[6.018627,52.677143],[6.018515,52.677029],[6.018385,52.676923],[6.018238,52.676825],[6.018077,52.676736],[6.017901,52.676657],[6.017714,52.676589],[6.017517,52.676533],[6.017312,52.676488],[6.0171,52.676456],[6.016885,52.676437],[6.016667,52.67643],[6.016449,52.676437],[6.016233,52.676456],[6.016022,52.676488],[6.015816,52.676533],[6.015619,52.676589],[6.015432,52.676657],[6.015257,52.676736],[6.015095,52.676825],[6.014949,52.676923],[6.014819,52.677029],[6.014707,52.677143],[6.014613,52.677262],[6.01454,52.677387],[6.014487,52.677515],[6.014455,52.677646],[6.014444,52.677778],[6.014455,52.67791],[6.014487,52.678041],[6.01454,52.678169],[6.014613,52.678293],[6.014707,52.678413],[6.014819,52.678526],[6.014949,52.678633],[6.015095,52.678731],[6.015257,52.678819],[6.015432,52.678898],[6.015619,52.678966],[6.015816,52.679023],[6.016022,52.679067],[6.016233,52.679099],[6.016449,52.679119],[6.016667,52.679125]]]}},{"type":"Feature","properties":{"identifier":"6.7.142","name":"geografische zone van een beveiligd gebied of een locatie met vitale processen","restriction":"CONDITIONAL","rule":"OPEN cat. vluchten zijn hier verboden SPEC cat. vluchten vereisen een privilege op de exploitatievergunning","category":"beveiligd","source":"AIP Nederland ENR 5.3, ED-269, 22 juli 2024"},"geometry":{"type":"Polygon","coordinates":[[[6.202222,52.519403],[6.202439,52.519397],[6.202654,52.519377],[6.202865,52.519345],[6.20307,52.5193],[6.203266,52.519244],[6.203452,52.519176],[6.203627,52.519097],[6.203788,52.519008],[6.203934,52.51891],[6.204063,52.518804],[6.204175,52.518691],[6.204268,52.518571],[6.204341,52.518447],[6.204394,52.518318],[6.204426,52.518188],[6.204437,52.518056],[6.204426,52.517923],[6.204394,52.517793],[6.204341,52.517664],[6.204268,52.51754],[6.204175,52.51742],[6.204063,52.517307],[6.203934,52.517201],[6.203788,52.517103],[6.203627,52.517014],[6.203452,52.516935],[6.203266,52.516867],[6.20307,52.516811],[6.202865,52.516766],[6.202654,52.516734],[6.202439,52.516715],[6.202222,52.516708],[6.202005,52.516715],[6.20179,52.516734],[6.201579,52.516766],[6.201375,52.516811],[6.201178,52.516867],[6.200992,52.516935],[6.200817,52.517014],[6.200656,52.517103],[6.20051,52.517201],[6.200381,52.517307],[6.200269,52.51742],[6.200176,52.51754],[6.200103,52.517664],[6.20005,52.517793],[6.200019,52.517923],[6.200008,52.518056],[6.200019,52.518188],[6.20005,52.518318],[6.200103,52.518447],[6.200176,52.518571],[6.200269,52.518691],[6.200381,52.518804],[6.20051,52.51891],[6.200656,52.519008],[6.200817,52.519097],[6.200992,52.519176],[6.201178,52.519244],[6.201375,52.5193],[6.201579,52.519345],[6.20179,52.519377],[6.202005,52.519397],[6.202222,52.519403]]]}},{"type":"Feature","properties":{"identifier":"6.7.143","name":"geografische zone van een beveiligd gebied of een locatie met vitale processen","restriction":"CONDITIONAL","rule":"OPEN cat. vluchten zijn hier verboden SPEC cat. vluchten vereisen een privilege op de exploitatievergunning","category":"beveiligd","source":"AIP Nederland ENR 5.3, ED-269, 22 juli 2024"},"geometry":{"type":"Polygon","coordinates":[[[5.131389,52.009125],[5.131603,52.009119],[5.131816,52.009099],[5.132024,52.009067],[5.132227,52.009023],[5.132421,52.008966],[5.132605,52.008898],[5.132778,52.008819],[5.132937,52.008731],[5.133081,52.008633],[5.133209,52.008526],[5.133319,52.008413],[5.133411,52.008293],[5.133484,52.008169],[5.133536,52.008041],[5.133567,52.00791],[5.133578,52.007778],[5.133567,52.007646],[5.133536,52.007515],[5.133484,52.007387],[5.133411,52.007262],[5.133319,52.007143],[5.133209,52.007029],[5.133081,52.006923],[5.132937,52.006825],[5.132778,52.006736],[5.132605,52.006657],[5.132421,52.006589],[5.132227,52.006533],[5.132024,52.006488],[5.131816,52.006456],[5.131603,52.006437],[5.131389,52.00643],[5.131174,52.006437],[5.130962,52.006456],[5.130753,52.006488],[5.130551,52.006533],[5.130357,52.006589],[5.130173,52.006657],[5.13,52.006736],[5.129841,52.006825],[5.129697,52.006923],[5.129569,52.007029],[5.129458,52.007143],[5.129366,52.007262],[5.129294,52.007387],[5.129242,52.007515],[5.12921,52.007646],[5.1292,52.007778],[5.12921,52.00791],[5.129242,52.008041],[5.129294,52.008169],[5.129366,52.008293],[5.129458,52.008413],[5.129569,52.008526],[5.129697,52.008633],[5.129841,52.008731],[5.13,52.008819],[5.130173,52.008898],[5.130357,52.008966],[5.130551,52.009023],[5.130753,52.009067],[5.130962,52.009099],[5.131174,52.009119],[5.131389,52.009125]]]}},{"type":"Feature","properties":{"identifier":"6.7.144","name":"geografische zone van een beveiligd gebied of een locatie met vitale processen","restriction":"CONDITIONAL","rule":"OPEN cat. vluchten zijn hier verboden SPEC cat. vluchten vereisen een privilege op de exploitatievergunning","category":"beveiligd","source":"AIP Nederland ENR 5.3, ED-269, 22 juli 2024"},"geometry":{"type":"Polygon","coordinates":[[[6.083056,52.252459],[6.083271,52.252452],[6.083485,52.252433],[6.083694,52.252401],[6.083898,52.252356],[6.084093,52.252299],[6.084278,52.252231],[6.084452,52.252153],[6.084612,52.252064],[6.084757,52.251966],[6.084886,52.25186],[6.084997,52.251746],[6.085089,52.251627],[6.085162,52.251502],[6.085214,52.251374],[6.085246,52.251243],[6.085257,52.251111],[6.085246,52.250979],[6.085214,52.250848],[6.085162,52.25072],[6.085089,52.250595],[6.084997,52.250476],[6.084886,52.250362],[6.084757,52.250256],[6.084612,52.250158],[6.084452,52.25007],[6.084278,52.249991],[6.084093,52.249923],[6.083898,52.249866],[6.083694,52.249822],[6.083485,52.24979],[6.083271,52.24977],[6.083056,52.249764],[6.08284,52.24977],[6.082626,52.24979],[6.082417,52.249822],[6.082213,52.249866],[6.082018,52.249923],[6.081833,52.249991],[6.081659,52.25007],[6.081499,52.250158],[6.081354,52.250256],[6.081225,52.250362],[6.081114,52.250476],[6.081022,52.250595],[6.080949,52.25072],[6.080897,52.250848],[6.080865,52.250979],[6.080855,52.251111],[6.080865,52.251243],[6.080897,52.251374],[6.080949,52.251502],[6.081022,52.251627],[6.081114,52.251746],[6.081225,52.25186],[6.081354,52.251966],[6.081499,52.252064],[6.081659,52.252153],[6.081833,52.252231],[6.082018,52.252299],[6.082213,52.252356],[6.082417,52.252401],[6.082626,52.252433],[6.08284,52.252452],[6.083056,52.252459]]]}},{"type":"Feature","properties":{"identifier":"6.7.145","name":"geografische zone van een beveiligd gebied of een locatie met vitale processen","restriction":"CONDITIONAL","rule":"OPEN cat. vluchten zijn hier verboden SPEC cat. vluchten vereisen een privilege op de exploitatievergunning","category":"beveiligd","source":"AIP Nederland ENR 5.3, ED-269, 22 juli 2024"},"geometry":{"type":"Polygon","coordinates":[[[5.219167,53.371625],[5.219388,53.371619],[5.219607,53.371599],[5.219822,53.371567],[5.220031,53.371523],[5.220231,53.371466],[5.220421,53.371398],[5.220599,53.371319],[5.220764,53.371231],[5.220912,53.371133],[5.221044,53.371026],[5.221158,53.370913],[5.221253,53.370793],[5.221328,53.370669],[5.221382,53.370541],[5.221414,53.37041],[5.221425,53.370278],[5.221414,53.370146],[5.221382,53.370015],[5.221328,53.369887],[5.221253,53.369762],[5.221158,53.369643],[5.221044,53.369529],[5.220912,53.369423],[5.220764,53.369325],[5.220599,53.369236],[5.220421,53.369157],[5.220231,53.369089],[5.220031,53.369033],[5.219822,53.368988],[5.219607,53.368956],[5.219388,53.368937],[5.219167,53.36893],[5.218945,53.368937],[5.218726,53.368956],[5.218511,53.368988],[5.218302,53.369033],[5.218102,53.369089],[5.217912,53.369157],[5.217734,53.369236],[5.21757,53.369325],[5.217421,53.369423],[5.217289,53.369529],[5.217175,53.369643],[5.21708,53.369762],[5.217005,53.369887],[5.216952,53.370015],[5.216919,53.370146],[5.216908,53.370278],[5.216919,53.37041],[5.216952,53.370541],[5.217005,53.370669],[5.21708,53.370793],[5.217175,53.370913],[5.217289,53.371026],[5.217421,53.371133],[5.21757,53.371231],[5.217734,53.371319],[5.217912,53.371398],[5.218102,53.371466],[5.218302,53.371523],[5.218511,53.371567],[5.218726,53.371599],[5.218945,53.371619],[5.219167,53.371625]]]}},{"type":"Feature","properties":{"identifier":"6.7.146","name":"geografische zone van een beveiligd gebied of een locatie met vitale processen","restriction":"CONDITIONAL","rule":"OPEN cat. vluchten zijn hier verboden SPEC cat. vluchten vereisen een privilege op de exploitatievergunning","category":"beveiligd","source":"AIP Nederland ENR 5.3, ED-269, 22 juli 2024"},"geometry":{"type":"Polygon","coordinates":[[[6.309722,52.954403],[6.309941,52.954397],[6.310159,52.954377],[6.310371,52.954345],[6.310578,52.9543],[6.310777,52.954244],[6.310965,52.954176],[6.311141,52.954097],[6.311304,52.954008],[6.311451,52.95391],[6.311582,52.953804],[6.311695,52.953691],[6.311789,52.953571],[6.311862,52.953447],[6.311916,52.953318],[6.311948,52.953188],[6.311959,52.953056],[6.311948,52.952923],[6.311916,52.952793],[6.311862,52.952664],[6.311789,52.95254],[6.311695,52.95242],[6.311582,52.952307],[6.311451,52.952201],[6.311304,52.952103],[6.311141,52.952014],[6.310965,52.951935],[6.310777,52.951867],[6.310578,52.951811],[6.310371,52.951766],[6.310159,52.951734],[6.309941,52.951715],[6.309722,52.951708],[6.309503,52.951715],[6.309286,52.951734],[6.309073,52.951766],[6.308866,52.951811],[6.308668,52.951867],[6.30848,52.951935],[6.308303,52.952014],[6.308141,52.952103],[6.307993,52.952201],[6.307863,52.952307],[6.30775,52.95242],[6.307656,52.95254],[6.307582,52.952664],[6.307529,52.952793],[6.307496,52.952923],[6.307486,52.953056],[6.307496,52.953188],[6.307529,52.953318],[6.307582,52.953447],[6.307656,52.953571],[6.30775,52.953691],[6.307863,52.953804],[6.307993,52.95391],[6.308141,52.954008],[6.308303,52.954097],[6.30848,52.954176],[6.308668,52.954244],[6.308866,52.9543],[6.309073,52.954345],[6.309286,52.954377],[6.309503,52.954397],[6.309722,52.954403]]]}},{"type":"Feature","properties":{"identifier":"6.7.147","name":"geografische zone van een beveiligd gebied of een locatie met vitale processen","restriction":"CONDITIONAL","rule":"OPEN cat. vluchten zijn hier verboden SPEC cat. vluchten vereisen een privilege op de exploitatievergunning","category":"beveiligd","source":"AIP Nederland ENR 5.3, ED-269, 22 juli 2024"},"geometry":{"type":"Polygon","coordinates":[[[5.854722,52.398014],[5.854939,52.398008],[5.855153,52.397988],[5.855363,52.397956],[5.855567,52.397912],[5.855763,52.397855],[5.855949,52.397787],[5.856123,52.397708],[5.856284,52.397619],[5.856429,52.397521],[5.856558,52.397415],[5.85667,52.397302],[5.856762,52.397182],[5.856835,52.397058],[5.856888,52.39693],[5.85692,52.396799],[5.856931,52.396667],[5.85692,52.396535],[5.856888,52.396404],[5.856835,52.396276],[5.856762,52.396151],[5.85667,52.396031],[5.856558,52.395918],[5.856429,52.395812],[5.856284,52.395714],[5.856123,52.395625],[5.855949,52.395546],[5.855763,52.395478],[5.855567,52.395422],[5.855363,52.395377],[5.855153,52.395345],[5.854939,52.395326],[5.854722,52.395319],[5.854506,52.395326],[5.854291,52.395345],[5.854081,52.395377],[5.853877,52.395422],[5.853681,52.395478],[5.853495,52.395546],[5.853321,52.395625],[5.853161,52.395714],[5.853015,52.395812],[5.852886,52.395918],[5.852775,52.396031],[5.852682,52.396151],[5.852609,52.396276],[5.852556,52.396404],[5.852525,52.396535],[5.852514,52.396667],[5.852525,52.396799],[5.852556,52.39693],[5.852609,52.397058],[5.852682,52.397182],[5.852775,52.397302],[5.852886,52.397415],[5.853015,52.397521],[5.853161,52.397619],[5.853321,52.397708],[5.853495,52.397787],[5.853681,52.397855],[5.853877,52.397912],[5.854081,52.397956],[5.854291,52.397988],[5.854506,52.398008],[5.854722,52.398014]]]}},{"type":"Feature","properties":{"identifier":"6.7.148","name":"geografische zone van een beveiligd gebied of een locatie met vitale processen","restriction":"CONDITIONAL","rule":"OPEN cat. vluchten zijn hier verboden SPEC cat. vluchten vereisen een privilege op de exploitatievergunning","category":"beveiligd","source":"AIP Nederland ENR 5.3, ED-269, 22 juli 2024"},"geometry":{"type":"Polygon","coordinates":[[[5.298056,51.789681],[5.298269,51.789674],[5.298481,51.789655],[5.298688,51.789623],[5.298889,51.789578],[5.299082,51.789522],[5.299266,51.789454],[5.299438,51.789375],[5.299596,51.789286],[5.299739,51.789188],[5.299867,51.789082],[5.299977,51.788969],[5.300068,51.788849],[5.30014,51.788724],[5.300192,51.788596],[5.300223,51.788465],[5.300234,51.788333],[5.300223,51.788201],[5.300192,51.78807],[5.30014,51.787942],[5.300068,51.787818],[5.299977,51.787698],[5.299867,51.787585],[5.299739,51.787479],[5.299596,51.787381],[5.299438,51.787292],[5.299266,51.787213],[5.299082,51.787145],[5.298889,51.787088],[5.298688,51.787044],[5.298481,51.787012],[5.298269,51.786992],[5.298056,51.786986],[5.297842,51.786992],[5.297631,51.787012],[5.297423,51.787044],[5.297222,51.787088],[5.297029,51.787145],[5.296845,51.787213],[5.296674,51.787292],[5.296515,51.787381],[5.296372,51.787479],[5.296244,51.787585],[5.296134,51.787698],[5.296043,51.787818],[5.295971,51.787942],[5.295919,51.78807],[5.295888,51.788201],[5.295877,51.788333],[5.295888,51.788465],[5.295919,51.788596],[5.295971,51.788724],[5.296043,51.788849],[5.296134,51.788969],[5.296244,51.789082],[5.296372,51.789188],[5.296515,51.789286],[5.296674,51.789375],[5.296845,51.789454],[5.297029,51.789522],[5.297222,51.789578],[5.297423,51.789623],[5.297631,51.789655],[5.297842,51.789674],[5.298056,51.789681]]]}},{"type":"Feature","properties":{"identifier":"6.7.149","name":"geografische zone van een beveiligd gebied of een locatie met vitale processen","restriction":"CONDITIONAL","rule":"OPEN cat. vluchten zijn hier verboden SPEC cat. vluchten vereisen een privilege op de exploitatievergunning","category":"beveiligd","source":"AIP Nederland ENR 5.3, ED-269, 22 juli 2024"},"geometry":{"type":"Polygon","coordinates":[[[5.057778,53.298292],[5.057999,53.298285],[5.058218,53.298266],[5.058432,53.298234],[5.058641,53.298189],[5.058841,53.298133],[5.05903,53.298065],[5.059208,53.297986],[5.059372,53.297897],[5.059521,53.297799],[5.059652,53.297693],[5.059766,53.29758],[5.059861,53.29746],[5.059935,53.297336],[5.059989,53.297207],[5.060021,53.297077],[5.060032,53.296944],[5.060021,53.296812],[5.059989,53.296682],[5.059935,53.296553],[5.059861,53.296429],[5.059766,53.296309],[5.059652,53.296196],[5.059521,53.29609],[5.059372,53.295992],[5.059208,53.295903],[5.05903,53.295824],[5.058841,53.295756],[5.058641,53.2957],[5.058432,53.295655],[5.058218,53.295623],[5.057999,53.295603],[5.057778,53.295597],[5.057557,53.295603],[5.057338,53.295623],[5.057123,53.295655],[5.056915,53.2957],[5.056715,53.295756],[5.056525,53.295824],[5.056348,53.295903],[5.056184,53.295992],[5.056035,53.29609],[5.055903,53.296196],[5.055789,53.296309],[5.055695,53.296429],[5.05562,53.296553],[5.055567,53.296682],[5.055534,53.296812],[5.055523,53.296944],[5.055534,53.297077],[5.055567,53.297207],[5.05562,53.297336],[5.055695,53.29746],[5.055789,53.29758],[5.055903,53.297693],[5.056035,53.297799],[5.056184,53.297897],[5.056348,53.297986],[5.056525,53.298065],[5.056715,53.298133],[5.056915,53.298189],[5.057123,53.298234],[5.057338,53.298266],[5.057557,53.298285],[5.057778,53.298292]]]}},{"type":"Feature","properties":{"identifier":"6.7.150","name":"geografische zone van een beveiligd gebied of een locatie met vitale processen","restriction":"CONDITIONAL","rule":"OPEN cat. vluchten zijn hier verboden SPEC cat. vluchten vereisen een privilege op de exploitatievergunning","category":"beveiligd","source":"AIP Nederland ENR 5.3, ED-269, 22 juli 2024"},"geometry":{"type":"Polygon","coordinates":[[[5.545833,52.025514],[5.546048,52.025508],[5.546261,52.025488],[5.546469,52.025456],[5.546671,52.025412],[5.546866,52.025355],[5.54705,52.025287],[5.547223,52.025208],[5.547382,52.025119],[5.547526,52.025021],[5.547654,52.024915],[5.547765,52.024802],[5.547856,52.024682],[5.547929,52.024558],[5.547981,52.02443],[5.548013,52.024299],[5.548023,52.024167],[5.548013,52.024035],[5.547981,52.023904],[5.547929,52.023776],[5.547856,52.023651],[5.547765,52.023531],[5.547654,52.023418],[5.547526,52.023312],[5.547382,52.023214],[5.547223,52.023125],[5.54705,52.023046],[5.546866,52.022978],[5.546671,52.022922],[5.546469,52.022877],[5.546261,52.022845],[5.546048,52.022826],[5.545833,52.022819],[5.545619,52.022826],[5.545406,52.022845],[5.545198,52.022877],[5.544995,52.022922],[5.544801,52.022978],[5.544617,52.023046],[5.544444,52.023125],[5.544285,52.023214],[5.544141,52.023312],[5.544013,52.023418],[5.543902,52.023531],[5.54381,52.023651],[5.543738,52.023776],[5.543686,52.023904],[5.543654,52.024035],[5.543643,52.024167],[5.543654,52.024299],[5.543686,52.02443],[5.543738,52.024558],[5.54381,52.024682],[5.543902,52.024802],[5.544013,52.024915],[5.544141,52.025021],[5.544285,52.025119],[5.544444,52.025208],[5.544617,52.025287],[5.544801,52.025355],[5.544995,52.025412],[5.545198,52.025456],[5.545406,52.025488],[5.545619,52.025508],[5.545833,52.025514]]]}},{"type":"Feature","properties":{"identifier":"6.7.151","name":"geografische zone van een beveiligd gebied of een locatie met vitale processen","restriction":"CONDITIONAL","rule":"OPEN cat. vluchten zijn hier verboden SPEC cat. vluchten vereisen een privilege op de exploitatievergunning","category":"beveiligd","source":"AIP Nederland ENR 5.3, ED-269, 22 juli 2024"},"geometry":{"type":"Polygon","coordinates":[[[6.346389,52.122181],[6.346604,52.122174],[6.346817,52.122155],[6.347026,52.122123],[6.347229,52.122078],[6.347423,52.122022],[6.347608,52.121954],[6.347781,52.121875],[6.347941,52.121786],[6.348085,52.121688],[6.348214,52.121582],[6.348324,52.121469],[6.348416,52.121349],[6.348489,52.121224],[6.348541,52.121096],[6.348573,52.120965],[6.348583,52.120833],[6.348573,52.120701],[6.348541,52.12057],[6.348489,52.120442],[6.348416,52.120318],[6.348324,52.120198],[6.348214,52.120085],[6.348085,52.119979],[6.347941,52.119881],[6.347781,52.119792],[6.347608,52.119713],[6.347423,52.119645],[6.347229,52.119588],[6.347026,52.119544],[6.346817,52.119512],[6.346604,52.119492],[6.346389,52.119486],[6.346174,52.119492],[6.345961,52.119512],[6.345752,52.119544],[6.345549,52.119588],[6.345354,52.119645],[6.34517,52.119713],[6.344997,52.119792],[6.344837,52.119881],[6.344692,52.119979],[6.344564,52.120085],[6.344453,52.120198],[6.344361,52.120318],[6.344289,52.120442],[6.344236,52.12057],[6.344205,52.120701],[6.344194,52.120833],[6.344205,52.120965],[6.344236,52.121096],[6.344289,52.121224],[6.344361,52.121349],[6.344453,52.121469],[6.344564,52.121582],[6.344692,52.121688],[6.344837,52.121786],[6.344997,52.121875],[6.34517,52.121954],[6.345354,52.122022],[6.345549,52.122078],[6.345752,52.122123],[6.345961,52.122155],[6.346174,52.122174],[6.346389,52.122181]]]}},{"type":"Feature","properties":{"identifier":"6.7.152","name":"geografische zone van een beveiligd gebied of een locatie met vitale processen","restriction":"CONDITIONAL","rule":"OPEN cat. vluchten zijn hier verboden SPEC cat. vluchten vereisen een privilege op de exploitatievergunning","category":"beveiligd","source":"AIP Nederland ENR 5.3, ED-269, 22 juli 2024"},"geometry":{"type":"Polygon","coordinates":[[[5.37,51.917459],[5.370214,51.917452],[5.370426,51.917433],[5.370634,51.917401],[5.370836,51.917356],[5.37103,51.917299],[5.371214,51.917231],[5.371386,51.917153],[5.371545,51.917064],[5.371689,51.916966],[5.371816,51.91686],[5.371927,51.916746],[5.372018,51.916627],[5.372091,51.916502],[5.372143,51.916374],[5.372174,51.916243],[5.372185,51.916111],[5.372174,51.915979],[5.372143,51.915848],[5.372091,51.91572],[5.372018,51.915595],[5.371927,51.915476],[5.371816,51.915362],[5.371689,51.915256],[5.371545,51.915158],[5.371386,51.91507],[5.371214,51.914991],[5.37103,51.914923],[5.370836,51.914866],[5.370634,51.914822],[5.370426,51.91479],[5.370214,51.91477],[5.37,51.914764],[5.369786,51.91477],[5.369574,51.91479],[5.369366,51.914822],[5.369164,51.914866],[5.36897,51.914923],[5.368786,51.914991],[5.368614,51.91507],[5.368455,51.915158],[5.368311,51.915256],[5.368184,51.915362],[5.368073,51.915476],[5.367982,51.915595],[5.367909,51.91572],[5.367857,51.915848],[5.367826,51.915979],[5.367815,51.916111],[5.367826,51.916243],[5.367857,51.916374],[5.367909,51.916502],[5.367982,51.916627],[5.368073,51.916746],[5.368184,51.91686],[5.368311,51.916966],[5.368455,51.917064],[5.368614,51.917153],[5.368786,51.917231],[5.36897,51.917299],[5.369164,51.917356],[5.369366,51.917401],[5.369574,51.917433],[5.369786,51.917452],[5.37,51.917459]]]}},{"type":"Feature","properties":{"identifier":"6.7.153","name":"geografische zone van een beveiligd gebied of een locatie met vitale processen","restriction":"CONDITIONAL","rule":"OPEN cat. vluchten zijn hier verboden SPEC cat. vluchten vereisen een privilege op de exploitatievergunning","category":"beveiligd","source":"AIP Nederland ENR 5.3, ED-269, 22 juli 2024"},"geometry":{"type":"Polygon","coordinates":[[[5.246667,52.099681],[5.246882,52.099674],[5.247095,52.099655],[5.247303,52.099623],[5.247506,52.099578],[5.247701,52.099522],[5.247885,52.099454],[5.248058,52.099375],[5.248218,52.099286],[5.248362,52.099188],[5.24849,52.099082],[5.248601,52.098969],[5.248693,52.098849],[5.248766,52.098724],[5.248818,52.098596],[5.24885,52.098465],[5.24886,52.098333],[5.24885,52.098201],[5.248818,52.09807],[5.248766,52.097942],[5.248693,52.097818],[5.248601,52.097698],[5.24849,52.097585],[5.248362,52.097479],[5.248218,52.097381],[5.248058,52.097292],[5.247885,52.097213],[5.247701,52.097145],[5.247506,52.097088],[5.247303,52.097044],[5.247095,52.097012],[5.246882,52.096992],[5.246667,52.096986],[5.246452,52.096992],[5.246239,52.097012],[5.24603,52.097044],[5.245827,52.097088],[5.245633,52.097145],[5.245448,52.097213],[5.245275,52.097292],[5.245116,52.097381],[5.244971,52.097479],[5.244843,52.097585],[5.244732,52.097698],[5.24464,52.097818],[5.244568,52.097942],[5.244515,52.09807],[5.244484,52.098201],[5.244473,52.098333],[5.244484,52.098465],[5.244515,52.098596],[5.244568,52.098724],[5.24464,52.098849],[5.244732,52.098969],[5.244843,52.099082],[5.244971,52.099188],[5.245116,52.099286],[5.245275,52.099375],[5.245448,52.099454],[5.245633,52.099522],[5.245827,52.099578],[5.24603,52.099623],[5.246239,52.099655],[5.246452,52.099674],[5.246667,52.099681]]]}},{"type":"Feature","properties":{"identifier":"6.7.154","name":"geografische zone van een beveiligd gebied of een locatie met vitale processen","restriction":"CONDITIONAL","rule":"OPEN cat. vluchten zijn hier verboden SPEC cat. vluchten vereisen een privilege op de exploitatievergunning","category":"beveiligd","source":"AIP Nederland ENR 5.3, ED-269, 22 juli 2024"},"geometry":{"type":"Polygon","coordinates":[[[5.232222,51.847181],[5.232436,51.847174],[5.232648,51.847155],[5.232855,51.847123],[5.233057,51.847078],[5.23325,51.847022],[5.233434,51.846954],[5.233606,51.846875],[5.233765,51.846786],[5.233908,51.846688],[5.234036,51.846582],[5.234146,51.846469],[5.234237,51.846349],[5.234309,51.846224],[5.234361,51.846096],[5.234393,51.845965],[5.234403,51.845833],[5.234393,51.845701],[5.234361,51.84557],[5.234309,51.845442],[5.234237,51.845318],[5.234146,51.845198],[5.234036,51.845085],[5.233908,51.844979],[5.233765,51.844881],[5.233606,51.844792],[5.233434,51.844713],[5.23325,51.844645],[5.233057,51.844588],[5.232855,51.844544],[5.232648,51.844512],[5.232436,51.844492],[5.232222,51.844486],[5.232008,51.844492],[5.231797,51.844512],[5.231589,51.844544],[5.231388,51.844588],[5.231194,51.844645],[5.23101,51.844713],[5.230839,51.844792],[5.23068,51.844881],[5.230536,51.844979],[5.230409,51.845085],[5.230299,51.845198],[5.230207,51.845318],[5.230135,51.845442],[5.230083,51.84557],[5.230052,51.845701],[5.230041,51.845833],[5.230052,51.845965],[5.230083,51.846096],[5.230135,51.846224],[5.230207,51.846349],[5.230299,51.846469],[5.230409,51.846582],[5.230536,51.846688],[5.23068,51.846786],[5.230839,51.846875],[5.23101,51.846954],[5.231194,51.847022],[5.231388,51.847078],[5.231589,51.847123],[5.231797,51.847155],[5.232008,51.847174],[5.232222,51.847181]]]}},{"type":"Feature","properties":{"identifier":"6.7.155","name":"geografische zone van een beveiligd gebied of een locatie met vitale processen","restriction":"CONDITIONAL","rule":"OPEN cat. vluchten zijn hier verboden SPEC cat. vluchten vereisen een privilege op de exploitatievergunning","category":"beveiligd","source":"AIP Nederland ENR 5.3, ED-269, 22 juli 2024"},"geometry":{"type":"Polygon","coordinates":[[[5.709444,51.969681],[5.709659,51.969674],[5.709871,51.969655],[5.710079,51.969623],[5.710281,51.969578],[5.710475,51.969522],[5.71066,51.969454],[5.710832,51.969375],[5.710991,51.969286],[5.711135,51.969188],[5.711263,51.969082],[5.711373,51.968969],[5.711465,51.968849],[5.711537,51.968724],[5.71159,51.968596],[5.711621,51.968465],[5.711632,51.968333],[5.711621,51.968201],[5.71159,51.96807],[5.711537,51.967942],[5.711465,51.967818],[5.711373,51.967698],[5.711263,51.967585],[5.711135,51.967479],[5.710991,51.967381],[5.710832,51.967292],[5.71066,51.967213],[5.710475,51.967145],[5.710281,51.967088],[5.710079,51.967044],[5.709871,51.967012],[5.709659,51.966992],[5.709444,51.966986],[5.70923,51.966992],[5.709018,51.967012],[5.70881,51.967044],[5.708607,51.967088],[5.708413,51.967145],[5.708229,51.967213],[5.708057,51.967292],[5.707898,51.967381],[5.707754,51.967479],[5.707626,51.967585],[5.707516,51.967698],[5.707424,51.967818],[5.707352,51.967942],[5.707299,51.96807],[5.707268,51.968201],[5.707257,51.968333],[5.707268,51.968465],[5.707299,51.968596],[5.707352,51.968724],[5.707424,51.968849],[5.707516,51.968969],[5.707626,51.969082],[5.707754,51.969188],[5.707898,51.969286],[5.708057,51.969375],[5.708229,51.969454],[5.708413,51.969522],[5.708607,51.969578],[5.70881,51.969623],[5.709018,51.969655],[5.70923,51.969674],[5.709444,51.969681]]]}},{"type":"Feature","properties":{"identifier":"6.7.156","name":"geografische zone van een beveiligd gebied of een locatie met vitale processen","restriction":"CONDITIONAL","rule":"OPEN cat. vluchten zijn hier verboden SPEC cat. vluchten vereisen een privilege op de exploitatievergunning","category":"beveiligd","source":"AIP Nederland ENR 5.3, ED-269, 22 juli 2024"},"geometry":{"type":"Polygon","coordinates":[[[5.456667,52.078847],[5.456882,52.078841],[5.457094,52.078822],[5.457303,52.078789],[5.457506,52.078745],[5.4577,52.078688],[5.457885,52.07862],[5.458058,52.078542],[5.458217,52.078453],[5.458361,52.078355],[5.45849,52.078249],[5.4586,52.078135],[5.458692,52.078016],[5.458765,52.077891],[5.458817,52.077763],[5.458849,52.077632],[5.458859,52.0775],[5.458849,52.077368],[5.458817,52.077237],[5.458765,52.077109],[5.458692,52.076984],[5.4586,52.076865],[5.45849,52.076751],[5.458361,52.076645],[5.458217,52.076547],[5.458058,52.076458],[5.457885,52.07638],[5.4577,52.076312],[5.457506,52.076255],[5.457303,52.076211],[5.457094,52.076178],[5.456882,52.076159],[5.456667,52.076153],[5.456452,52.076159],[5.456239,52.076178],[5.45603,52.076211],[5.455828,52.076255],[5.455633,52.076312],[5.455449,52.07638],[5.455276,52.076458],[5.455116,52.076547],[5.454972,52.076645],[5.454844,52.076751],[5.454733,52.076865],[5.454641,52.076984],[5.454569,52.077109],[5.454516,52.077237],[5.454485,52.077368],[5.454474,52.0775],[5.454485,52.077632],[5.454516,52.077763],[5.454569,52.077891],[5.454641,52.078016],[5.454733,52.078135],[5.454844,52.078249],[5.454972,52.078355],[5.455116,52.078453],[5.455276,52.078542],[5.455449,52.07862],[5.455633,52.078688],[5.455828,52.078745],[5.45603,52.078789],[5.456239,52.078822],[5.456452,52.078841],[5.456667,52.078847]]]}},{"type":"Feature","properties":{"identifier":"6.7.157","name":"geografische zone van een beveiligd gebied of een locatie met vitale processen","restriction":"CONDITIONAL","rule":"OPEN cat. vluchten zijn hier verboden SPEC cat. vluchten vereisen een privilege op de exploitatievergunning","category":"beveiligd","source":"AIP Nederland ENR 5.3, ED-269, 22 juli 2024"},"geometry":{"type":"Polygon","coordinates":[[[6.8725,52.335236],[6.872716,52.33523],[6.87293,52.33521],[6.87314,52.335178],[6.873344,52.335134],[6.873539,52.335077],[6.873725,52.335009],[6.873899,52.33493],[6.874059,52.334842],[6.874205,52.334744],[6.874334,52.334638],[6.874445,52.334524],[6.874537,52.334405],[6.87461,52.33428],[6.874663,52.334152],[6.874695,52.334021],[6.874705,52.333889],[6.874695,52.333757],[6.874663,52.333626],[6.87461,52.333498],[6.874537,52.333373],[6.874445,52.333254],[6.874334,52.33314],[6.874205,52.333034],[6.874059,52.332936],[6.873899,52.332847],[6.873725,52.332769],[6.873539,52.332701],[6.873344,52.332644],[6.87314,52.332599],[6.87293,52.332567],[6.872716,52.332548],[6.8725,52.332541],[6.872284,52.332548],[6.87207,52.332567],[6.87186,52.332599],[6.871656,52.332644],[6.871461,52.332701],[6.871275,52.332769],[6.871101,52.332847],[6.870941,52.332936],[6.870795,52.333034],[6.870666,52.33314],[6.870555,52.333254],[6.870463,52.333373],[6.87039,52.333498],[6.870337,52.333626],[6.870305,52.333757],[6.870295,52.333889],[6.870305,52.334021],[6.870337,52.334152],[6.87039,52.33428],[6.870463,52.334405],[6.870555,52.334524],[6.870666,52.334638],[6.870795,52.334744],[6.870941,52.334842],[6.871101,52.33493],[6.871275,52.335009],[6.871461,52.335077],[6.871656,52.335134],[6.87186,52.335178],[6.87207,52.33521],[6.872284,52.33523],[6.8725,52.335236]]]}},{"type":"Feature","properties":{"identifier":"6.7.158","name":"geografische zone van een beveiligd gebied of een locatie met vitale processen","restriction":"CONDITIONAL","rule":"OPEN cat. vluchten zijn hier verboden SPEC cat. vluchten vereisen een privilege op de exploitatievergunning","category":"beveiligd","source":"AIP Nederland ENR 5.3, ED-269, 22 juli 2024"},"geometry":{"type":"Polygon","coordinates":[[[6.566111,52.361347],[6.566327,52.361341],[6.566542,52.361322],[6.566752,52.361289],[6.566955,52.361245],[6.567151,52.361188],[6.567337,52.36112],[6.567511,52.361042],[6.567671,52.360953],[6.567817,52.360855],[6.567946,52.360749],[6.568057,52.360635],[6.56815,52.360516],[6.568223,52.360391],[6.568275,52.360263],[6.568307,52.360132],[6.568318,52.36],[6.568307,52.359868],[6.568275,52.359737],[6.568223,52.359609],[6.56815,52.359484],[6.568057,52.359365],[6.567946,52.359251],[6.567817,52.359145],[6.567671,52.359047],[6.567511,52.358958],[6.567337,52.35888],[6.567151,52.358812],[6.566955,52.358755],[6.566752,52.358711],[6.566542,52.358678],[6.566327,52.358659],[6.566111,52.358653],[6.565895,52.358659],[6.565681,52.358678],[6.565471,52.358711],[6.565267,52.358755],[6.565071,52.358812],[6.564885,52.35888],[6.564711,52.358958],[6.564551,52.359047],[6.564406,52.359145],[6.564277,52.359251],[6.564165,52.359365],[6.564073,52.359484],[6.564,52.359609],[6.563947,52.359737],[6.563915,52.359868],[6.563905,52.36],[6.563915,52.360132],[6.563947,52.360263],[6.564,52.360391],[6.564073,52.360516],[6.564165,52.360635],[6.564277,52.360749],[6.564406,52.360855],[6.564551,52.360953],[6.564711,52.361042],[6.564885,52.36112],[6.565071,52.361188],[6.565267,52.361245],[6.565471,52.361289],[6.565681,52.361322],[6.565895,52.361341],[6.566111,52.361347]]]}},{"type":"Feature","properties":{"identifier":"6.7.159","name":"geografische zone van een beveiligd gebied of een locatie met vitale processen","restriction":"CONDITIONAL","rule":"OPEN cat. vluchten zijn hier verboden SPEC cat. vluchten vereisen een privilege op de exploitatievergunning","category":"beveiligd","source":"AIP Nederland ENR 5.3, ED-269, 22 juli 2024"},"geometry":{"type":"Polygon","coordinates":[[[6.400556,52.562736],[6.400773,52.56273],[6.400988,52.56271],[6.401199,52.562678],[6.401404,52.562634],[6.4016,52.562577],[6.401787,52.562509],[6.401962,52.56243],[6.402123,52.562342],[6.402269,52.562244],[6.402399,52.562138],[6.40251,52.562024],[6.402603,52.561905],[6.402677,52.56178],[6.40273,52.561652],[6.402761,52.561521],[6.402772,52.561389],[6.402761,52.561257],[6.40273,52.561126],[6.402677,52.560998],[6.402603,52.560873],[6.40251,52.560754],[6.402399,52.56064],[6.402269,52.560534],[6.402123,52.560436],[6.401962,52.560347],[6.401787,52.560269],[6.4016,52.560201],[6.401404,52.560144],[6.401199,52.560099],[6.400988,52.560067],[6.400773,52.560048],[6.400556,52.560041],[6.400338,52.560048],[6.400123,52.560067],[6.399912,52.560099],[6.399707,52.560144],[6.399511,52.560201],[6.399324,52.560269],[6.399149,52.560347],[6.398988,52.560436],[6.398842,52.560534],[6.398713,52.56064],[6.398601,52.560754],[6.398508,52.560873],[6.398434,52.560998],[6.398382,52.561126],[6.39835,52.561257],[6.398339,52.561389],[6.39835,52.561521],[6.398382,52.561652],[6.398434,52.56178],[6.398508,52.561905],[6.398601,52.562024],[6.398713,52.562138],[6.398842,52.562244],[6.398988,52.562342],[6.399149,52.56243],[6.399324,52.562509],[6.399511,52.562577],[6.399707,52.562634],[6.399912,52.562678],[6.400123,52.56271],[6.400338,52.56273],[6.400556,52.562736]]]}},{"type":"Feature","properties":{"identifier":"6.7.160","name":"geografische zone van een beveiligd gebied of een locatie met vitale processen","restriction":"CONDITIONAL","rule":"OPEN cat. vluchten zijn hier verboden SPEC cat. vluchten vereisen een privilege op de exploitatievergunning","category":"beveiligd","source":"AIP Nederland ENR 5.3, ED-269, 22 juli 2024"},"geometry":{"type":"Polygon","coordinates":[[[6.876389,52.250514],[6.876605,52.250508],[6.876818,52.250488],[6.877028,52.250456],[6.877231,52.250412],[6.877426,52.250355],[6.877612,52.250287],[6.877785,52.250208],[6.877945,52.250119],[6.87809,52.250021],[6.878219,52.249915],[6.87833,52.249802],[6.878422,52.249682],[6.878495,52.249558],[6.878548,52.24943],[6.878579,52.249299],[6.87859,52.249167],[6.878579,52.249035],[6.878548,52.248904],[6.878495,52.248776],[6.878422,52.248651],[6.87833,52.248531],[6.878219,52.248418],[6.87809,52.248312],[6.877945,52.248214],[6.877785,52.248125],[6.877612,52.248046],[6.877426,52.247978],[6.877231,52.247922],[6.877028,52.247877],[6.876818,52.247845],[6.876605,52.247826],[6.876389,52.247819],[6.876173,52.247826],[6.87596,52.247845],[6.87575,52.247877],[6.875547,52.247922],[6.875351,52.247978],[6.875166,52.248046],[6.874993,52.248125],[6.874833,52.248214],[6.874688,52.248312],[6.874559,52.248418],[6.874448,52.248531],[6.874355,52.248651],[6.874283,52.248776],[6.87423,52.248904],[6.874199,52.249035],[6.874188,52.249167],[6.874199,52.249299],[6.87423,52.24943],[6.874283,52.249558],[6.874355,52.249682],[6.874448,52.249802],[6.874559,52.249915],[6.874688,52.250021],[6.874833,52.250119],[6.874993,52.250208],[6.875166,52.250287],[6.875351,52.250355],[6.875547,52.250412],[6.87575,52.250456],[6.87596,52.250488],[6.876173,52.250508],[6.876389,52.250514]]]}},{"type":"Feature","properties":{"identifier":"6.7.161","name":"geografische zone van een beveiligd gebied of een locatie met vitale processen","restriction":"CONDITIONAL","rule":"OPEN cat. vluchten zijn hier verboden SPEC cat. vluchten vereisen een privilege op de exploitatievergunning","category":"beveiligd","source":"AIP Nederland ENR 5.3, ED-269, 22 juli 2024"},"geometry":{"type":"Polygon","coordinates":[[[6.237778,51.901625],[6.237992,51.901619],[6.238204,51.901599],[6.238412,51.901567],[6.238613,51.901523],[6.238807,51.901466],[6.238991,51.901398],[6.239163,51.901319],[6.239322,51.901231],[6.239466,51.901133],[6.239594,51.901026],[6.239704,51.900913],[6.239795,51.900793],[6.239868,51.900669],[6.23992,51.900541],[6.239951,51.90041],[6.239962,51.900278],[6.239951,51.900146],[6.23992,51.900015],[6.239868,51.899887],[6.239795,51.899762],[6.239704,51.899643],[6.239594,51.899529],[6.239466,51.899423],[6.239322,51.899325],[6.239163,51.899236],[6.238991,51.899157],[6.238807,51.899089],[6.238613,51.899033],[6.238412,51.898988],[6.238204,51.898956],[6.237992,51.898937],[6.237778,51.89893],[6.237564,51.898937],[6.237352,51.898956],[6.237144,51.898988],[6.236942,51.899033],[6.236748,51.899089],[6.236565,51.899157],[6.236392,51.899236],[6.236234,51.899325],[6.23609,51.899423],[6.235962,51.899529],[6.235852,51.899643],[6.23576,51.899762],[6.235688,51.899887],[6.235636,51.900015],[6.235604,51.900146],[6.235594,51.900278],[6.235604,51.90041],[6.235636,51.900541],[6.235688,51.900669],[6.23576,51.900793],[6.235852,51.900913],[6.235962,51.901026],[6.23609,51.901133],[6.236234,51.901231],[6.236392,51.901319],[6.236565,51.901398],[6.236748,51.901466],[6.236942,51.901523],[6.237144,51.901567],[6.237352,51.901599],[6.237564,51.901619],[6.237778,51.901625]]]}},{"type":"Feature","properties":{"identifier":"6.7.162","name":"geografische zone van een beveiligd gebied of een locatie met vitale processen","restriction":"CONDITIONAL","rule":"OPEN cat. vluchten zijn hier verboden SPEC cat. vluchten vereisen een privilege op de exploitatievergunning","category":"beveiligd","source":"AIP Nederland ENR 5.3, ED-269, 22 juli 2024"},"geometry":{"type":"Polygon","coordinates":[[[6.351944,52.046625],[6.352159,52.046619],[6.352372,52.046599],[6.35258,52.046567],[6.352783,52.046523],[6.352977,52.046466],[6.353162,52.046398],[6.353334,52.046319],[6.353494,52.046231],[6.353638,52.046133],[6.353766,52.046026],[6.353877,52.045913],[6.353969,52.045793],[6.354041,52.045669],[6.354093,52.045541],[6.354125,52.04541],[6.354135,52.045278],[6.354125,52.045146],[6.354093,52.045015],[6.354041,52.044887],[6.353969,52.044762],[6.353877,52.044643],[6.353766,52.044529],[6.353638,52.044423],[6.353494,52.044325],[6.353334,52.044236],[6.353162,52.044157],[6.352977,52.044089],[6.352783,52.044033],[6.35258,52.043988],[6.352372,52.043956],[6.352159,52.043937],[6.351944,52.04393],[6.35173,52.043937],[6.351517,52.043956],[6.351308,52.043988],[6.351106,52.044033],[6.350912,52.044089],[6.350727,52.044157],[6.350555,52.044236],[6.350395,52.044325],[6.350251,52.044423],[6.350123,52.044529],[6.350012,52.044643],[6.34992,52.044762],[6.349848,52.044887],[6.349796,52.045015],[6.349764,52.045146],[6.349754,52.045278],[6.349764,52.04541],[6.349796,52.045541],[6.349848,52.045669],[6.34992,52.045793],[6.350012,52.045913],[6.350123,52.046026],[6.350251,52.046133],[6.350395,52.046231],[6.350555,52.046319],[6.350727,52.046398],[6.350912,52.046466],[6.351106,52.046523],[6.351308,52.046567],[6.351517,52.046599],[6.35173,52.046619],[6.351944,52.046625]]]}},{"type":"Feature","properties":{"identifier":"6.7.163","name":"geografische zone van een beveiligd gebied of een locatie met vitale processen","restriction":"CONDITIONAL","rule":"OPEN cat. vluchten zijn hier verboden SPEC cat. vluchten vereisen een privilege op de exploitatievergunning","category":"beveiligd","source":"AIP Nederland ENR 5.3, ED-269, 22 juli 2024"},"geometry":{"type":"Polygon","coordinates":[[[6.540278,52.239125],[6.540493,52.239119],[6.540707,52.239099],[6.540917,52.239067],[6.54112,52.239023],[6.541315,52.238966],[6.5415,52.238898],[6.541674,52.238819],[6.541834,52.238731],[6.541979,52.238633],[6.542107,52.238526],[6.542218,52.238413],[6.542311,52.238293],[6.542383,52.238169],[6.542436,52.238041],[6.542468,52.23791],[6.542478,52.237778],[6.542468,52.237646],[6.542436,52.237515],[6.542383,52.237387],[6.542311,52.237262],[6.542218,52.237143],[6.542107,52.237029],[6.541979,52.236923],[6.541834,52.236825],[6.541674,52.236736],[6.5415,52.236657],[6.541315,52.236589],[6.54112,52.236533],[6.540917,52.236488],[6.540707,52.236456],[6.540493,52.236437],[6.540278,52.23643],[6.540062,52.236437],[6.539849,52.236456],[6.539639,52.236488],[6.539436,52.236533],[6.539241,52.236589],[6.539055,52.236657],[6.538882,52.236736],[6.538722,52.236825],[6.538577,52.236923],[6.538448,52.237029],[6.538337,52.237143],[6.538245,52.237262],[6.538172,52.237387],[6.53812,52.237515],[6.538088,52.237646],[6.538077,52.237778],[6.538088,52.23791],[6.53812,52.238041],[6.538172,52.238169],[6.538245,52.238293],[6.538337,52.238413],[6.538448,52.238526],[6.538577,52.238633],[6.538722,52.238731],[6.538882,52.238819],[6.539055,52.238898],[6.539241,52.238966],[6.539436,52.239023],[6.539639,52.239067],[6.539849,52.239099],[6.540062,52.239119],[6.540278,52.239125]]]}},{"type":"Feature","properties":{"identifier":"6.7.164","name":"geografische zone van een beveiligd gebied of een locatie met vitale processen","restriction":"CONDITIONAL","rule":"OPEN cat. vluchten zijn hier verboden SPEC cat. vluchten vereisen een privilege op de exploitatievergunning","category":"beveiligd","source":"AIP Nederland ENR 5.3, ED-269, 22 juli 2024"},"geometry":{"type":"Polygon","coordinates":[[[5.8575,51.811347],[5.857714,51.811341],[5.857925,51.811322],[5.858133,51.811289],[5.858334,51.811245],[5.858527,51.811188],[5.858711,51.81112],[5.858883,51.811042],[5.859041,51.810953],[5.859185,51.810855],[5.859312,51.810749],[5.859422,51.810635],[5.859514,51.810516],[5.859586,51.810391],[5.859638,51.810263],[5.859669,51.810132],[5.859679,51.81],[5.859669,51.809868],[5.859638,51.809737],[5.859586,51.809609],[5.859514,51.809484],[5.859422,51.809365],[5.859312,51.809251],[5.859185,51.809145],[5.859041,51.809047],[5.858883,51.808958],[5.858711,51.80888],[5.858527,51.808812],[5.858334,51.808755],[5.858133,51.808711],[5.857925,51.808678],[5.857714,51.808659],[5.8575,51.808653],[5.857286,51.808659],[5.857075,51.808678],[5.856867,51.808711],[5.856666,51.808755],[5.856473,51.808812],[5.856289,51.80888],[5.856117,51.808958],[5.855959,51.809047],[5.855815,51.809145],[5.855688,51.809251],[5.855578,51.809365],[5.855486,51.809484],[5.855414,51.809609],[5.855362,51.809737],[5.855331,51.809868],[5.855321,51.81],[5.855331,51.810132],[5.855362,51.810263],[5.855414,51.810391],[5.855486,51.810516],[5.855578,51.810635],[5.855688,51.810749],[5.855815,51.810855],[5.855959,51.810953],[5.856117,51.811042],[5.856289,51.81112],[5.856473,51.811188],[5.856666,51.811245],[5.856867,51.811289],[5.857075,51.811322],[5.857286,51.811341],[5.8575,51.811347]]]}},{"type":"Feature","properties":{"identifier":"6.7.165","name":"geografische zone van een beveiligd gebied of een locatie met vitale processen","restriction":"CONDITIONAL","rule":"OPEN cat. vluchten zijn hier verboden SPEC cat. vluchten vereisen een privilege op de exploitatievergunning","category":"beveiligd","source":"AIP Nederland ENR 5.3, ED-269, 22 juli 2024"},"geometry":{"type":"Polygon","coordinates":[[[6.560556,52.390792],[6.560772,52.390785],[6.560986,52.390766],[6.561196,52.390734],[6.5614,52.390689],[6.561596,52.390633],[6.561782,52.390565],[6.561956,52.390486],[6.562117,52.390397],[6.562262,52.390299],[6.562391,52.390193],[6.562503,52.39008],[6.562595,52.38996],[6.562668,52.389836],[6.562721,52.389707],[6.562753,52.389577],[6.562763,52.389444],[6.562753,52.389312],[6.562721,52.389182],[6.562668,52.389053],[6.562595,52.388929],[6.562503,52.388809],[6.562391,52.388696],[6.562262,52.38859],[6.562117,52.388492],[6.561956,52.388403],[6.561782,52.388324],[6.561596,52.388256],[6.5614,52.3882],[6.561196,52.388155],[6.560986,52.388123],[6.560772,52.388103],[6.560556,52.388097],[6.560339,52.388103],[6.560125,52.388123],[6.559915,52.388155],[6.559711,52.3882],[6.559515,52.388256],[6.559329,52.388324],[6.559155,52.388403],[6.558994,52.388492],[6.558849,52.38859],[6.55872,52.388696],[6.558608,52.388809],[6.558516,52.388929],[6.558443,52.389053],[6.55839,52.389182],[6.558358,52.389312],[6.558348,52.389444],[6.558358,52.389577],[6.55839,52.389707],[6.558443,52.389836],[6.558516,52.38996],[6.558608,52.39008],[6.55872,52.390193],[6.558849,52.390299],[6.558994,52.390397],[6.559155,52.390486],[6.559329,52.390565],[6.559515,52.390633],[6.559711,52.390689],[6.559915,52.390734],[6.560125,52.390766],[6.560339,52.390785],[6.560556,52.390792]]]}},{"type":"Feature","properties":{"identifier":"6.7.166","name":"geografische zone van een beveiligd gebied of een locatie met vitale processen","restriction":"CONDITIONAL","rule":"OPEN cat. vluchten zijn hier verboden SPEC cat. vluchten vereisen een privilege op de exploitatievergunning","category":"beveiligd","source":"AIP Nederland ENR 5.3, ED-269, 22 juli 2024"},"geometry":{"type":"Polygon","coordinates":[[[5.885833,52.122736],[5.886048,52.12273],[5.886261,52.12271],[5.88647,52.122678],[5.886673,52.122634],[5.886868,52.122577],[5.887053,52.122509],[5.887226,52.12243],[5.887385,52.122342],[5.88753,52.122244],[5.887658,52.122138],[5.887769,52.122024],[5.887861,52.121905],[5.887933,52.12178],[5.887986,52.121652],[5.888017,52.121521],[5.888028,52.121389],[5.888017,52.121257],[5.887986,52.121126],[5.887933,52.120998],[5.887861,52.120873],[5.887769,52.120754],[5.887658,52.12064],[5.88753,52.120534],[5.887385,52.120436],[5.887226,52.120347],[5.887053,52.120269],[5.886868,52.120201],[5.886673,52.120144],[5.88647,52.120099],[5.886261,52.120067],[5.886048,52.120048],[5.885833,52.120041],[5.885618,52.120048],[5.885405,52.120067],[5.885196,52.120099],[5.884993,52.120144],[5.884799,52.120201],[5.884614,52.120269],[5.884441,52.120347],[5.884282,52.120436],[5.884137,52.120534],[5.884009,52.12064],[5.883898,52.120754],[5.883806,52.120873],[5.883733,52.120998],[5.883681,52.121126],[5.883649,52.121257],[5.883639,52.121389],[5.883649,52.121521],[5.883681,52.121652],[5.883733,52.12178],[5.883806,52.121905],[5.883898,52.122024],[5.884009,52.122138],[5.884137,52.122244],[5.884282,52.122342],[5.884441,52.12243],[5.884614,52.122509],[5.884799,52.122577],[5.884993,52.122634],[5.885196,52.122678],[5.885405,52.12271],[5.885618,52.12273],[5.885833,52.122736]]]}},{"type":"Feature","properties":{"identifier":"6.7.167","name":"geografische zone van een beveiligd gebied of een locatie met vitale processen","restriction":"CONDITIONAL","rule":"OPEN cat. vluchten zijn hier verboden SPEC cat. vluchten vereisen een privilege op de exploitatievergunning","category":"beveiligd","source":"AIP Nederland ENR 5.3, ED-269, 22 juli 2024"},"geometry":{"type":"Polygon","coordinates":[[[5.435556,52.231903],[5.435771,52.231897],[5.435985,52.231877],[5.436194,52.231845],[5.436397,52.2318],[5.436593,52.231744],[5.436778,52.231676],[5.436951,52.231597],[5.437111,52.231508],[5.437256,52.23141],[5.437385,52.231304],[5.437496,52.231191],[5.437588,52.231071],[5.437661,52.230947],[5.437713,52.230818],[5.437745,52.230688],[5.437756,52.230556],[5.437745,52.230423],[5.437713,52.230293],[5.437661,52.230164],[5.437588,52.23004],[5.437496,52.22992],[5.437385,52.229807],[5.437256,52.229701],[5.437111,52.229603],[5.436951,52.229514],[5.436778,52.229435],[5.436593,52.229367],[5.436397,52.229311],[5.436194,52.229266],[5.435985,52.229234],[5.435771,52.229215],[5.435556,52.229208],[5.43534,52.229215],[5.435126,52.229234],[5.434917,52.229266],[5.434714,52.229311],[5.434518,52.229367],[5.434333,52.229435],[5.43416,52.229514],[5.434,52.229603],[5.433855,52.229701],[5.433726,52.229807],[5.433615,52.22992],[5.433523,52.23004],[5.43345,52.230164],[5.433398,52.230293],[5.433366,52.230423],[5.433356,52.230556],[5.433366,52.230688],[5.433398,52.230818],[5.43345,52.230947],[5.433523,52.231071],[5.433615,52.231191],[5.433726,52.231304],[5.433855,52.23141],[5.434,52.231508],[5.43416,52.231597],[5.434333,52.231676],[5.434518,52.231744],[5.434714,52.2318],[5.434917,52.231845],[5.435126,52.231877],[5.43534,52.231897],[5.435556,52.231903]]]}},{"type":"Feature","properties":{"identifier":"6.7.168","name":"geografische zone van een beveiligd gebied of een locatie met vitale processen","restriction":"CONDITIONAL","rule":"OPEN cat. vluchten zijn hier verboden SPEC cat. vluchten vereisen een privilege op de exploitatievergunning","category":"beveiligd","source":"AIP Nederland ENR 5.3, ED-269, 22 juli 2024"},"geometry":{"type":"Polygon","coordinates":[[[5.628333,53.453014],[5.628555,53.453008],[5.628775,53.452988],[5.62899,53.452956],[5.629199,53.452912],[5.6294,53.452855],[5.62959,53.452787],[5.629769,53.452708],[5.629933,53.452619],[5.630082,53.452521],[5.630215,53.452415],[5.630329,53.452302],[5.630424,53.452182],[5.630499,53.452058],[5.630553,53.45193],[5.630585,53.451799],[5.630596,53.451667],[5.630585,53.451535],[5.630553,53.451404],[5.630499,53.451276],[5.630424,53.451151],[5.630329,53.451031],[5.630215,53.450918],[5.630082,53.450812],[5.629933,53.450714],[5.629769,53.450625],[5.62959,53.450546],[5.6294,53.450478],[5.629199,53.450422],[5.62899,53.450377],[5.628775,53.450345],[5.628555,53.450326],[5.628333,53.450319],[5.628112,53.450326],[5.627892,53.450345],[5.627676,53.450377],[5.627467,53.450422],[5.627267,53.450478],[5.627076,53.450546],[5.626898,53.450625],[5.626733,53.450714],[5.626584,53.450812],[5.626452,53.450918],[5.626338,53.451031],[5.626243,53.451151],[5.626168,53.451276],[5.626114,53.451404],[5.626081,53.451535],[5.626071,53.451667],[5.626081,53.451799],[5.626114,53.45193],[5.626168,53.452058],[5.626243,53.452182],[5.626338,53.452302],[5.626452,53.452415],[5.626584,53.452521],[5.626733,53.452619],[5.626898,53.452708],[5.627076,53.452787],[5.627267,53.452855],[5.627467,53.452912],[5.627676,53.452956],[5.627892,53.452988],[5.628112,53.453008],[5.628333,53.453014]]]}},{"type":"Feature","properties":{"identifier":"6.7.169","name":"geografische zone van een beveiligd gebied of een locatie met vitale processen","restriction":"CONDITIONAL","rule":"OPEN cat. vluchten zijn hier verboden SPEC cat. vluchten vereisen een privilege op de exploitatievergunning","category":"beveiligd","source":"AIP Nederland ENR 5.3, ED-269, 22 juli 2024"},"geometry":{"type":"Polygon","coordinates":[[[6.453611,52.292736],[6.453827,52.29273],[6.454041,52.29271],[6.454251,52.292678],[6.454454,52.292634],[6.45465,52.292577],[6.454835,52.292509],[6.455009,52.29243],[6.455169,52.292342],[6.455314,52.292244],[6.455443,52.292138],[6.455554,52.292024],[6.455646,52.291905],[6.455719,52.29178],[6.455772,52.291652],[6.455804,52.291521],[6.455814,52.291389],[6.455804,52.291257],[6.455772,52.291126],[6.455719,52.290998],[6.455646,52.290873],[6.455554,52.290754],[6.455443,52.29064],[6.455314,52.290534],[6.455169,52.290436],[6.455009,52.290347],[6.454835,52.290269],[6.45465,52.290201],[6.454454,52.290144],[6.454251,52.290099],[6.454041,52.290067],[6.453827,52.290048],[6.453611,52.290041],[6.453395,52.290048],[6.453181,52.290067],[6.452972,52.290099],[6.452768,52.290144],[6.452573,52.290201],[6.452387,52.290269],[6.452214,52.290347],[6.452053,52.290436],[6.451908,52.290534],[6.451779,52.29064],[6.451668,52.290754],[6.451576,52.290873],[6.451503,52.290998],[6.45145,52.291126],[6.451419,52.291257],[6.451408,52.291389],[6.451419,52.291521],[6.45145,52.291652],[6.451503,52.29178],[6.451576,52.291905],[6.451668,52.292024],[6.451779,52.292138],[6.451908,52.292244],[6.452053,52.292342],[6.452214,52.29243],[6.452387,52.292509],[6.452573,52.292577],[6.452768,52.292634],[6.452972,52.292678],[6.453181,52.29271],[6.453395,52.29273],[6.453611,52.292736]]]}},{"type":"Feature","properties":{"identifier":"6.7.170","name":"geografische zone van een beveiligd gebied of een locatie met vitale processen","restriction":"CONDITIONAL","rule":"OPEN cat. vluchten zijn hier verboden SPEC cat. vluchten vereisen een privilege op de exploitatievergunning","category":"beveiligd","source":"AIP Nederland ENR 5.3, ED-269, 22 juli 2024"},"geometry":{"type":"Polygon","coordinates":[[[5.543333,52.36857],[5.54355,52.368563],[5.543764,52.368544],[5.543974,52.368512],[5.544178,52.368467],[5.544374,52.368411],[5.544559,52.368343],[5.544733,52.368264],[5.544894,52.368175],[5.545039,52.368077],[5.545168,52.367971],[5.54528,52.367857],[5.545372,52.367738],[5.545445,52.367613],[5.545498,52.367485],[5.54553,52.367354],[5.54554,52.367222],[5.54553,52.36709],[5.545498,52.366959],[5.545445,52.366831],[5.545372,52.366707],[5.54528,52.366587],[5.545168,52.366474],[5.545039,52.366367],[5.544894,52.366269],[5.544733,52.366181],[5.544559,52.366102],[5.544374,52.366034],[5.544178,52.365977],[5.543974,52.365933],[5.543764,52.365901],[5.54355,52.365881],[5.543333,52.365875],[5.543117,52.365881],[5.542903,52.365901],[5.542693,52.365933],[5.542489,52.365977],[5.542293,52.366034],[5.542107,52.366102],[5.541933,52.366181],[5.541773,52.366269],[5.541627,52.366367],[5.541498,52.366474],[5.541387,52.366587],[5.541295,52.366707],[5.541222,52.366831],[5.541169,52.366959],[5.541137,52.36709],[5.541127,52.367222],[5.541137,52.367354],[5.541169,52.367485],[5.541222,52.367613],[5.541295,52.367738],[5.541387,52.367857],[5.541498,52.367971],[5.541627,52.368077],[5.541773,52.368175],[5.541933,52.368264],[5.542107,52.368343],[5.542293,52.368411],[5.542489,52.368467],[5.542693,52.368512],[5.542903,52.368544],[5.543117,52.368563],[5.543333,52.36857]]]}},{"type":"Feature","properties":{"identifier":"6.7.171","name":"geografische zone van een beveiligd gebied of een locatie met vitale processen","restriction":"CONDITIONAL","rule":"OPEN cat. vluchten zijn hier verboden SPEC cat. vluchten vereisen een privilege op de exploitatievergunning","category":"beveiligd","source":"AIP Nederland ENR 5.3, ED-269, 22 juli 2024"},"geometry":{"type":"Polygon","coordinates":[[[6.794167,52.28857],[6.794383,52.288563],[6.794596,52.288544],[6.794806,52.288512],[6.79501,52.288467],[6.795205,52.288411],[6.79539,52.288343],[6.795564,52.288264],[6.795724,52.288175],[6.795869,52.288077],[6.795998,52.287971],[6.796109,52.287857],[6.796202,52.287738],[6.796275,52.287613],[6.796327,52.287485],[6.796359,52.287354],[6.796369,52.287222],[6.796359,52.28709],[6.796327,52.286959],[6.796275,52.286831],[6.796202,52.286707],[6.796109,52.286587],[6.795998,52.286474],[6.795869,52.286367],[6.795724,52.286269],[6.795564,52.286181],[6.79539,52.286102],[6.795205,52.286034],[6.79501,52.285977],[6.794806,52.285933],[6.794596,52.285901],[6.794383,52.285881],[6.794167,52.285875],[6.793951,52.285881],[6.793737,52.285901],[6.793527,52.285933],[6.793324,52.285977],[6.793128,52.286034],[6.792943,52.286102],[6.792769,52.286181],[6.792609,52.286269],[6.792464,52.286367],[6.792335,52.286474],[6.792224,52.286587],[6.792132,52.286707],[6.792059,52.286831],[6.792006,52.286959],[6.791974,52.28709],[6.791964,52.287222],[6.791974,52.287354],[6.792006,52.287485],[6.792059,52.287613],[6.792132,52.287738],[6.792224,52.287857],[6.792335,52.287971],[6.792464,52.288077],[6.792609,52.288175],[6.792769,52.288264],[6.792943,52.288343],[6.793128,52.288411],[6.793324,52.288467],[6.793527,52.288512],[6.793737,52.288544],[6.793951,52.288563],[6.794167,52.28857]]]}},{"type":"Feature","properties":{"identifier":"6.7.172","name":"geografische zone van een beveiligd gebied of een locatie met vitale processen","restriction":"CONDITIONAL","rule":"OPEN cat. vluchten zijn hier verboden SPEC cat. vluchten vereisen een privilege op de exploitatievergunning","category":"beveiligd","source":"AIP Nederland ENR 5.3, ED-269, 22 juli 2024"},"geometry":{"type":"Polygon","coordinates":[[[5.610556,52.244681],[5.610771,52.244674],[5.610985,52.244655],[5.611194,52.244623],[5.611398,52.244578],[5.611593,52.244522],[5.611778,52.244454],[5.611952,52.244375],[5.612112,52.244286],[5.612257,52.244188],[5.612385,52.244082],[5.612496,52.243969],[5.612589,52.243849],[5.612661,52.243724],[5.612714,52.243596],[5.612746,52.243465],[5.612756,52.243333],[5.612746,52.243201],[5.612714,52.24307],[5.612661,52.242942],[5.612589,52.242818],[5.612496,52.242698],[5.612385,52.242585],[5.612257,52.242479],[5.612112,52.242381],[5.611952,52.242292],[5.611778,52.242213],[5.611593,52.242145],[5.611398,52.242088],[5.611194,52.242044],[5.610985,52.242012],[5.610771,52.241992],[5.610556,52.241986],[5.61034,52.241992],[5.610126,52.242012],[5.609917,52.242044],[5.609713,52.242088],[5.609518,52.242145],[5.609333,52.242213],[5.609159,52.242292],[5.608999,52.242381],[5.608854,52.242479],[5.608726,52.242585],[5.608615,52.242698],[5.608522,52.242818],[5.60845,52.242942],[5.608397,52.24307],[5.608366,52.243201],[5.608355,52.243333],[5.608366,52.243465],[5.608397,52.243596],[5.60845,52.243724],[5.608522,52.243849],[5.608615,52.243969],[5.608726,52.244082],[5.608854,52.244188],[5.608999,52.244286],[5.609159,52.244375],[5.609333,52.244454],[5.609518,52.244522],[5.609713,52.244578],[5.609917,52.244623],[5.610126,52.244655],[5.61034,52.244674],[5.610556,52.244681]]]}},{"type":"Feature","properties":{"identifier":"6.7.173","name":"geografische zone van een beveiligd gebied of een locatie met vitale processen","restriction":"CONDITIONAL","rule":"OPEN cat. vluchten zijn hier verboden SPEC cat. vluchten vereisen een privilege op de exploitatievergunning","category":"beveiligd","source":"AIP Nederland ENR 5.3, ED-269, 22 juli 2024"},"geometry":{"type":"Polygon","coordinates":[[[5.468889,52.319959],[5.469105,52.319952],[5.469319,52.319933],[5.469529,52.319901],[5.469732,52.319856],[5.469928,52.319799],[5.470114,52.319731],[5.470287,52.319653],[5.470448,52.319564],[5.470593,52.319466],[5.470722,52.31936],[5.470833,52.319246],[5.470925,52.319127],[5.470998,52.319002],[5.471051,52.318874],[5.471083,52.318743],[5.471093,52.318611],[5.471083,52.318479],[5.471051,52.318348],[5.470998,52.31822],[5.470925,52.318095],[5.470833,52.317976],[5.470722,52.317862],[5.470593,52.317756],[5.470448,52.317658],[5.470287,52.31757],[5.470114,52.317491],[5.469928,52.317423],[5.469732,52.317366],[5.469529,52.317322],[5.469319,52.31729],[5.469105,52.31727],[5.468889,52.317264],[5.468673,52.31727],[5.468459,52.31729],[5.468249,52.317322],[5.468045,52.317366],[5.46785,52.317423],[5.467664,52.317491],[5.46749,52.31757],[5.46733,52.317658],[5.467185,52.317756],[5.467056,52.317862],[5.466945,52.317976],[5.466852,52.318095],[5.466779,52.31822],[5.466727,52.318348],[5.466695,52.318479],[5.466685,52.318611],[5.466695,52.318743],[5.466727,52.318874],[5.466779,52.319002],[5.466852,52.319127],[5.466945,52.319246],[5.467056,52.31936],[5.467185,52.319466],[5.46733,52.319564],[5.46749,52.319653],[5.467664,52.319731],[5.46785,52.319799],[5.468045,52.319856],[5.468249,52.319901],[5.468459,52.319933],[5.468673,52.319952],[5.468889,52.319959]]]}},{"type":"Feature","properties":{"identifier":"6.7.174","name":"geografische zone van een beveiligd gebied of een locatie met vitale processen","restriction":"CONDITIONAL","rule":"OPEN cat. vluchten zijn hier verboden SPEC cat. vluchten vereisen een privilege op de exploitatievergunning","category":"beveiligd","source":"AIP Nederland ENR 5.3, ED-269, 22 juli 2024"},"geometry":{"type":"Polygon","coordinates":[[[5.605,51.874403],[5.605214,51.874397],[5.605426,51.874377],[5.605634,51.874345],[5.605835,51.8743],[5.606029,51.874244],[5.606213,51.874176],[5.606385,51.874097],[5.606543,51.874008],[5.606687,51.87391],[5.606815,51.873804],[5.606925,51.873691],[5.607016,51.873571],[5.607088,51.873447],[5.607141,51.873318],[5.607172,51.873188],[5.607182,51.873056],[5.607172,51.872923],[5.607141,51.872793],[5.607088,51.872664],[5.607016,51.87254],[5.606925,51.87242],[5.606815,51.872307],[5.606687,51.872201],[5.606543,51.872103],[5.606385,51.872014],[5.606213,51.871935],[5.606029,51.871867],[5.605835,51.871811],[5.605634,51.871766],[5.605426,51.871734],[5.605214,51.871715],[5.605,51.871708],[5.604786,51.871715],[5.604574,51.871734],[5.604366,51.871766],[5.604165,51.871811],[5.603971,51.871867],[5.603787,51.871935],[5.603615,51.872014],[5.603457,51.872103],[5.603313,51.872201],[5.603185,51.872307],[5.603075,51.87242],[5.602984,51.87254],[5.602912,51.872664],[5.602859,51.872793],[5.602828,51.872923],[5.602818,51.873056],[5.602828,51.873188],[5.602859,51.873318],[5.602912,51.873447],[5.602984,51.873571],[5.603075,51.873691],[5.603185,51.873804],[5.603313,51.87391],[5.603457,51.874008],[5.603615,51.874097],[5.603787,51.874176],[5.603971,51.874244],[5.604165,51.8743],[5.604366,51.874345],[5.604574,51.874377],[5.604786,51.874397],[5.605,51.874403]]]}},{"type":"Feature","properties":{"identifier":"6.7.175","name":"geografische zone van een beveiligd gebied of een locatie met vitale processen","restriction":"CONDITIONAL","rule":"OPEN cat. vluchten zijn hier verboden SPEC cat. vluchten vereisen een privilege op de exploitatievergunning","category":"beveiligd","source":"AIP Nederland ENR 5.3, ED-269, 22 juli 2024"},"geometry":{"type":"Polygon","coordinates":[[[5.302778,52.144681],[5.302993,52.144674],[5.303206,52.144655],[5.303415,52.144623],[5.303618,52.144578],[5.303813,52.144522],[5.303998,52.144454],[5.304171,52.144375],[5.30433,52.144286],[5.304475,52.144188],[5.304603,52.144082],[5.304714,52.143969],[5.304806,52.143849],[5.304879,52.143724],[5.304931,52.143596],[5.304963,52.143465],[5.304973,52.143333],[5.304963,52.143201],[5.304931,52.14307],[5.304879,52.142942],[5.304806,52.142818],[5.304714,52.142698],[5.304603,52.142585],[5.304475,52.142479],[5.30433,52.142381],[5.304171,52.142292],[5.303998,52.142213],[5.303813,52.142145],[5.303618,52.142088],[5.303415,52.142044],[5.303206,52.142012],[5.302993,52.141992],[5.302778,52.141986],[5.302563,52.141992],[5.302349,52.142012],[5.30214,52.142044],[5.301938,52.142088],[5.301743,52.142145],[5.301558,52.142213],[5.301385,52.142292],[5.301225,52.142381],[5.30108,52.142479],[5.300952,52.142585],[5.300841,52.142698],[5.300749,52.142818],[5.300677,52.142942],[5.300624,52.14307],[5.300593,52.143201],[5.300582,52.143333],[5.300593,52.143465],[5.300624,52.143596],[5.300677,52.143724],[5.300749,52.143849],[5.300841,52.143969],[5.300952,52.144082],[5.30108,52.144188],[5.301225,52.144286],[5.301385,52.144375],[5.301558,52.144454],[5.301743,52.144522],[5.301938,52.144578],[5.30214,52.144623],[5.302349,52.144655],[5.302563,52.144674],[5.302778,52.144681]]]}},{"type":"Feature","properties":{"identifier":"6.7.176","name":"geografische zone van een beveiligd gebied of een locatie met vitale processen","restriction":"CONDITIONAL","rule":"OPEN cat. vluchten zijn hier verboden SPEC cat. vluchten vereisen een privilege op de exploitatievergunning","category":"beveiligd","source":"AIP Nederland ENR 5.3, ED-269, 22 juli 2024"},"geometry":{"type":"Polygon","coordinates":[[[5.801389,51.947459],[5.801603,51.947452],[5.801815,51.947433],[5.802023,51.947401],[5.802225,51.947356],[5.802419,51.947299],[5.802603,51.947231],[5.802776,51.947153],[5.802935,51.947064],[5.803079,51.946966],[5.803207,51.94686],[5.803317,51.946746],[5.803409,51.946627],[5.803481,51.946502],[5.803533,51.946374],[5.803564,51.946243],[5.803575,51.946111],[5.803564,51.945979],[5.803533,51.945848],[5.803481,51.94572],[5.803409,51.945595],[5.803317,51.945476],[5.803207,51.945362],[5.803079,51.945256],[5.802935,51.945158],[5.802776,51.94507],[5.802603,51.944991],[5.802419,51.944923],[5.802225,51.944866],[5.802023,51.944822],[5.801815,51.94479],[5.801603,51.94477],[5.801389,51.944764],[5.801175,51.94477],[5.800962,51.94479],[5.800754,51.944822],[5.800552,51.944866],[5.800358,51.944923],[5.800174,51.944991],[5.800002,51.94507],[5.799843,51.945158],[5.799699,51.945256],[5.799571,51.945362],[5.799461,51.945476],[5.799369,51.945595],[5.799297,51.94572],[5.799245,51.945848],[5.799213,51.945979],[5.799203,51.946111],[5.799213,51.946243],[5.799245,51.946374],[5.799297,51.946502],[5.799369,51.946627],[5.799461,51.946746],[5.799571,51.94686],[5.799699,51.946966],[5.799843,51.947064],[5.800002,51.947153],[5.800174,51.947231],[5.800358,51.947299],[5.800552,51.947356],[5.800754,51.947401],[5.800962,51.947433],[5.801175,51.947452],[5.801389,51.947459]]]}},{"type":"Feature","properties":{"identifier":"6.7.177","name":"geografische zone van een beveiligd gebied of een locatie met vitale processen","restriction":"CONDITIONAL","rule":"OPEN cat. vluchten zijn hier verboden SPEC cat. vluchten vereisen een privilege op de exploitatievergunning","category":"beveiligd","source":"AIP Nederland ENR 5.3, ED-269, 22 juli 2024"},"geometry":{"type":"Polygon","coordinates":[[[5.791111,51.947736],[5.791325,51.94773],[5.791538,51.94771],[5.791746,51.947678],[5.791948,51.947634],[5.792142,51.947577],[5.792326,51.947509],[5.792498,51.94743],[5.792657,51.947342],[5.792801,51.947244],[5.792929,51.947138],[5.793039,51.947024],[5.793131,51.946905],[5.793203,51.94678],[5.793255,51.946652],[5.793287,51.946521],[5.793297,51.946389],[5.793287,51.946257],[5.793255,51.946126],[5.793203,51.945998],[5.793131,51.945873],[5.793039,51.945754],[5.792929,51.94564],[5.792801,51.945534],[5.792657,51.945436],[5.792498,51.945347],[5.792326,51.945269],[5.792142,51.945201],[5.791948,51.945144],[5.791746,51.945099],[5.791538,51.945067],[5.791325,51.945048],[5.791111,51.945041],[5.790897,51.945048],[5.790685,51.945067],[5.790477,51.945099],[5.790275,51.945144],[5.790081,51.945201],[5.789897,51.945269],[5.789724,51.945347],[5.789565,51.945436],[5.789421,51.945534],[5.789293,51.94564],[5.789183,51.945754],[5.789091,51.945873],[5.789019,51.945998],[5.788967,51.946126],[5.788936,51.946257],[5.788925,51.946389],[5.788936,51.946521],[5.788967,51.946652],[5.789019,51.94678],[5.789091,51.946905],[5.789183,51.947024],[5.789293,51.947138],[5.789421,51.947244],[5.789565,51.947342],[5.789724,51.94743],[5.789897,51.947509],[5.790081,51.947577],[5.790275,51.947634],[5.790477,51.947678],[5.790685,51.94771],[5.790897,51.94773],[5.791111,51.947736]]]}},{"type":"Feature","properties":{"identifier":"6.7.178","name":"geografische zone van een beveiligd gebied of een locatie met vitale processen","restriction":"CONDITIONAL","rule":"OPEN cat. vluchten zijn hier verboden SPEC cat. vluchten vereisen een privilege op de exploitatievergunning","category":"beveiligd","source":"AIP Nederland ENR 5.3, ED-269, 22 juli 2024"},"geometry":{"type":"Polygon","coordinates":[[[4.726944,52.695514],[4.727162,52.695508],[4.727378,52.695488],[4.72759,52.695456],[4.727795,52.695412],[4.727992,52.695355],[4.72818,52.695287],[4.728355,52.695208],[4.728517,52.695119],[4.728663,52.695021],[4.728793,52.694915],[4.728905,52.694802],[4.728999,52.694682],[4.729072,52.694558],[4.729125,52.69443],[4.729157,52.694299],[4.729168,52.694167],[4.729157,52.694035],[4.729125,52.693904],[4.729072,52.693776],[4.728999,52.693651],[4.728905,52.693531],[4.728793,52.693418],[4.728663,52.693312],[4.728517,52.693214],[4.728355,52.693125],[4.72818,52.693046],[4.727992,52.692978],[4.727795,52.692922],[4.72759,52.692877],[4.727378,52.692845],[4.727162,52.692826],[4.726944,52.692819],[4.726727,52.692826],[4.726511,52.692845],[4.726299,52.692877],[4.726094,52.692922],[4.725896,52.692978],[4.725709,52.693046],[4.725534,52.693125],[4.725372,52.693214],[4.725226,52.693312],[4.725096,52.693418],[4.724984,52.693531],[4.72489,52.693651],[4.724817,52.693776],[4.724764,52.693904],[4.724732,52.694035],[4.724721,52.694167],[4.724732,52.694299],[4.724764,52.69443],[4.724817,52.694558],[4.72489,52.694682],[4.724984,52.694802],[4.725096,52.694915],[4.725226,52.695021],[4.725372,52.695119],[4.725534,52.695208],[4.725709,52.695287],[4.725896,52.695355],[4.726094,52.695412],[4.726299,52.695456],[4.726511,52.695488],[4.726727,52.695508],[4.726944,52.695514]]]}},{"type":"Feature","properties":{"identifier":"6.7.179","name":"geografische zone van een beveiligd gebied of een locatie met vitale processen","restriction":"CONDITIONAL","rule":"OPEN cat. vluchten zijn hier verboden SPEC cat. vluchten vereisen een privilege op de exploitatievergunning","category":"beveiligd","source":"AIP Nederland ENR 5.3, ED-269, 22 juli 2024"},"geometry":{"type":"Polygon","coordinates":[[[4.753889,52.812736],[4.754107,52.81273],[4.754324,52.81271],[4.754536,52.812678],[4.754742,52.812634],[4.75494,52.812577],[4.755127,52.812509],[4.755303,52.81243],[4.755465,52.812342],[4.755612,52.812244],[4.755742,52.812138],[4.755855,52.812024],[4.755948,52.811905],[4.756022,52.81178],[4.756075,52.811652],[4.756107,52.811521],[4.756118,52.811389],[4.756107,52.811257],[4.756075,52.811126],[4.756022,52.810998],[4.755948,52.810873],[4.755855,52.810754],[4.755742,52.81064],[4.755612,52.810534],[4.755465,52.810436],[4.755303,52.810347],[4.755127,52.810269],[4.75494,52.810201],[4.754742,52.810144],[4.754536,52.810099],[4.754324,52.810067],[4.754107,52.810048],[4.753889,52.810041],[4.75367,52.810048],[4.753454,52.810067],[4.753242,52.810099],[4.753036,52.810144],[4.752838,52.810201],[4.75265,52.810269],[4.752475,52.810347],[4.752313,52.810436],[4.752166,52.810534],[4.752035,52.81064],[4.751923,52.810754],[4.751829,52.810873],[4.751756,52.810998],[4.751702,52.811126],[4.75167,52.811257],[4.75166,52.811389],[4.75167,52.811521],[4.751702,52.811652],[4.751756,52.81178],[4.751829,52.811905],[4.751923,52.812024],[4.752035,52.812138],[4.752166,52.812244],[4.752313,52.812342],[4.752475,52.81243],[4.75265,52.812509],[4.752838,52.812577],[4.753036,52.812634],[4.753242,52.812678],[4.753454,52.81271],[4.75367,52.81273],[4.753889,52.812736]]]}},{"type":"Feature","properties":{"identifier":"6.7.180","name":"geografische zone van een beveiligd gebied of een locatie met vitale processen","restriction":"CONDITIONAL","rule":"OPEN cat. vluchten zijn hier verboden SPEC cat. vluchten vereisen een privilege op de exploitatievergunning","category":"beveiligd","source":"AIP Nederland ENR 5.3, ED-269, 22 juli 2024"},"geometry":{"type":"Polygon","coordinates":[[[4.741111,52.819959],[4.74133,52.819952],[4.741546,52.819933],[4.741758,52.819901],[4.741964,52.819856],[4.742162,52.819799],[4.74235,52.819731],[4.742526,52.819653],[4.742688,52.819564],[4.742835,52.819466],[4.742965,52.81936],[4.743077,52.819246],[4.743171,52.819127],[4.743245,52.819002],[4.743298,52.818874],[4.74333,52.818743],[4.743341,52.818611],[4.74333,52.818479],[4.743298,52.818348],[4.743245,52.81822],[4.743171,52.818095],[4.743077,52.817976],[4.742965,52.817862],[4.742835,52.817756],[4.742688,52.817658],[4.742526,52.81757],[4.74235,52.817491],[4.742162,52.817423],[4.741964,52.817366],[4.741758,52.817322],[4.741546,52.81729],[4.74133,52.81727],[4.741111,52.817264],[4.740893,52.81727],[4.740676,52.81729],[4.740464,52.817322],[4.740258,52.817366],[4.74006,52.817423],[4.739872,52.817491],[4.739697,52.81757],[4.739535,52.817658],[4.739388,52.817756],[4.739257,52.817862],[4.739145,52.817976],[4.739051,52.818095],[4.738977,52.81822],[4.738924,52.818348],[4.738892,52.818479],[4.738881,52.818611],[4.738892,52.818743],[4.738924,52.818874],[4.738977,52.819002],[4.739051,52.819127],[4.739145,52.819246],[4.739257,52.81936],[4.739388,52.819466],[4.739535,52.819564],[4.739697,52.819653],[4.739872,52.819731],[4.74006,52.819799],[4.740258,52.819856],[4.740464,52.819901],[4.740676,52.819933],[4.740893,52.819952],[4.741111,52.819959]]]}},{"type":"Feature","properties":{"identifier":"6.7.181","name":"geografische zone van een beveiligd gebied of een locatie met vitale processen","restriction":"CONDITIONAL","rule":"OPEN cat. vluchten zijn hier verboden SPEC cat. vluchten vereisen een privilege op de exploitatievergunning","category":"beveiligd","source":"AIP Nederland ENR 5.3, ED-269, 22 juli 2024"},"geometry":{"type":"Polygon","coordinates":[[[4.788056,52.933847],[4.788275,52.933841],[4.788492,52.933822],[4.788704,52.933789],[4.788911,52.933745],[4.789109,52.933688],[4.789298,52.93362],[4.789474,52.933542],[4.789636,52.933453],[4.789784,52.933355],[4.789914,52.933249],[4.790027,52.933135],[4.790121,52.933016],[4.790195,52.932891],[4.790248,52.932763],[4.79028,52.932632],[4.790291,52.9325],[4.79028,52.932368],[4.790248,52.932237],[4.790195,52.932109],[4.790121,52.931984],[4.790027,52.931865],[4.789914,52.931751],[4.789784,52.931645],[4.789636,52.931547],[4.789474,52.931458],[4.789298,52.93138],[4.789109,52.931312],[4.788911,52.931255],[4.788704,52.931211],[4.788492,52.931178],[4.788275,52.931159],[4.788056,52.931153],[4.787836,52.931159],[4.787619,52.931178],[4.787407,52.931211],[4.7872,52.931255],[4.787002,52.931312],[4.786814,52.93138],[4.786637,52.931458],[4.786475,52.931547],[4.786327,52.931645],[4.786197,52.931751],[4.786084,52.931865],[4.78599,52.931984],[4.785916,52.932109],[4.785863,52.932237],[4.785831,52.932368],[4.78582,52.9325],[4.785831,52.932632],[4.785863,52.932763],[4.785916,52.932891],[4.78599,52.933016],[4.786084,52.933135],[4.786197,52.933249],[4.786327,52.933355],[4.786475,52.933453],[4.786637,52.933542],[4.786814,52.93362],[4.787002,52.933688],[4.7872,52.933745],[4.787407,52.933789],[4.787619,52.933822],[4.787836,52.933841],[4.788056,52.933847]]]}},{"type":"Feature","properties":{"identifier":"6.7.182","name":"geografische zone van een beveiligd gebied of een locatie met vitale processen","restriction":"CONDITIONAL","rule":"OPEN cat. vluchten zijn hier verboden SPEC cat. vluchten vereisen een privilege op de exploitatievergunning","category":"beveiligd","source":"AIP Nederland ENR 5.3, ED-269, 22 juli 2024"},"geometry":{"type":"Polygon","coordinates":[[[4.860833,52.842459],[4.861052,52.842452],[4.861269,52.842433],[4.861481,52.842401],[4.861687,52.842356],[4.861885,52.842299],[4.862073,52.842231],[4.862249,52.842153],[4.862411,52.842064],[4.862558,52.841966],[4.862688,52.84186],[4.862801,52.841746],[4.862894,52.841627],[4.862968,52.841502],[4.863021,52.841374],[4.863053,52.841243],[4.863064,52.841111],[4.863053,52.840979],[4.863021,52.840848],[4.862968,52.84072],[4.862894,52.840595],[4.862801,52.840476],[4.862688,52.840362],[4.862558,52.840256],[4.862411,52.840158],[4.862249,52.84007],[4.862073,52.839991],[4.861885,52.839923],[4.861687,52.839866],[4.861481,52.839822],[4.861269,52.83979],[4.861052,52.83977],[4.860833,52.839764],[4.860615,52.83977],[4.860398,52.83979],[4.860186,52.839822],[4.85998,52.839866],[4.859782,52.839923],[4.859594,52.839991],[4.859418,52.84007],[4.859256,52.840158],[4.859109,52.840256],[4.858978,52.840362],[4.858866,52.840476],[4.858772,52.840595],[4.858699,52.84072],[4.858645,52.840848],[4.858613,52.840979],[4.858603,52.841111],[4.858613,52.841243],[4.858645,52.841374],[4.858699,52.841502],[4.858772,52.841627],[4.858866,52.841746],[4.858978,52.84186],[4.859109,52.841966],[4.859256,52.842064],[4.859418,52.842153],[4.859594,52.842231],[4.859782,52.842299],[4.85998,52.842356],[4.860186,52.842401],[4.860398,52.842433],[4.860615,52.842452],[4.860833,52.842459]]]}},{"type":"Feature","properties":{"identifier":"6.7.183","name":"geografische zone van een beveiligd gebied of een locatie met vitale processen","restriction":"CONDITIONAL","rule":"OPEN cat. vluchten zijn hier verboden SPEC cat. vluchten vereisen een privilege op de exploitatievergunning","category":"beveiligd","source":"AIP Nederland ENR 5.3, ED-269, 22 juli 2024"},"geometry":{"type":"Polygon","coordinates":[[[4.920556,52.685792],[4.920773,52.685785],[4.920989,52.685766],[4.921201,52.685734],[4.921406,52.685689],[4.921603,52.685633],[4.92179,52.685565],[4.921966,52.685486],[4.922127,52.685397],[4.922274,52.685299],[4.922404,52.685193],[4.922516,52.68508],[4.922609,52.68496],[4.922683,52.684836],[4.922736,52.684707],[4.922768,52.684577],[4.922778,52.684444],[4.922768,52.684312],[4.922736,52.684182],[4.922683,52.684053],[4.922609,52.683929],[4.922516,52.683809],[4.922404,52.683696],[4.922274,52.68359],[4.922127,52.683492],[4.921966,52.683403],[4.92179,52.683324],[4.921603,52.683256],[4.921406,52.6832],[4.921201,52.683155],[4.920989,52.683123],[4.920773,52.683103],[4.920556,52.683097],[4.920338,52.683103],[4.920122,52.683123],[4.91991,52.683155],[4.919705,52.6832],[4.919508,52.683256],[4.919321,52.683324],[4.919145,52.683403],[4.918984,52.683492],[4.918837,52.68359],[4.918707,52.683696],[4.918595,52.683809],[4.918502,52.683929],[4.918428,52.684053],[4.918375,52.684182],[4.918343,52.684312],[4.918333,52.684444],[4.918343,52.684577],[4.918375,52.684707],[4.918428,52.684836],[4.918502,52.68496],[4.918595,52.68508],[4.918707,52.685193],[4.918837,52.685299],[4.918984,52.685397],[4.919145,52.685486],[4.919321,52.685565],[4.919508,52.685633],[4.919705,52.685689],[4.91991,52.685734],[4.920122,52.685766],[4.920338,52.685785],[4.920556,52.685792]]]}},{"type":"Feature","properties":{"identifier":"6.7.184","name":"geografische zone van een beveiligd gebied of een locatie met vitale processen","restriction":"CONDITIONAL","rule":"OPEN cat. vluchten zijn hier verboden SPEC cat. vluchten vereisen een privilege op de exploitatievergunning","category":"beveiligd","source":"AIP Nederland ENR 5.3, ED-269, 22 juli 2024"},"geometry":{"type":"Polygon","coordinates":[[[4.676667,51.862181],[4.676881,51.862174],[4.677092,51.862155],[4.6773,51.862123],[4.677502,51.862078],[4.677695,51.862022],[4.677879,51.861954],[4.678051,51.861875],[4.678209,51.861786],[4.678353,51.861688],[4.678481,51.861582],[4.678591,51.861469],[4.678682,51.861349],[4.678755,51.861224],[4.678807,51.861096],[4.678838,51.860965],[4.678849,51.860833],[4.678838,51.860701],[4.678807,51.86057],[4.678755,51.860442],[4.678682,51.860318],[4.678591,51.860198],[4.678481,51.860085],[4.678353,51.859979],[4.678209,51.859881],[4.678051,51.859792],[4.677879,51.859713],[4.677695,51.859645],[4.677502,51.859588],[4.6773,51.859544],[4.677092,51.859512],[4.676881,51.859492],[4.676667,51.859486],[4.676453,51.859492],[4.676241,51.859512],[4.676033,51.859544],[4.675832,51.859588],[4.675638,51.859645],[4.675454,51.859713],[4.675282,51.859792],[4.675124,51.859881],[4.67498,51.859979],[4.674852,51.860085],[4.674742,51.860198],[4.674651,51.860318],[4.674579,51.860442],[4.674527,51.86057],[4.674495,51.860701],[4.674485,51.860833],[4.674495,51.860965],[4.674527,51.861096],[4.674579,51.861224],[4.674651,51.861349],[4.674742,51.861469],[4.674852,51.861582],[4.67498,51.861688],[4.675124,51.861786],[4.675282,51.861875],[4.675454,51.861954],[4.675638,51.862022],[4.675832,51.862078],[4.676033,51.862123],[4.676241,51.862155],[4.676453,51.862174],[4.676667,51.862181]]]}},{"type":"Feature","properties":{"identifier":"6.7.185","name":"geografische zone van een beveiligd gebied of een locatie met vitale processen","restriction":"CONDITIONAL","rule":"OPEN cat. vluchten zijn hier verboden SPEC cat. vluchten vereisen een privilege op de exploitatievergunning","category":"beveiligd","source":"AIP Nederland ENR 5.3, ED-269, 22 juli 2024"},"geometry":{"type":"Polygon","coordinates":[[[4.653889,52.141625],[4.654104,52.141619],[4.654317,52.141599],[4.654526,52.141567],[4.654729,52.141523],[4.654924,52.141466],[4.655109,52.141398],[4.655282,52.141319],[4.655441,52.141231],[4.655586,52.141133],[4.655714,52.141026],[4.655825,52.140913],[4.655917,52.140793],[4.65599,52.140669],[4.656042,52.140541],[4.656074,52.14041],[4.656084,52.140278],[4.656074,52.140146],[4.656042,52.140015],[4.65599,52.139887],[4.655917,52.139762],[4.655825,52.139643],[4.655714,52.139529],[4.655586,52.139423],[4.655441,52.139325],[4.655282,52.139236],[4.655109,52.139157],[4.654924,52.139089],[4.654729,52.139033],[4.654526,52.138988],[4.654317,52.138956],[4.654104,52.138937],[4.653889,52.13893],[4.653674,52.138937],[4.653461,52.138956],[4.653252,52.138988],[4.653049,52.139033],[4.652854,52.139089],[4.652669,52.139157],[4.652496,52.139236],[4.652336,52.139325],[4.652192,52.139423],[4.652063,52.139529],[4.651953,52.139643],[4.65186,52.139762],[4.651788,52.139887],[4.651736,52.140015],[4.651704,52.140146],[4.651693,52.140278],[4.651704,52.14041],[4.651736,52.140541],[4.651788,52.140669],[4.65186,52.140793],[4.651953,52.140913],[4.652063,52.141026],[4.652192,52.141133],[4.652336,52.141231],[4.652496,52.141319],[4.652669,52.141398],[4.652854,52.141466],[4.653049,52.141523],[4.653252,52.141567],[4.653461,52.141599],[4.653674,52.141619],[4.653889,52.141625]]]}},{"type":"Feature","properties":{"identifier":"6.7.186","name":"geografische zone van een beveiligd gebied of een locatie met vitale processen","restriction":"CONDITIONAL","rule":"OPEN cat. vluchten zijn hier verboden SPEC cat. vluchten vereisen een privilege op de exploitatievergunning","category":"beveiligd","source":"AIP Nederland ENR 5.3, ED-269, 22 juli 2024"},"geometry":{"type":"Polygon","coordinates":[[[4.585278,52.12857],[4.585493,52.128563],[4.585706,52.128544],[4.585915,52.128512],[4.586118,52.128467],[4.586312,52.128411],[4.586497,52.128343],[4.58667,52.128264],[4.58683,52.128175],[4.586974,52.128077],[4.587103,52.127971],[4.587214,52.127857],[4.587306,52.127738],[4.587378,52.127613],[4.587431,52.127485],[4.587462,52.127354],[4.587473,52.127222],[4.587462,52.12709],[4.587431,52.126959],[4.587378,52.126831],[4.587306,52.126707],[4.587214,52.126587],[4.587103,52.126474],[4.586974,52.126367],[4.58683,52.126269],[4.58667,52.126181],[4.586497,52.126102],[4.586312,52.126034],[4.586118,52.125977],[4.585915,52.125933],[4.585706,52.125901],[4.585493,52.125881],[4.585278,52.125875],[4.585063,52.125881],[4.58485,52.125901],[4.584641,52.125933],[4.584438,52.125977],[4.584243,52.126034],[4.584058,52.126102],[4.583885,52.126181],[4.583726,52.126269],[4.583581,52.126367],[4.583453,52.126474],[4.583342,52.126587],[4.58325,52.126707],[4.583177,52.126831],[4.583125,52.126959],[4.583093,52.12709],[4.583083,52.127222],[4.583093,52.127354],[4.583125,52.127485],[4.583177,52.127613],[4.58325,52.127738],[4.583342,52.127857],[4.583453,52.127971],[4.583581,52.128077],[4.583726,52.128175],[4.583885,52.128264],[4.584058,52.128343],[4.584243,52.128411],[4.584438,52.128467],[4.584641,52.128512],[4.58485,52.128544],[4.585063,52.128563],[4.585278,52.12857]]]}},{"type":"Feature","properties":{"identifier":"6.7.187","name":"geografische zone van een beveiligd gebied of een locatie met vitale processen","restriction":"CONDITIONAL","rule":"OPEN cat. vluchten zijn hier verboden SPEC cat. vluchten vereisen een privilege op de exploitatievergunning","category":"beveiligd","source":"AIP Nederland ENR 5.3, ED-269, 22 juli 2024"},"geometry":{"type":"Polygon","coordinates":[[[4.5275,52.137181],[4.527715,52.137174],[4.527928,52.137155],[4.528137,52.137123],[4.52834,52.137078],[4.528535,52.137022],[4.52872,52.136954],[4.528893,52.136875],[4.529052,52.136786],[4.529197,52.136688],[4.529325,52.136582],[4.529436,52.136469],[4.529528,52.136349],[4.529601,52.136224],[4.529653,52.136096],[4.529685,52.135965],[4.529695,52.135833],[4.529685,52.135701],[4.529653,52.13557],[4.529601,52.135442],[4.529528,52.135318],[4.529436,52.135198],[4.529325,52.135085],[4.529197,52.134979],[4.529052,52.134881],[4.528893,52.134792],[4.52872,52.134713],[4.528535,52.134645],[4.52834,52.134588],[4.528137,52.134544],[4.527928,52.134512],[4.527715,52.134492],[4.5275,52.134486],[4.527285,52.134492],[4.527072,52.134512],[4.526863,52.134544],[4.52666,52.134588],[4.526465,52.134645],[4.52628,52.134713],[4.526107,52.134792],[4.525948,52.134881],[4.525803,52.134979],[4.525675,52.135085],[4.525564,52.135198],[4.525472,52.135318],[4.525399,52.135442],[4.525347,52.13557],[4.525315,52.135701],[4.525305,52.135833],[4.525315,52.135965],[4.525347,52.136096],[4.525399,52.136224],[4.525472,52.136349],[4.525564,52.136469],[4.525675,52.136582],[4.525803,52.136688],[4.525948,52.136786],[4.526107,52.136875],[4.52628,52.136954],[4.526465,52.137022],[4.52666,52.137078],[4.526863,52.137123],[4.527072,52.137155],[4.527285,52.137174],[4.5275,52.137181]]]}},{"type":"Feature","properties":{"identifier":"6.7.188","name":"geografische zone van een beveiligd gebied of een locatie met vitale processen","restriction":"CONDITIONAL","rule":"OPEN cat. vluchten zijn hier verboden SPEC cat. vluchten vereisen een privilege op de exploitatievergunning","category":"beveiligd","source":"AIP Nederland ENR 5.3, ED-269, 22 juli 2024"},"geometry":{"type":"Polygon","coordinates":[[[4.661667,51.822459],[4.66188,51.822452],[4.662092,51.822433],[4.662299,51.822401],[4.662501,51.822356],[4.662694,51.822299],[4.662878,51.822231],[4.66305,51.822153],[4.663208,51.822064],[4.663352,51.821966],[4.663479,51.82186],[4.663589,51.821746],[4.663681,51.821627],[4.663753,51.821502],[4.663805,51.821374],[4.663836,51.821243],[4.663847,51.821111],[4.663836,51.820979],[4.663805,51.820848],[4.663753,51.82072],[4.663681,51.820595],[4.663589,51.820476],[4.663479,51.820362],[4.663352,51.820256],[4.663208,51.820158],[4.66305,51.82007],[4.662878,51.819991],[4.662694,51.819923],[4.662501,51.819866],[4.662299,51.819822],[4.662092,51.81979],[4.66188,51.81977],[4.661667,51.819764],[4.661453,51.81977],[4.661241,51.81979],[4.661034,51.819822],[4.660832,51.819866],[4.660639,51.819923],[4.660456,51.819991],[4.660284,51.82007],[4.660125,51.820158],[4.659982,51.820256],[4.659854,51.820362],[4.659744,51.820476],[4.659653,51.820595],[4.659581,51.82072],[4.659529,51.820848],[4.659497,51.820979],[4.659487,51.821111],[4.659497,51.821243],[4.659529,51.821374],[4.659581,51.821502],[4.659653,51.821627],[4.659744,51.821746],[4.659854,51.82186],[4.659982,51.821966],[4.660125,51.822064],[4.660284,51.822153],[4.660456,51.822231],[4.660639,51.822299],[4.660832,51.822356],[4.661034,51.822401],[4.661241,51.822433],[4.661453,51.822452],[4.661667,51.822459]]]}},{"type":"Feature","properties":{"identifier":"6.7.189","name":"geografische zone van een beveiligd gebied of een locatie met vitale processen","restriction":"CONDITIONAL","rule":"OPEN cat. vluchten zijn hier verboden SPEC cat. vluchten vereisen een privilege op de exploitatievergunning","category":"beveiligd","source":"AIP Nederland ENR 5.3, ED-269, 22 juli 2024"},"geometry":{"type":"Polygon","coordinates":[[[4.977222,51.849125],[4.977436,51.849119],[4.977648,51.849099],[4.977855,51.849067],[4.978057,51.849023],[4.97825,51.848966],[4.978434,51.848898],[4.978606,51.848819],[4.978765,51.848731],[4.978908,51.848633],[4.979036,51.848526],[4.979146,51.848413],[4.979237,51.848293],[4.97931,51.848169],[4.979362,51.848041],[4.979393,51.84791],[4.979403,51.847778],[4.979393,51.847646],[4.979362,51.847515],[4.97931,51.847387],[4.979237,51.847262],[4.979146,51.847143],[4.979036,51.847029],[4.978908,51.846923],[4.978765,51.846825],[4.978606,51.846736],[4.978434,51.846657],[4.97825,51.846589],[4.978057,51.846533],[4.977855,51.846488],[4.977648,51.846456],[4.977436,51.846437],[4.977222,51.84643],[4.977008,51.846437],[4.976797,51.846456],[4.976589,51.846488],[4.976387,51.846533],[4.976194,51.846589],[4.97601,51.846657],[4.975838,51.846736],[4.97568,51.846825],[4.975536,51.846923],[4.975409,51.847029],[4.975299,51.847143],[4.975207,51.847262],[4.975135,51.847387],[4.975083,51.847515],[4.975051,51.847646],[4.975041,51.847778],[4.975051,51.84791],[4.975083,51.848041],[4.975135,51.848169],[4.975207,51.848293],[4.975299,51.848413],[4.975409,51.848526],[4.975536,51.848633],[4.97568,51.848731],[4.975838,51.848819],[4.97601,51.848898],[4.976194,51.848966],[4.976387,51.849023],[4.976589,51.849067],[4.976797,51.849099],[4.977008,51.849119],[4.977222,51.849125]]]}},{"type":"Feature","properties":{"identifier":"6.7.190","name":"geografische zone van een beveiligd gebied of een locatie met vitale processen","restriction":"CONDITIONAL","rule":"OPEN cat. vluchten zijn hier verboden SPEC cat. vluchten vereisen een privilege op de exploitatievergunning","category":"beveiligd","source":"AIP Nederland ENR 5.3, ED-269, 22 juli 2024"},"geometry":{"type":"Polygon","coordinates":[[[4.685556,52.030236],[4.68577,52.03023],[4.685983,52.03021],[4.686191,52.030178],[4.686394,52.030134],[4.686588,52.030077],[4.686772,52.030009],[4.686945,52.02993],[4.687104,52.029842],[4.687249,52.029744],[4.687377,52.029638],[4.687487,52.029524],[4.687579,52.029405],[4.687651,52.02928],[4.687704,52.029152],[4.687735,52.029021],[4.687746,52.028889],[4.687735,52.028757],[4.687704,52.028626],[4.687651,52.028498],[4.687579,52.028373],[4.687487,52.028254],[4.687377,52.02814],[4.687249,52.028034],[4.687104,52.027936],[4.686945,52.027847],[4.686772,52.027769],[4.686588,52.027701],[4.686394,52.027644],[4.686191,52.027599],[4.685983,52.027567],[4.68577,52.027548],[4.685556,52.027541],[4.685341,52.027548],[4.685128,52.027567],[4.68492,52.027599],[4.684717,52.027644],[4.684523,52.027701],[4.684339,52.027769],[4.684166,52.027847],[4.684007,52.027936],[4.683863,52.028034],[4.683735,52.02814],[4.683624,52.028254],[4.683532,52.028373],[4.68346,52.028498],[4.683408,52.028626],[4.683376,52.028757],[4.683365,52.028889],[4.683376,52.029021],[4.683408,52.029152],[4.68346,52.02928],[4.683532,52.029405],[4.683624,52.029524],[4.683735,52.029638],[4.683863,52.029744],[4.684007,52.029842],[4.684166,52.02993],[4.684339,52.030009],[4.684523,52.030077],[4.684717,52.030134],[4.68492,52.030178],[4.685128,52.03021],[4.685341,52.03023],[4.685556,52.030236]]]}},{"type":"Feature","properties":{"identifier":"6.7.191","name":"geografische zone van een beveiligd gebied of een locatie met vitale processen","restriction":"CONDITIONAL","rule":"OPEN cat. vluchten zijn hier verboden SPEC cat. vluchten vereisen een privilege op de exploitatievergunning","category":"beveiligd","source":"AIP Nederland ENR 5.3, ED-269, 22 juli 2024"},"geometry":{"type":"Polygon","coordinates":[[[4.805833,51.826347],[4.806047,51.826341],[4.806259,51.826322],[4.806466,51.826289],[4.806668,51.826245],[4.806861,51.826188],[4.807045,51.82612],[4.807216,51.826042],[4.807375,51.825953],[4.807519,51.825855],[4.807646,51.825749],[4.807756,51.825635],[4.807848,51.825516],[4.80792,51.825391],[4.807972,51.825263],[4.808003,51.825132],[4.808013,51.825],[4.808003,51.824868],[4.807972,51.824737],[4.80792,51.824609],[4.807848,51.824484],[4.807756,51.824365],[4.807646,51.824251],[4.807519,51.824145],[4.807375,51.824047],[4.807216,51.823958],[4.807045,51.82388],[4.806861,51.823812],[4.806668,51.823755],[4.806466,51.823711],[4.806259,51.823678],[4.806047,51.823659],[4.805833,51.823653],[4.80562,51.823659],[4.805408,51.823678],[4.8052,51.823711],[4.804999,51.823755],[4.804806,51.823812],[4.804622,51.82388],[4.80445,51.823958],[4.804292,51.824047],[4.804148,51.824145],[4.804021,51.824251],[4.803911,51.824365],[4.803819,51.824484],[4.803747,51.824609],[4.803695,51.824737],[4.803664,51.824868],[4.803653,51.825],[4.803664,51.825132],[4.803695,51.825263],[4.803747,51.825391],[4.803819,51.825516],[4.803911,51.825635],[4.804021,51.825749],[4.804148,51.825855],[4.804292,51.825953],[4.80445,51.826042],[4.804622,51.82612],[4.804806,51.826188],[4.804999,51.826245],[4.8052,51.826289],[4.805408,51.826322],[4.80562,51.826341],[4.805833,51.826347]]]}},{"type":"Feature","properties":{"identifier":"6.7.192","name":"geografische zone van een beveiligd gebied of een locatie met vitale processen","restriction":"CONDITIONAL","rule":"OPEN cat. vluchten zijn hier verboden SPEC cat. vluchten vereisen een privilege op de exploitatievergunning","category":"beveiligd","source":"AIP Nederland ENR 5.3, ED-269, 22 juli 2024"},"geometry":{"type":"Polygon","coordinates":[[[4.788056,52.121625],[4.788271,52.121619],[4.788484,52.121599],[4.788693,52.121567],[4.788895,52.121523],[4.78909,52.121466],[4.789275,52.121398],[4.789448,52.121319],[4.789607,52.121231],[4.789752,52.121133],[4.78988,52.121026],[4.789991,52.120913],[4.790083,52.120793],[4.790156,52.120669],[4.790208,52.120541],[4.79024,52.12041],[4.79025,52.120278],[4.79024,52.120146],[4.790208,52.120015],[4.790156,52.119887],[4.790083,52.119762],[4.789991,52.119643],[4.78988,52.119529],[4.789752,52.119423],[4.789607,52.119325],[4.789448,52.119236],[4.789275,52.119157],[4.78909,52.119089],[4.788895,52.119033],[4.788693,52.118988],[4.788484,52.118956],[4.788271,52.118937],[4.788056,52.11893],[4.78784,52.118937],[4.787627,52.118956],[4.787419,52.118988],[4.787216,52.119033],[4.787021,52.119089],[4.786836,52.119157],[4.786663,52.119236],[4.786504,52.119325],[4.786359,52.119423],[4.786231,52.119529],[4.78612,52.119643],[4.786028,52.119762],[4.785955,52.119887],[4.785903,52.120015],[4.785872,52.120146],[4.785861,52.120278],[4.785872,52.12041],[4.785903,52.120541],[4.785955,52.120669],[4.786028,52.120793],[4.78612,52.120913],[4.786231,52.121026],[4.786359,52.121133],[4.786504,52.121231],[4.786663,52.121319],[4.786836,52.121398],[4.787021,52.121466],[4.787216,52.121523],[4.787419,52.121567],[4.787627,52.121599],[4.78784,52.121619],[4.788056,52.121625]]]}},{"type":"Feature","properties":{"identifier":"6.7.193","name":"geografische zone van een beveiligd gebied of een locatie met vitale processen","restriction":"CONDITIONAL","rule":"OPEN cat. vluchten zijn hier verboden SPEC cat. vluchten vereisen een privilege op de exploitatievergunning","category":"beveiligd","source":"AIP Nederland ENR 5.3, ED-269, 22 juli 2024"},"geometry":{"type":"Polygon","coordinates":[[[4.862778,52.095792],[4.862993,52.095785],[4.863206,52.095766],[4.863414,52.095734],[4.863617,52.095689],[4.863812,52.095633],[4.863996,52.095565],[4.864169,52.095486],[4.864329,52.095397],[4.864473,52.095299],[4.864601,52.095193],[4.864712,52.09508],[4.864804,52.09496],[4.864877,52.094836],[4.864929,52.094707],[4.864961,52.094577],[4.864971,52.094444],[4.864961,52.094312],[4.864929,52.094182],[4.864877,52.094053],[4.864804,52.093929],[4.864712,52.093809],[4.864601,52.093696],[4.864473,52.09359],[4.864329,52.093492],[4.864169,52.093403],[4.863996,52.093324],[4.863812,52.093256],[4.863617,52.0932],[4.863414,52.093155],[4.863206,52.093123],[4.862993,52.093103],[4.862778,52.093097],[4.862563,52.093103],[4.86235,52.093123],[4.862141,52.093155],[4.861938,52.0932],[4.861744,52.093256],[4.861559,52.093324],[4.861386,52.093403],[4.861227,52.093492],[4.861082,52.09359],[4.860954,52.093696],[4.860843,52.093809],[4.860751,52.093929],[4.860679,52.094053],[4.860627,52.094182],[4.860595,52.094312],[4.860584,52.094444],[4.860595,52.094577],[4.860627,52.094707],[4.860679,52.094836],[4.860751,52.09496],[4.860843,52.09508],[4.860954,52.095193],[4.861082,52.095299],[4.861227,52.095397],[4.861386,52.095486],[4.861559,52.095565],[4.861744,52.095633],[4.861938,52.095689],[4.862141,52.095734],[4.86235,52.095766],[4.862563,52.095785],[4.862778,52.095792]]]}},{"type":"Feature","properties":{"identifier":"6.7.194","name":"geografische zone van een beveiligd gebied of een locatie met vitale processen","restriction":"CONDITIONAL","rule":"OPEN cat. vluchten zijn hier verboden SPEC cat. vluchten vereisen een privilege op de exploitatievergunning","category":"beveiligd","source":"AIP Nederland ENR 5.3, ED-269, 22 juli 2024"},"geometry":{"type":"Polygon","coordinates":[[[5.036667,51.958847],[5.036881,51.958841],[5.037093,51.958822],[5.037301,51.958789],[5.037503,51.958745],[5.037697,51.958688],[5.037881,51.95862],[5.038054,51.958542],[5.038213,51.958453],[5.038357,51.958355],[5.038485,51.958249],[5.038595,51.958135],[5.038687,51.958016],[5.038759,51.957891],[5.038811,51.957763],[5.038843,51.957632],[5.038853,51.9575],[5.038843,51.957368],[5.038811,51.957237],[5.038759,51.957109],[5.038687,51.956984],[5.038595,51.956865],[5.038485,51.956751],[5.038357,51.956645],[5.038213,51.956547],[5.038054,51.956458],[5.037881,51.95638],[5.037697,51.956312],[5.037503,51.956255],[5.037301,51.956211],[5.037093,51.956178],[5.036881,51.956159],[5.036667,51.956153],[5.036452,51.956159],[5.03624,51.956178],[5.036032,51.956211],[5.03583,51.956255],[5.035636,51.956312],[5.035452,51.95638],[5.03528,51.956458],[5.035121,51.956547],[5.034976,51.956645],[5.034849,51.956751],[5.034738,51.956865],[5.034647,51.956984],[5.034574,51.957109],[5.034522,51.957237],[5.034491,51.957368],[5.03448,51.9575],[5.034491,51.957632],[5.034522,51.957763],[5.034574,51.957891],[5.034647,51.958016],[5.034738,51.958135],[5.034849,51.958249],[5.034976,51.958355],[5.035121,51.958453],[5.03528,51.958542],[5.035452,51.95862],[5.035636,51.958688],[5.03583,51.958745],[5.036032,51.958789],[5.03624,51.958822],[5.036452,51.958841],[5.036667,51.958847]]]}},{"type":"Feature","properties":{"identifier":"6.7.195","name":"geografische zone van een beveiligd gebied of een locatie met vitale processen","restriction":"CONDITIONAL","rule":"OPEN cat. vluchten zijn hier verboden SPEC cat. vluchten vereisen een privilege op de exploitatievergunning","category":"beveiligd","source":"AIP Nederland ENR 5.3, ED-269, 22 juli 2024"},"geometry":{"type":"Polygon","coordinates":[[[4.668611,51.883292],[4.668825,51.883285],[4.669037,51.883266],[4.669245,51.883234],[4.669446,51.883189],[4.66964,51.883133],[4.669824,51.883065],[4.669996,51.882986],[4.670155,51.882897],[4.670299,51.882799],[4.670426,51.882693],[4.670536,51.88258],[4.670628,51.88246],[4.6707,51.882336],[4.670752,51.882207],[4.670784,51.882077],[4.670794,51.881944],[4.670784,51.881812],[4.670752,51.881682],[4.6707,51.881553],[4.670628,51.881429],[4.670536,51.881309],[4.670426,51.881196],[4.670299,51.88109],[4.670155,51.880992],[4.669996,51.880903],[4.669824,51.880824],[4.66964,51.880756],[4.669446,51.8807],[4.669245,51.880655],[4.669037,51.880623],[4.668825,51.880603],[4.668611,51.880597],[4.668397,51.880603],[4.668185,51.880623],[4.667977,51.880655],[4.667776,51.8807],[4.667582,51.880756],[4.667398,51.880824],[4.667226,51.880903],[4.667068,51.880992],[4.666924,51.88109],[4.666796,51.881196],[4.666686,51.881309],[4.666594,51.881429],[4.666522,51.881553],[4.66647,51.881682],[4.666439,51.881812],[4.666428,51.881944],[4.666439,51.882077],[4.66647,51.882207],[4.666522,51.882336],[4.666594,51.88246],[4.666686,51.88258],[4.666796,51.882693],[4.666924,51.882799],[4.667068,51.882897],[4.667226,51.882986],[4.667398,51.883065],[4.667582,51.883133],[4.667776,51.883189],[4.667977,51.883234],[4.668185,51.883266],[4.668397,51.883285],[4.668611,51.883292]]]}},{"type":"Feature","properties":{"identifier":"6.7.196","name":"geografische zone van een beveiligd gebied of een locatie met vitale processen","restriction":"CONDITIONAL","rule":"OPEN cat. vluchten zijn hier verboden SPEC cat. vluchten vereisen een privilege op de exploitatievergunning","category":"beveiligd","source":"AIP Nederland ENR 5.3, ED-269, 22 juli 2024"},"geometry":{"type":"Polygon","coordinates":[[[4.935556,51.936347],[4.93577,51.936341],[4.935982,51.936322],[4.93619,51.936289],[4.936392,51.936245],[4.936586,51.936188],[4.93677,51.93612],[4.936942,51.936042],[4.937101,51.935953],[4.937245,51.935855],[4.937373,51.935749],[4.937483,51.935635],[4.937575,51.935516],[4.937647,51.935391],[4.937699,51.935263],[4.937731,51.935132],[4.937741,51.935],[4.937731,51.934868],[4.937699,51.934737],[4.937647,51.934609],[4.937575,51.934484],[4.937483,51.934365],[4.937373,51.934251],[4.937245,51.934145],[4.937101,51.934047],[4.936942,51.933958],[4.93677,51.93388],[4.936586,51.933812],[4.936392,51.933755],[4.93619,51.933711],[4.935982,51.933678],[4.93577,51.933659],[4.935556,51.933653],[4.935341,51.933659],[4.935129,51.933678],[4.934921,51.933711],[4.934719,51.933755],[4.934525,51.933812],[4.934341,51.93388],[4.934169,51.933958],[4.93401,51.934047],[4.933866,51.934145],[4.933738,51.934251],[4.933628,51.934365],[4.933536,51.934484],[4.933464,51.934609],[4.933412,51.934737],[4.933381,51.934868],[4.93337,51.935],[4.933381,51.935132],[4.933412,51.935263],[4.933464,51.935391],[4.933536,51.935516],[4.933628,51.935635],[4.933738,51.935749],[4.933866,51.935855],[4.93401,51.935953],[4.934169,51.936042],[4.934341,51.93612],[4.934525,51.936188],[4.934719,51.936245],[4.934921,51.936289],[4.935129,51.936322],[4.935341,51.936341],[4.935556,51.936347]]]}},{"type":"Feature","properties":{"identifier":"6.7.197","name":"geografische zone van een beveiligd gebied of een locatie met vitale processen","restriction":"CONDITIONAL","rule":"OPEN cat. vluchten zijn hier verboden SPEC cat. vluchten vereisen een privilege op de exploitatievergunning","category":"beveiligd","source":"AIP Nederland ENR 5.3, ED-269, 22 juli 2024"},"geometry":{"type":"Polygon","coordinates":[[[4.593333,51.882459],[4.593547,51.882452],[4.593759,51.882433],[4.593967,51.882401],[4.594169,51.882356],[4.594362,51.882299],[4.594546,51.882231],[4.594718,51.882153],[4.594877,51.882064],[4.595021,51.881966],[4.595148,51.88186],[4.595258,51.881746],[4.59535,51.881627],[4.595422,51.881502],[4.595474,51.881374],[4.595506,51.881243],[4.595516,51.881111],[4.595506,51.880979],[4.595474,51.880848],[4.595422,51.88072],[4.59535,51.880595],[4.595258,51.880476],[4.595148,51.880362],[4.595021,51.880256],[4.594877,51.880158],[4.594718,51.88007],[4.594546,51.879991],[4.594362,51.879923],[4.594169,51.879866],[4.593967,51.879822],[4.593759,51.87979],[4.593547,51.87977],[4.593333,51.879764],[4.593119,51.87977],[4.592907,51.87979],[4.5927,51.879822],[4.592498,51.879866],[4.592304,51.879923],[4.592121,51.879991],[4.591949,51.88007],[4.59179,51.880158],[4.591646,51.880256],[4.591518,51.880362],[4.591408,51.880476],[4.591317,51.880595],[4.591244,51.88072],[4.591192,51.880848],[4.591161,51.880979],[4.59115,51.881111],[4.591161,51.881243],[4.591192,51.881374],[4.591244,51.881502],[4.591317,51.881627],[4.591408,51.881746],[4.591518,51.88186],[4.591646,51.881966],[4.59179,51.882064],[4.591949,51.882153],[4.592121,51.882231],[4.592304,51.882299],[4.592498,51.882356],[4.5927,51.882401],[4.592907,51.882433],[4.593119,51.882452],[4.593333,51.882459]]]}},{"type":"Feature","properties":{"identifier":"6.7.198","name":"geografische zone van een beveiligd gebied of een locatie met vitale processen","restriction":"CONDITIONAL","rule":"OPEN cat. vluchten zijn hier verboden SPEC cat. vluchten vereisen een privilege op de exploitatievergunning","category":"beveiligd","source":"AIP Nederland ENR 5.3, ED-269, 22 juli 2024"},"geometry":{"type":"Polygon","coordinates":[[[4.811111,51.938292],[4.811325,51.938285],[4.811537,51.938266],[4.811746,51.938234],[4.811947,51.938189],[4.812141,51.938133],[4.812325,51.938065],[4.812498,51.937986],[4.812657,51.937897],[4.812801,51.937799],[4.812928,51.937693],[4.813039,51.93758],[4.81313,51.93746],[4.813203,51.937336],[4.813255,51.937207],[4.813286,51.937077],[4.813297,51.936944],[4.813286,51.936812],[4.813255,51.936682],[4.813203,51.936553],[4.81313,51.936429],[4.813039,51.936309],[4.812928,51.936196],[4.812801,51.93609],[4.812657,51.935992],[4.812498,51.935903],[4.812325,51.935824],[4.812141,51.935756],[4.811947,51.9357],[4.811746,51.935655],[4.811537,51.935623],[4.811325,51.935603],[4.811111,51.935597],[4.810897,51.935603],[4.810685,51.935623],[4.810477,51.935655],[4.810275,51.9357],[4.810081,51.935756],[4.809897,51.935824],[4.809725,51.935903],[4.809566,51.935992],[4.809422,51.93609],[4.809294,51.936196],[4.809184,51.936309],[4.809092,51.936429],[4.80902,51.936553],[4.808968,51.936682],[4.808936,51.936812],[4.808926,51.936944],[4.808936,51.937077],[4.808968,51.937207],[4.80902,51.937336],[4.809092,51.93746],[4.809184,51.93758],[4.809294,51.937693],[4.809422,51.937799],[4.809566,51.937897],[4.809725,51.937986],[4.809897,51.938065],[4.810081,51.938133],[4.810275,51.938189],[4.810477,51.938234],[4.810685,51.938266],[4.810897,51.938285],[4.811111,51.938292]]]}},{"type":"Feature","properties":{"identifier":"6.7.199","name":"geografische zone van een beveiligd gebied of een locatie met vitale processen","restriction":"CONDITIONAL","rule":"OPEN cat. vluchten zijn hier verboden SPEC cat. vluchten vereisen een privilege op de exploitatievergunning","category":"beveiligd","source":"AIP Nederland ENR 5.3, ED-269, 22 juli 2024"},"geometry":{"type":"Polygon","coordinates":[[[4.642222,51.895792],[4.642436,51.895785],[4.642648,51.895766],[4.642856,51.895734],[4.643058,51.895689],[4.643252,51.895633],[4.643435,51.895565],[4.643607,51.895486],[4.643766,51.895397],[4.64391,51.895299],[4.644038,51.895193],[4.644148,51.89508],[4.64424,51.89496],[4.644312,51.894836],[4.644364,51.894707],[4.644395,51.894577],[4.644406,51.894444],[4.644395,51.894312],[4.644364,51.894182],[4.644312,51.894053],[4.64424,51.893929],[4.644148,51.893809],[4.644038,51.893696],[4.64391,51.89359],[4.643766,51.893492],[4.643607,51.893403],[4.643435,51.893324],[4.643252,51.893256],[4.643058,51.8932],[4.642856,51.893155],[4.642648,51.893123],[4.642436,51.893103],[4.642222,51.893097],[4.642008,51.893103],[4.641796,51.893123],[4.641588,51.893155],[4.641387,51.8932],[4.641193,51.893256],[4.641009,51.893324],[4.640837,51.893403],[4.640678,51.893492],[4.640534,51.89359],[4.640407,51.893696],[4.640297,51.893809],[4.640205,51.893929],[4.640133,51.894053],[4.640081,51.894182],[4.640049,51.894312],[4.640039,51.894444],[4.640049,51.894577],[4.640081,51.894707],[4.640133,51.894836],[4.640205,51.89496],[4.640297,51.89508],[4.640407,51.895193],[4.640534,51.895299],[4.640678,51.895397],[4.640837,51.895486],[4.641009,51.895565],[4.641193,51.895633],[4.641387,51.895689],[4.641588,51.895734],[4.641796,51.895766],[4.642008,51.895785],[4.642222,51.895792]]]}},{"type":"Feature","properties":{"identifier":"6.7.200","name":"geografische zone van een beveiligd gebied of een locatie met vitale processen","restriction":"CONDITIONAL","rule":"OPEN cat. vluchten zijn hier verboden SPEC cat. vluchten vereisen een privilege op de exploitatievergunning","category":"beveiligd","source":"AIP Nederland ENR 5.3, ED-269, 22 juli 2024"},"geometry":{"type":"Polygon","coordinates":[[[5.926944,51.188847],[5.927155,51.188841],[5.927364,51.188822],[5.927569,51.188789],[5.927767,51.188745],[5.927958,51.188688],[5.928139,51.18862],[5.928308,51.188542],[5.928465,51.188453],[5.928606,51.188355],[5.928732,51.188249],[5.92884,51.188135],[5.928931,51.188016],[5.929002,51.187891],[5.929053,51.187763],[5.929084,51.187632],[5.929094,51.1875],[5.929084,51.187368],[5.929053,51.187237],[5.929002,51.187109],[5.928931,51.186984],[5.92884,51.186865],[5.928732,51.186751],[5.928606,51.186645],[5.928465,51.186547],[5.928308,51.186458],[5.928139,51.18638],[5.927958,51.186312],[5.927767,51.186255],[5.927569,51.186211],[5.927364,51.186178],[5.927155,51.186159],[5.926944,51.186153],[5.926734,51.186159],[5.926525,51.186178],[5.92632,51.186211],[5.926122,51.186255],[5.925931,51.186312],[5.92575,51.18638],[5.925581,51.186458],[5.925424,51.186547],[5.925283,51.186645],[5.925157,51.186751],[5.925048,51.186865],[5.924958,51.186984],[5.924887,51.187109],[5.924836,51.187237],[5.924805,51.187368],[5.924795,51.1875],[5.924805,51.187632],[5.924836,51.187763],[5.924887,51.187891],[5.924958,51.188016],[5.925048,51.188135],[5.925157,51.188249],[5.925283,51.188355],[5.925424,51.188453],[5.925581,51.188542],[5.92575,51.18862],[5.925931,51.188688],[5.926122,51.188745],[5.92632,51.188789],[5.926525,51.188822],[5.926734,51.188841],[5.926944,51.188847]]]}},{"type":"Feature","properties":{"identifier":"6.7.201","name":"geografische zone van een beveiligd gebied of een locatie met vitale processen","restriction":"CONDITIONAL","rule":"OPEN cat. vluchten zijn hier verboden SPEC cat. vluchten vereisen een privilege op de exploitatievergunning","category":"beveiligd","source":"AIP Nederland ENR 5.3, ED-269, 22 juli 2024"},"geometry":{"type":"Polygon","coordinates":[[[5.038056,52.202459],[5.038271,52.202452],[5.038484,52.202433],[5.038694,52.202401],[5.038897,52.202356],[5.039092,52.202299],[5.039277,52.202231],[5.03945,52.202153],[5.03961,52.202064],[5.039755,52.201966],[5.039884,52.20186],[5.039995,52.201746],[5.040087,52.201627],[5.040159,52.201502],[5.040212,52.201374],[5.040244,52.201243],[5.040254,52.201111],[5.040244,52.200979],[5.040212,52.200848],[5.040159,52.20072],[5.040087,52.200595],[5.039995,52.200476],[5.039884,52.200362],[5.039755,52.200256],[5.03961,52.200158],[5.03945,52.20007],[5.039277,52.199991],[5.039092,52.199923],[5.038897,52.199866],[5.038694,52.199822],[5.038484,52.19979],[5.038271,52.19977],[5.038056,52.199764],[5.03784,52.19977],[5.037627,52.19979],[5.037417,52.199822],[5.037214,52.199866],[5.037019,52.199923],[5.036834,52.199991],[5.036661,52.20007],[5.036501,52.200158],[5.036356,52.200256],[5.036228,52.200362],[5.036117,52.200476],[5.036024,52.200595],[5.035952,52.20072],[5.035899,52.200848],[5.035868,52.200979],[5.035857,52.201111],[5.035868,52.201243],[5.035899,52.201374],[5.035952,52.201502],[5.036024,52.201627],[5.036117,52.201746],[5.036228,52.20186],[5.036356,52.201966],[5.036501,52.202064],[5.036661,52.202153],[5.036834,52.202231],[5.037019,52.202299],[5.037214,52.202356],[5.037417,52.202401],[5.037627,52.202433],[5.03784,52.202452],[5.038056,52.202459]]]}},{"type":"Feature","properties":{"identifier":"6.7.202","name":"geografische zone van een beveiligd gebied of een locatie met vitale processen","restriction":"CONDITIONAL","rule":"OPEN cat. vluchten zijn hier verboden SPEC cat. vluchten vereisen een privilege op de exploitatievergunning","category":"beveiligd","source":"AIP Nederland ENR 5.3, ED-269, 22 juli 2024"},"geometry":{"type":"Polygon","coordinates":[[[4.551631,51.561589],[4.551843,51.561583],[4.552053,51.561563],[4.55226,51.561531],[4.55246,51.561487],[4.552652,51.56143],[4.552835,51.561362],[4.553006,51.561283],[4.553163,51.561194],[4.553306,51.561096],[4.553433,51.56099],[4.553542,51.560877],[4.553633,51.560757],[4.553705,51.560633],[4.553756,51.560505],[4.553788,51.560374],[4.553798,51.560242],[4.553788,51.56011],[4.553756,51.559979],[4.553705,51.559851],[4.553633,51.559726],[4.553542,51.559606],[4.553433,51.559493],[4.553306,51.559387],[4.553163,51.559289],[4.553006,51.5592],[4.552835,51.559121],[4.552652,51.559053],[4.55246,51.558997],[4.55226,51.558952],[4.552053,51.55892],[4.551843,51.558901],[4.551631,51.558894],[4.551418,51.558901],[4.551208,51.55892],[4.551001,51.558952],[4.550801,51.558997],[4.550609,51.559053],[4.550426,51.559121],[4.550256,51.5592],[4.550098,51.559289],[4.549955,51.559387],[4.549828,51.559493],[4.549719,51.559606],[4.549628,51.559726],[4.549556,51.559851],[4.549505,51.559979],[4.549474,51.56011],[4.549463,51.560242],[4.549474,51.560374],[4.549505,51.560505],[4.549556,51.560633],[4.549628,51.560757],[4.549719,51.560877],[4.549828,51.56099],[4.549955,51.561096],[4.550098,51.561194],[4.550256,51.561283],[4.550426,51.561362],[4.550609,51.56143],[4.550801,51.561487],[4.551001,51.561531],[4.551208,51.561563],[4.551418,51.561583],[4.551631,51.561589]]]}},{"type":"Feature","properties":{"identifier":"6.7.203","name":"geografische zone van een beveiligd gebied of een locatie met vitale processen","restriction":"CONDITIONAL","rule":"OPEN cat. vluchten zijn hier verboden SPEC cat. vluchten vereisen een privilege op de exploitatievergunning","category":"beveiligd","source":"AIP Nederland ENR 5.3, ED-269, 22 juli 2024"},"geometry":{"type":"Polygon","coordinates":[[[5.061111,51.813422],[5.06161,51.813407],[5.062103,51.813361],[5.062587,51.813286],[5.063057,51.813183],[5.063508,51.813051],[5.063936,51.812892],[5.064337,51.812708],[5.064707,51.812501],[5.065042,51.812272],[5.065339,51.812025],[5.065596,51.81176],[5.065809,51.811481],[5.065977,51.81119],[5.066099,51.810891],[5.066172,51.810586],[5.066196,51.810278],[5.066172,51.80997],[5.066099,51.809664],[5.065977,51.809365],[5.065809,51.809075],[5.065596,51.808796],[5.065339,51.808531],[5.065042,51.808283],[5.064707,51.808055],[5.064337,51.807847],[5.063936,51.807664],[5.063508,51.807505],[5.063057,51.807373],[5.062587,51.807269],[5.062103,51.807194],[5.06161,51.807149],[5.061111,51.807134],[5.060613,51.807149],[5.060119,51.807194],[5.059635,51.807269],[5.059165,51.807373],[5.058714,51.807505],[5.058286,51.807664],[5.057885,51.807847],[5.057515,51.808055],[5.05718,51.808283],[5.056883,51.808531],[5.056626,51.808796],[5.056413,51.809075],[5.056245,51.809365],[5.056123,51.809664],[5.05605,51.80997],[5.056026,51.810278],[5.05605,51.810586],[5.056123,51.810891],[5.056245,51.81119],[5.056413,51.811481],[5.056626,51.81176],[5.056883,51.812025],[5.05718,51.812272],[5.057515,51.812501],[5.057885,51.812708],[5.058286,51.812892],[5.058714,51.813051],[5.059165,51.813183],[5.059635,51.813286],[5.060119,51.813361],[5.060613,51.813407],[5.061111,51.813422]]]}},{"type":"Feature","properties":{"identifier":"6.7.204","name":"geografische zone van een beveiligd gebied of een locatie met vitale processen","restriction":"CONDITIONAL","rule":"OPEN cat. vluchten zijn hier verboden SPEC cat. vluchten vereisen een privilege op de exploitatievergunning","category":"beveiligd","source":"AIP Nederland ENR 5.3, ED-269, 22 juli 2024"},"geometry":{"type":"Polygon","coordinates":[[[5.061111,51.810922],[5.06161,51.810907],[5.062103,51.810861],[5.062587,51.810786],[5.063057,51.810683],[5.063508,51.810551],[5.063936,51.810392],[5.064337,51.810208],[5.064707,51.810001],[5.065042,51.809772],[5.065339,51.809525],[5.065596,51.80926],[5.065809,51.808981],[5.065977,51.80869],[5.066098,51.808391],[5.066172,51.808086],[5.066196,51.807778],[5.066172,51.80747],[5.066098,51.807164],[5.065977,51.806865],[5.065809,51.806575],[5.065596,51.806296],[5.065339,51.806031],[5.065042,51.805783],[5.064707,51.805555],[5.064337,51.805347],[5.063936,51.805164],[5.063508,51.805005],[5.063057,51.804873],[5.062587,51.804769],[5.062103,51.804694],[5.06161,51.804649],[5.061111,51.804634],[5.060613,51.804649],[5.060119,51.804694],[5.059635,51.804769],[5.059165,51.804873],[5.058714,51.805005],[5.058286,51.805164],[5.057885,51.805347],[5.057515,51.805555],[5.05718,51.805783],[5.056883,51.806031],[5.056626,51.806296],[5.056413,51.806575],[5.056245,51.806865],[5.056124,51.807164],[5.056051,51.80747],[5.056026,51.807778],[5.056051,51.808086],[5.056124,51.808391],[5.056245,51.80869],[5.056413,51.808981],[5.056626,51.80926],[5.056883,51.809525],[5.05718,51.809772],[5.057515,51.810001],[5.057885,51.810208],[5.058286,51.810392],[5.058714,51.810551],[5.059165,51.810683],[5.059635,51.810786],[5.060119,51.810861],[5.060613,51.810907],[5.061111,51.810922]]]}},{"type":"Feature","properties":{"identifier":"6.7.205","name":"geografische zone van een beveiligd gebied of een locatie met vitale processen","restriction":"CONDITIONAL","rule":"OPEN cat. vluchten zijn hier verboden SPEC cat. vluchten vereisen een privilege op de exploitatievergunning","category":"beveiligd","source":"AIP Nederland ENR 5.3, ED-269, 22 juli 2024"},"geometry":{"type":"Polygon","coordinates":[[[5.061111,51.805366],[5.061609,51.805351],[5.062103,51.805306],[5.062587,51.805231],[5.063057,51.805127],[5.063508,51.804995],[5.063936,51.804836],[5.064337,51.804653],[5.064706,51.804445],[5.065041,51.804217],[5.065339,51.803969],[5.065595,51.803704],[5.065809,51.803425],[5.065977,51.803135],[5.066098,51.802836],[5.066171,51.80253],[5.066196,51.802222],[5.066171,51.801914],[5.066098,51.801609],[5.065977,51.80131],[5.065809,51.801019],[5.065595,51.80074],[5.065339,51.800475],[5.065041,51.800228],[5.064706,51.799999],[5.064337,51.799792],[5.063936,51.799608],[5.063508,51.799449],[5.063057,51.799317],[5.062587,51.799214],[5.062103,51.799139],[5.061609,51.799093],[5.061111,51.799078],[5.060613,51.799093],[5.060119,51.799139],[5.059635,51.799214],[5.059165,51.799317],[5.058714,51.799449],[5.058286,51.799608],[5.057886,51.799792],[5.057516,51.799999],[5.057181,51.800228],[5.056884,51.800475],[5.056627,51.80074],[5.056414,51.801019],[5.056246,51.80131],[5.056124,51.801609],[5.056051,51.801914],[5.056027,51.802222],[5.056051,51.80253],[5.056124,51.802836],[5.056246,51.803135],[5.056414,51.803425],[5.056627,51.803704],[5.056884,51.803969],[5.057181,51.804217],[5.057516,51.804445],[5.057886,51.804653],[5.058286,51.804836],[5.058714,51.804995],[5.059165,51.805127],[5.059635,51.805231],[5.060119,51.805306],[5.060613,51.805351],[5.061111,51.805366]]]}},{"type":"Feature","properties":{"identifier":"6.7.206","name":"geografische zone van een beveiligd gebied of een locatie met vitale processen","restriction":"CONDITIONAL","rule":"OPEN cat. vluchten zijn hier verboden SPEC cat. vluchten vereisen een privilege op de exploitatievergunning","category":"beveiligd","source":"AIP Nederland ENR 5.3, ED-269, 22 juli 2024"},"geometry":{"type":"Polygon","coordinates":[[[5.061111,51.8012],[5.061609,51.801185],[5.062103,51.801139],[5.062587,51.801064],[5.063057,51.80096],[5.063508,51.800828],[5.063936,51.80067],[5.064336,51.800486],[5.064706,51.800279],[5.065041,51.80005],[5.065338,51.799802],[5.065595,51.799538],[5.065808,51.799259],[5.065976,51.798968],[5.066097,51.798669],[5.066171,51.798364],[5.066195,51.798056],[5.066171,51.797747],[5.066097,51.797442],[5.065976,51.797143],[5.065808,51.796852],[5.065595,51.796573],[5.065338,51.796309],[5.065041,51.796061],[5.064706,51.795832],[5.064336,51.795625],[5.063936,51.795441],[5.063508,51.795283],[5.063057,51.795151],[5.062587,51.795047],[5.062103,51.794972],[5.061609,51.794927],[5.061111,51.794911],[5.060613,51.794927],[5.060119,51.794972],[5.059635,51.795047],[5.059166,51.795151],[5.058715,51.795283],[5.058287,51.795441],[5.057886,51.795625],[5.057516,51.795832],[5.057181,51.796061],[5.056884,51.796309],[5.056627,51.796573],[5.056414,51.796852],[5.056246,51.797143],[5.056125,51.797442],[5.056052,51.797747],[5.056027,51.798056],[5.056052,51.798364],[5.056125,51.798669],[5.056246,51.798968],[5.056414,51.799259],[5.056627,51.799538],[5.056884,51.799802],[5.057181,51.80005],[5.057516,51.800279],[5.057886,51.800486],[5.058287,51.80067],[5.058715,51.800828],[5.059166,51.80096],[5.059635,51.801064],[5.060119,51.801139],[5.060613,51.801185],[5.061111,51.8012]]]}},{"type":"Feature","properties":{"identifier":"6.7.207","name":"geografische zone van een beveiligd gebied of een locatie met vitale processen","restriction":"CONDITIONAL","rule":"OPEN cat. vluchten zijn hier verboden SPEC cat. vluchten vereisen een privilege op de exploitatievergunning","category":"beveiligd","source":"AIP Nederland ENR 5.3, ED-269, 22 juli 2024"},"geometry":{"type":"Polygon","coordinates":[[[5.054722,51.796477],[5.05522,51.796462],[5.055714,51.796417],[5.056198,51.796342],[5.056668,51.796238],[5.057119,51.796106],[5.057546,51.795948],[5.057947,51.795764],[5.058317,51.795557],[5.058652,51.795328],[5.058949,51.79508],[5.059205,51.794815],[5.059419,51.794537],[5.059587,51.794246],[5.059708,51.793947],[5.059781,51.793642],[5.059806,51.793333],[5.059781,51.793025],[5.059708,51.79272],[5.059587,51.792421],[5.059419,51.79213],[5.059205,51.791851],[5.058949,51.791587],[5.058652,51.791339],[5.058317,51.79111],[5.057947,51.790903],[5.057546,51.790719],[5.057119,51.79056],[5.056668,51.790429],[5.056198,51.790325],[5.055714,51.79025],[5.05522,51.790204],[5.054722,51.790189],[5.054224,51.790204],[5.05373,51.79025],[5.053247,51.790325],[5.052777,51.790429],[5.052326,51.79056],[5.051898,51.790719],[5.051497,51.790903],[5.051128,51.79111],[5.050793,51.791339],[5.050496,51.791587],[5.050239,51.791851],[5.050026,51.79213],[5.049858,51.792421],[5.049736,51.79272],[5.049663,51.793025],[5.049639,51.793333],[5.049663,51.793642],[5.049736,51.793947],[5.049858,51.794246],[5.050026,51.794537],[5.050239,51.794815],[5.050496,51.79508],[5.050793,51.795328],[5.051128,51.795557],[5.051497,51.795764],[5.051898,51.795948],[5.052326,51.796106],[5.052777,51.796238],[5.053247,51.796342],[5.05373,51.796417],[5.054224,51.796462],[5.054722,51.796477]]]}},{"type":"Feature","properties":{"identifier":"6.7.208","name":"geografische zone van een beveiligd gebied of een locatie met vitale processen","restriction":"CONDITIONAL","rule":"OPEN cat. vluchten zijn hier verboden SPEC cat. vluchten vereisen een privilege op de exploitatievergunning","category":"beveiligd","source":"AIP Nederland ENR 5.3, ED-269, 22 juli 2024"},"geometry":{"type":"Polygon","coordinates":[[[5.111389,52.032589],[5.11189,52.032573],[5.112386,52.032528],[5.112872,52.032453],[5.113344,52.032349],[5.113798,52.032217],[5.114228,52.032059],[5.114631,52.031875],[5.115002,52.031668],[5.115339,52.031439],[5.115638,52.031191],[5.115896,52.030927],[5.11611,52.030648],[5.116279,52.030357],[5.116401,52.030058],[5.116475,52.029753],[5.116499,52.029444],[5.116475,52.029136],[5.116401,52.028831],[5.116279,52.028532],[5.11611,52.028241],[5.115896,52.027962],[5.115638,52.027698],[5.115339,52.02745],[5.115002,52.027221],[5.114631,52.027014],[5.114228,52.02683],[5.113798,52.026672],[5.113344,52.02654],[5.112872,52.026436],[5.112386,52.026361],[5.11189,52.026315],[5.111389,52.0263],[5.110888,52.026315],[5.110392,52.026361],[5.109905,52.026436],[5.109433,52.02654],[5.10898,52.026672],[5.10855,52.02683],[5.108147,52.027014],[5.107775,52.027221],[5.107439,52.02745],[5.10714,52.027698],[5.106882,52.027962],[5.106668,52.028241],[5.106499,52.028532],[5.106377,52.028831],[5.106303,52.029136],[5.106279,52.029444],[5.106303,52.029753],[5.106377,52.030058],[5.106499,52.030357],[5.106668,52.030648],[5.106882,52.030927],[5.10714,52.031191],[5.107439,52.031439],[5.107775,52.031668],[5.108147,52.031875],[5.10855,52.032059],[5.10898,52.032217],[5.109433,52.032349],[5.109905,52.032453],[5.110392,52.032528],[5.110888,52.032573],[5.111389,52.032589]]]}},{"type":"Feature","properties":{"identifier":"6.7.209","name":"geografische zone van een beveiligd gebied of een locatie met vitale processen","restriction":"CONDITIONAL","rule":"OPEN cat. vluchten zijn hier verboden SPEC cat. vluchten vereisen een privilege op de exploitatievergunning","category":"beveiligd","source":"AIP Nederland ENR 5.3, ED-269, 22 juli 2024"},"geometry":{"type":"Polygon","coordinates":[[[5.004167,52.30838],[5.004887,52.308359],[5.0056,52.308294],[5.006299,52.308187],[5.006978,52.308039],[5.007629,52.30785],[5.008248,52.307623],[5.008827,52.307361],[5.009361,52.307065],[5.009845,52.306738],[5.010274,52.306384],[5.010645,52.306006],[5.010953,52.305608],[5.011196,52.305193],[5.011371,52.304765],[5.011477,52.304329],[5.011512,52.303889],[5.011477,52.303449],[5.011371,52.303013],[5.011196,52.302585],[5.010953,52.30217],[5.010645,52.301772],[5.010274,52.301394],[5.009845,52.301039],[5.009361,52.300713],[5.008827,52.300417],[5.008248,52.300154],[5.007629,52.299928],[5.006978,52.299739],[5.006299,52.299591],[5.0056,52.299484],[5.004887,52.299419],[5.004167,52.299397],[5.003447,52.299419],[5.002734,52.299484],[5.002034,52.299591],[5.001356,52.299739],[5.000704,52.299928],[5.000086,52.300154],[4.999507,52.300417],[4.998973,52.300713],[4.998489,52.301039],[4.998059,52.301394],[4.997689,52.301772],[4.99738,52.30217],[4.997137,52.302585],[4.996962,52.303013],[4.996857,52.303449],[4.996821,52.303889],[4.996857,52.304329],[4.996962,52.304765],[4.997137,52.305193],[4.99738,52.305608],[4.997689,52.306006],[4.998059,52.306384],[4.998489,52.306738],[4.998973,52.307065],[4.999507,52.307361],[5.000086,52.307623],[5.000704,52.30785],[5.001356,52.308039],[5.002034,52.308187],[5.002734,52.308294],[5.003447,52.308359],[5.004167,52.30838]]]}},{"type":"Feature","properties":{"identifier":"6.7.210","name":"geografische zone van een beveiligd gebied of een locatie met vitale processen","restriction":"CONDITIONAL","rule":"OPEN cat. vluchten zijn hier verboden SPEC cat. vluchten vereisen een privilege op de exploitatievergunning","category":"beveiligd","source":"AIP Nederland ENR 5.3, ED-269, 22 juli 2024"},"geometry":{"type":"Polygon","coordinates":[[[4.597222,52.351158],[4.597943,52.351137],[4.598657,52.351072],[4.599357,52.350965],[4.600036,52.350816],[4.600688,52.350628],[4.601307,52.350401],[4.601887,52.350139],[4.602421,52.349843],[4.602906,52.349516],[4.603336,52.349162],[4.603707,52.348784],[4.604015,52.348386],[4.604258,52.347971],[4.604434,52.347543],[4.604539,52.347107],[4.604575,52.346667],[4.604539,52.346226],[4.604434,52.34579],[4.604258,52.345363],[4.604015,52.344948],[4.603707,52.344549],[4.603336,52.344171],[4.602906,52.343817],[4.602421,52.343491],[4.601887,52.343195],[4.601307,52.342932],[4.600688,52.342705],[4.600036,52.342517],[4.599357,52.342368],[4.598657,52.342261],[4.597943,52.342197],[4.597222,52.342175],[4.596502,52.342197],[4.595788,52.342261],[4.595088,52.342368],[4.594409,52.342517],[4.593756,52.342705],[4.593137,52.342932],[4.592558,52.343195],[4.592023,52.343491],[4.591539,52.343817],[4.591109,52.344171],[4.590738,52.344549],[4.590429,52.344948],[4.590186,52.345363],[4.590011,52.34579],[4.589905,52.346226],[4.58987,52.346667],[4.589905,52.347107],[4.590011,52.347543],[4.590186,52.347971],[4.590429,52.348386],[4.590738,52.348784],[4.591109,52.349162],[4.591539,52.349516],[4.592023,52.349843],[4.592558,52.350139],[4.593137,52.350401],[4.593756,52.350628],[4.594409,52.350816],[4.595088,52.350965],[4.595788,52.351072],[4.596502,52.351137],[4.597222,52.351158]]]}},{"type":"Feature","properties":{"identifier":"6.7.211","name":"geografische zone van een beveiligd gebied of een locatie met vitale processen","restriction":"CONDITIONAL","rule":"OPEN cat. vluchten zijn hier verboden SPEC cat. vluchten vereisen een privilege op de exploitatievergunning","category":"beveiligd","source":"AIP Nederland ENR 5.3, ED-269, 22 juli 2024"},"geometry":{"type":"Polygon","coordinates":[[[5.110833,52.028103],[5.111549,52.028081],[5.112257,52.028016],[5.112952,52.027909],[5.113627,52.027761],[5.114274,52.027572],[5.114889,52.027346],[5.115464,52.027083],[5.115995,52.026787],[5.116476,52.026461],[5.116903,52.026106],[5.117271,52.025728],[5.117577,52.02533],[5.117818,52.024915],[5.117992,52.024487],[5.118098,52.024051],[5.118133,52.023611],[5.118098,52.023171],[5.117992,52.022735],[5.117818,52.022307],[5.117577,52.021892],[5.117271,52.021494],[5.116903,52.021116],[5.116476,52.020762],[5.115995,52.020435],[5.115464,52.020139],[5.114889,52.019877],[5.114274,52.01965],[5.113627,52.019461],[5.112952,52.019313],[5.112257,52.019206],[5.111549,52.019141],[5.110833,52.01912],[5.110118,52.019141],[5.109409,52.019206],[5.108714,52.019313],[5.10804,52.019461],[5.107392,52.01965],[5.106778,52.019877],[5.106203,52.020139],[5.105672,52.020435],[5.105191,52.020762],[5.104764,52.021116],[5.104396,52.021494],[5.10409,52.021892],[5.103848,52.022307],[5.103674,52.022735],[5.103569,52.023171],[5.103534,52.023611],[5.103569,52.024051],[5.103674,52.024487],[5.103848,52.024915],[5.10409,52.02533],[5.104396,52.025728],[5.104764,52.026106],[5.105191,52.026461],[5.105672,52.026787],[5.106203,52.027083],[5.106778,52.027346],[5.107392,52.027572],[5.10804,52.027761],[5.108714,52.027909],[5.109409,52.028016],[5.110118,52.028081],[5.110833,52.028103]]]}},{"type":"Feature","properties":{"identifier":"6.7.212","name":"geografische zone van een beveiligd gebied of een locatie met vitale processen","restriction":"CONDITIONAL","rule":"OPEN cat. vluchten zijn hier verboden SPEC cat. vluchten vereisen een privilege op de exploitatievergunning","category":"beveiligd","source":"AIP Nederland ENR 5.3, ED-269, 22 juli 2024"},"geometry":{"type":"Polygon","coordinates":[[[4.574722,52.347547],[4.575443,52.347526],[4.576157,52.347461],[4.576856,52.347354],[4.577536,52.347205],[4.578188,52.347017],[4.578807,52.34679],[4.579386,52.346528],[4.579921,52.346232],[4.580405,52.345905],[4.580835,52.345551],[4.581206,52.345173],[4.581515,52.344774],[4.581758,52.344359],[4.581933,52.343932],[4.582039,52.343496],[4.582074,52.343056],[4.582039,52.342615],[4.581933,52.342179],[4.581758,52.341752],[4.581515,52.341337],[4.581206,52.340938],[4.580835,52.34056],[4.580405,52.340206],[4.579921,52.33988],[4.579386,52.339584],[4.578807,52.339321],[4.578188,52.339094],[4.577536,52.338906],[4.576856,52.338757],[4.576157,52.33865],[4.575443,52.338586],[4.574722,52.338564],[4.574002,52.338586],[4.573288,52.33865],[4.572588,52.338757],[4.571909,52.338906],[4.571257,52.339094],[4.570638,52.339321],[4.570058,52.339584],[4.569524,52.33988],[4.569039,52.340206],[4.568609,52.34056],[4.568238,52.340938],[4.56793,52.341337],[4.567687,52.341752],[4.567511,52.342179],[4.567406,52.342615],[4.56737,52.343056],[4.567406,52.343496],[4.567511,52.343932],[4.567687,52.344359],[4.56793,52.344774],[4.568238,52.345173],[4.568609,52.345551],[4.569039,52.345905],[4.569524,52.346232],[4.570058,52.346528],[4.570638,52.34679],[4.571257,52.347017],[4.571909,52.347205],[4.572588,52.347354],[4.573288,52.347461],[4.574002,52.347526],[4.574722,52.347547]]]}},{"type":"Feature","properties":{"identifier":"6.7.213","name":"geografische zone van een beveiligd gebied of een locatie met vitale processen","restriction":"CONDITIONAL","rule":"OPEN cat. vluchten zijn hier verboden SPEC cat. vluchten vereisen een privilege op de exploitatievergunning","category":"beveiligd","source":"AIP Nederland ENR 5.3, ED-269, 22 juli 2024"},"geometry":{"type":"Polygon","coordinates":[[[4.579167,52.349769],[4.579887,52.349748],[4.580601,52.349683],[4.581301,52.349576],[4.58198,52.349427],[4.582633,52.349239],[4.583251,52.349012],[4.583831,52.34875],[4.584366,52.348454],[4.58485,52.348127],[4.58528,52.347773],[4.585651,52.347395],[4.585959,52.346997],[4.586202,52.346582],[4.586378,52.346154],[4.586484,52.345718],[4.586519,52.345278],[4.586484,52.344838],[4.586378,52.344402],[4.586202,52.343974],[4.585959,52.343559],[4.585651,52.34316],[4.58528,52.342782],[4.58485,52.342428],[4.584366,52.342102],[4.583831,52.341806],[4.583251,52.341543],[4.582633,52.341317],[4.58198,52.341128],[4.581301,52.34098],[4.580601,52.340873],[4.579887,52.340808],[4.579167,52.340786],[4.578446,52.340808],[4.577732,52.340873],[4.577032,52.34098],[4.576353,52.341128],[4.575701,52.341317],[4.575082,52.341543],[4.574502,52.341806],[4.573968,52.342102],[4.573483,52.342428],[4.573053,52.342782],[4.572682,52.34316],[4.572374,52.343559],[4.572131,52.343974],[4.571956,52.344402],[4.57185,52.344838],[4.571814,52.345278],[4.57185,52.345718],[4.571956,52.346154],[4.572131,52.346582],[4.572374,52.346997],[4.572682,52.347395],[4.573053,52.347773],[4.573483,52.348127],[4.573968,52.348454],[4.574502,52.34875],[4.575082,52.349012],[4.575701,52.349239],[4.576353,52.349427],[4.577032,52.349576],[4.577732,52.349683],[4.578446,52.349748],[4.579167,52.349769]]]}},{"type":"Feature","properties":{"identifier":"6.7.214","name":"geografische zone van een beveiligd gebied of een locatie met vitale processen","restriction":"CONDITIONAL","rule":"OPEN cat. vluchten zijn hier verboden SPEC cat. vluchten vereisen een privilege op de exploitatievergunning","category":"beveiligd","source":"AIP Nederland ENR 5.3, ED-269, 22 juli 2024"},"geometry":{"type":"Polygon","coordinates":[[[4.575556,52.354214],[4.576276,52.354192],[4.57699,52.354127],[4.57769,52.35402],[4.578369,52.353872],[4.579022,52.353683],[4.579641,52.353457],[4.58022,52.353194],[4.580755,52.352898],[4.58124,52.352572],[4.581669,52.352218],[4.58204,52.35184],[4.582349,52.351441],[4.582592,52.351026],[4.582767,52.350598],[4.582873,52.350162],[4.582909,52.349722],[4.582873,52.349282],[4.582767,52.348846],[4.582592,52.348418],[4.582349,52.348003],[4.58204,52.347605],[4.581669,52.347227],[4.58124,52.346873],[4.580755,52.346546],[4.58022,52.34625],[4.579641,52.345988],[4.579022,52.345761],[4.578369,52.345573],[4.57769,52.345424],[4.57699,52.345317],[4.576276,52.345252],[4.575556,52.345231],[4.574835,52.345252],[4.574121,52.345317],[4.573421,52.345424],[4.572742,52.345573],[4.572089,52.345761],[4.57147,52.345988],[4.570891,52.34625],[4.570356,52.346546],[4.569872,52.346873],[4.569442,52.347227],[4.569071,52.347605],[4.568762,52.348003],[4.568519,52.348418],[4.568344,52.348846],[4.568238,52.349282],[4.568202,52.349722],[4.568238,52.350162],[4.568344,52.350598],[4.568519,52.351026],[4.568762,52.351441],[4.569071,52.35184],[4.569442,52.352218],[4.569872,52.352572],[4.570356,52.352898],[4.570891,52.353194],[4.57147,52.353457],[4.572089,52.353683],[4.572742,52.353872],[4.573421,52.35402],[4.574121,52.354127],[4.574835,52.354192],[4.575556,52.354214]]]}},{"type":"Feature","properties":{"identifier":"6.7.215","name":"geografische zone van een beveiligd gebied of een locatie met vitale processen","restriction":"CONDITIONAL","rule":"OPEN cat. vluchten zijn hier verboden SPEC cat. vluchten vereisen een privilege op de exploitatievergunning","category":"beveiligd","source":"AIP Nederland ENR 5.3, ED-269, 22 juli 2024"},"geometry":{"type":"Polygon","coordinates":[[[4.773056,51.931075],[4.774198,51.931041],[4.775329,51.930937],[4.776438,51.930766],[4.777515,51.930528],[4.778549,51.930227],[4.77953,51.929864],[4.780448,51.929444],[4.781296,51.928971],[4.782063,51.928448],[4.782745,51.927882],[4.783333,51.927277],[4.783822,51.926639],[4.784207,51.925975],[4.784485,51.925291],[4.784652,51.924593],[4.784709,51.923889],[4.784652,51.923184],[4.784485,51.922487],[4.784207,51.921803],[4.783822,51.921139],[4.783333,51.920501],[4.782745,51.919896],[4.782063,51.91933],[4.781296,51.918807],[4.780448,51.918334],[4.77953,51.917914],[4.778549,51.917551],[4.777515,51.917249],[4.776438,51.917012],[4.775329,51.91684],[4.774198,51.916737],[4.773056,51.916702],[4.771913,51.916737],[4.770782,51.91684],[4.769673,51.917012],[4.768596,51.917249],[4.767562,51.917551],[4.766581,51.917914],[4.765663,51.918334],[4.764816,51.918807],[4.764048,51.91933],[4.763366,51.919896],[4.762778,51.920501],[4.76229,51.921139],[4.761904,51.921803],[4.761626,51.922487],[4.761459,51.923184],[4.761403,51.923889],[4.761459,51.924593],[4.761626,51.925291],[4.761904,51.925975],[4.76229,51.926639],[4.762778,51.927277],[4.763366,51.927882],[4.764048,51.928448],[4.764816,51.928971],[4.765663,51.929444],[4.766581,51.929864],[4.767562,51.930227],[4.768596,51.930528],[4.769673,51.930766],[4.770782,51.930937],[4.771913,51.931041],[4.773056,51.931075]]]}}]}