{"type":"FeatureCollection","name":"Industriegebieden met risico op zware ongevallen","source":"Afgeleid uit nl/uas-zones.json, AIP Nederland ENR 5.3, uitgave 22 juli 2024. Cirkels zijn benaderd met 64 punten.","features":[{"type":"Feature","properties":{"identifier":"4.a","name":"Westpoort Havengebied met risicos op zware ongevallen","restriction":"CONDITIONAL","rule":"OPEN cat. vluchten zijn hier verboden SPEC cat. vluchten vereisen een privilege op de exploitatievergunning","category":"industrie","source":"AIP Nederland ENR 5.3, ED-269, 22 juli 2024"},"geometry":{"type":"Polygon","coordinates":[[[4.73740944444444,52.4327588888889],[4.76553222222222,52.4290594444444],[4.76807694444444,52.4298058333333],[4.84848305555556,52.4193919444444],[4.85668472222222,52.4179583333333],[4.86923861111111,52.4129880555556],[4.88892027777778,52.3992925],[4.87722611111111,52.3932897222222],[4.86974055555556,52.3928644444444],[4.86384722222222,52.3915308333333],[4.85944361111111,52.3937272222222],[4.86111194444444,52.3911083333333],[4.861255,52.3875872222222],[4.84695027777778,52.3875736111111],[4.8471375,52.3837580555556],[4.82959222222222,52.3834538888889],[4.82934833333333,52.3861755555556],[4.81832333333333,52.3862630555556],[4.81706555555556,52.3876847222222],[4.77136472222222,52.3877977777778],[4.75680138888889,52.3869594444444],[4.7556825,52.3958511111111],[4.72602555555556,52.3996866666667],[4.73740944444444,52.4327588888889]]]}},{"type":"Feature","properties":{"identifier":"4.b","name":"Eemshaven Havengebied met risicos op zware ongevallen","restriction":"CONDITIONAL","rule":"OPEN cat. vluchten zijn hier verboden SPEC cat. vluchten vereisen een privilege op de exploitatievergunning","category":"industrie","source":"AIP Nederland ENR 5.3, ED-269, 22 juli 2024"},"geometry":{"type":"Polygon","coordinates":[[[6.83225277777778,53.4641083333333],[6.84640277777778,53.4605694444444],[6.84746388888889,53.4567277777778],[6.86605555555556,53.4511083333333],[6.89264722222222,53.4407722222222],[6.87628055555556,53.4095416666667],[6.86424444444444,53.4108027777778],[6.84993055555555,53.418225],[6.86402222222222,53.432175],[6.85126111111111,53.43735],[6.79786388888889,53.444125],[6.78461944444444,53.4439083333333],[6.797075,53.4550055555556],[6.81385555555556,53.4637361111111],[6.829225,53.4601305555556],[6.83225277777778,53.4641083333333]]]}},{"type":"Feature","properties":{"identifier":"4.c","name":"Delfzijl Havengebied met risicos op zware ongevallen","restriction":"CONDITIONAL","rule":"OPEN cat. vluchten zijn hier verboden SPEC cat. vluchten vereisen een privilege op de exploitatievergunning","category":"industrie","source":"AIP Nederland ENR 5.3, ED-269, 22 juli 2024"},"geometry":{"type":"Polygon","coordinates":[[[6.92991666666667,53.33365],[6.93521111111111,53.3350222222222],[6.94575555555556,53.3293777777778],[7.01755555555556,53.3148305555556],[6.99381944444444,53.2882027777778],[6.95406388888889,53.2962027777778],[6.95323055555556,53.3047722222222],[6.94222222222222,53.3138472222222],[6.93576111111111,53.3144166666667],[6.92594444444445,53.3116305555556],[6.89788888888889,53.3131583333333],[6.91653333333333,53.3203111111111],[6.91951666666667,53.3197888888889],[6.91884444444444,53.3163166666667],[6.93456388888889,53.3155305555556],[6.93863611111111,53.3194861111111],[6.9294,53.3243694444444],[6.92538611111111,53.3293583333333],[6.92901388888889,53.3301805555556],[6.92991666666667,53.33365]]]}},{"type":"Feature","properties":{"identifier":"4.d","name":"Fivelpoort Havengebied met risicos op zware ongevallen","restriction":"CONDITIONAL","rule":"OPEN cat. vluchten zijn hier verboden SPEC cat. vluchten vereisen een privilege op de exploitatievergunning","category":"industrie","source":"AIP Nederland ENR 5.3, ED-269, 22 juli 2024"},"geometry":{"type":"Polygon","coordinates":[[[6.85479722222222,53.3061222222222],[6.85826666666667,53.3065777777778],[6.85825555555556,53.3051583333333],[6.872,53.306275],[6.87118888888889,53.3027888888889],[6.854725,53.3011638888889],[6.85342777777778,53.3022222222222],[6.85479722222222,53.3061222222222]]]}},{"type":"Feature","properties":{"identifier":"4.e","name":"Rotterdam Havengebied met risicos op zware ongevallen","restriction":"CONDITIONAL","rule":"OPEN cat. vluchten zijn hier verboden SPEC cat. vluchten vereisen een privilege op de exploitatievergunning","category":"industrie","source":"AIP Nederland ENR 5.3, ED-269, 22 juli 2024"},"geometry":{"type":"Polygon","coordinates":[[[4.539989361,51.907133915],[4.548115734,51.908203692],[4.559897994,51.908101823],[4.570648471,51.906770186],[4.571768036,51.905155843],[4.570419095,51.90155597],[4.569741888,51.899910928],[4.563565683,51.900521698],[4.557960329,51.902280945],[4.555467967,51.902398326],[4.548739294,51.901527529],[4.546045991,51.899135063],[4.544171211,51.901349793],[4.530171985,51.897781608],[4.530533238,51.897318492],[4.530280784,51.895223581],[4.529253783,51.895240354],[4.514134751,51.898656678],[4.510362689,51.902149793],[4.509856106,51.907446169],[4.509381062,51.911121551],[4.503406449,51.912448615],[4.497431899,51.90866229],[4.498981311,51.898957632],[4.496135532,51.895474239],[4.476717031,51.892037235],[4.47141214,51.892802099],[4.468414619,51.894279051],[4.465987013,51.894339609],[4.456098739,51.877334162],[4.456742262,51.870149053],[4.453274206,51.867848401],[4.443673242,51.866561398],[4.42140548,51.865124163],[4.40878069,51.86490685],[4.407655621,51.866348422],[4.407014518,51.871517541],[4.391571101,51.870190441],[4.383387875,51.870001076],[4.369443302,51.873712244],[4.352105135,51.874133061],[4.334736143,51.869686798],[4.329896267,51.86437567],[4.305486048,51.864588679],[4.293947684,51.864531145],[4.267218356,51.864423419],[4.261918547,51.865046274],[4.236752119,51.873702825],[4.231101477,51.878843298],[4.228150927,51.887407855],[4.219048466,51.896958073],[4.202097613,51.905542093],[4.186069686,51.912135711],[4.178777686,51.91576872],[4.170256585,51.920459699],[4.160747113,51.927117231],[4.152974236,51.928683778],[4.136611298,51.932383408],[4.106912642,51.936183451],[4.104212475,51.931587961],[4.099695083,51.931280289],[4.092360301,51.932494754],[4.082196931,51.933682878],[4.073929889,51.93357269],[4.067942985,51.93293189],[4.03570423,51.925577561],[4.004467982,51.918920052],[3.999831467,51.918038735],[3.994293023,51.918664379],[3.985165766,51.922259713],[3.978055969,51.93366224],[3.972575977,51.938024144],[3.96225468,51.954912999],[3.961357369,51.960422637],[3.963862319,51.96777265],[3.980536908,51.983220981],[3.986466686,51.985643937],[3.999911549,51.988570562],[4.010583844,51.988419248],[4.019610829,51.986366115],[4.026355256,51.987136184],[4.029209757,51.987723189],[4.031754586,51.98788313],[4.035151678,51.987835196],[4.037692248,51.987356593],[4.047725652,51.994521126],[4.083892773,51.986905895],[4.089485774,51.985730587],[4.099394921,51.984869299],[4.109388868,51.982967652],[4.137769769,51.97275938],[4.190122493,51.946624115],[4.220925202,51.935327998],[4.229528819,51.930099463],[4.244951435,51.919139905],[4.276375433,51.907447557],[4.307964166,51.900658979],[4.347534892,51.904592884],[4.362447706,51.910452723],[4.377859773,51.910676168],[4.397820636,51.906815601],[4.403275291,51.902210263],[4.406834905,51.903100993],[4.406422801,51.912875764],[4.411552771,51.91476341],[4.429156861,51.91475677],[4.436405311,51.910477754],[4.448757083,51.904673218],[4.465979476,51.908437827],[4.475016277,51.909000267],[4.481375167,51.913070748],[4.491894608,51.919182147],[4.498868809,51.921419956],[4.502458233,51.921195114],[4.510626737,51.919524748],[4.514980401,51.917693092],[4.522349984,51.913641624],[4.52514936,51.905727494],[4.526768826,51.902966022],[4.533953487,51.905854444],[4.539989361,51.907133915]]]}},{"type":"Feature","properties":{"identifier":"4.f","name":"Dordrecht/Zwijndrecht Havengebied met risicos op zware ongevallen","restriction":"CONDITIONAL","rule":"OPEN cat. vluchten zijn hier verboden SPEC cat. vluchten vereisen een privilege op de exploitatievergunning","category":"industrie","source":"AIP Nederland ENR 5.3, ED-269, 22 juli 2024"},"geometry":{"type":"Polygon","coordinates":[[[4.593929026,51.805232414],[4.599428176,51.808411687],[4.602740614,51.80959607],[4.609074907,51.812737409],[4.612964112,51.812720099],[4.619787971,51.811645806],[4.624598656,51.810515002],[4.626356274,51.809235108],[4.62738776,51.805712217],[4.630237127,51.805558463],[4.633906651,51.806184694],[4.640534616,51.80846533],[4.643910483,51.810079374],[4.646727573,51.811905011],[4.649035866,51.810886512],[4.651211509,51.809479746],[4.653132406,51.80665091],[4.652508882,51.798038293],[4.652639905,51.789989941],[4.65363868,51.78405615],[4.648796647,51.783078798],[4.625329983,51.783660421],[4.62237769,51.789968666],[4.618127482,51.799066174],[4.615051824,51.800294234],[4.603537366,51.8037044],[4.593929026,51.805232414]]]}},{"type":"Feature","properties":{"identifier":"4.g","name":"Dordrecht/Papendrecht Havengebied met risicos op zware ongevallen","restriction":"CONDITIONAL","rule":"OPEN cat. vluchten zijn hier verboden SPEC cat. vluchten vereisen een privilege op de exploitatievergunning","category":"industrie","source":"AIP Nederland ENR 5.3, ED-269, 22 juli 2024"},"geometry":{"type":"Polygon","coordinates":[[[4.642196286,51.855005621],[4.650040901,51.855614698],[4.665156094,51.85798991],[4.670028446,51.857589345],[4.674020982,51.855676737],[4.675177937,51.852842927],[4.67469205,51.848406556],[4.669322383,51.84518866],[4.673567284,51.84043677],[4.674067242,51.835188554],[4.672466786,51.830960595],[4.672462821,51.826828428],[4.675847791,51.823620754],[4.682046732,51.822539039],[4.693487254,51.823855469],[4.698755318,51.824575178],[4.703478332,51.824602785],[4.711145785,51.832093651],[4.714399851,51.832844078],[4.724758334,51.83238647],[4.734920665,51.831065995],[4.737645363,51.830005027],[4.741099728,51.826494563],[4.748740892,51.826493325],[4.756035968,51.82640364],[4.76750628,51.825776056],[4.772930254,51.820252026],[4.767681332,51.813036265],[4.75938993,51.815015235],[4.753231979,51.813389543],[4.750845928,51.810234483],[4.740268426,51.811812297],[4.733954659,51.811432981],[4.722474228,51.812961119],[4.713844591,51.814203222],[4.705712934,51.814629763],[4.692607041,51.817867258],[4.684740245,51.81906869],[4.677795507,51.819026917],[4.673486371,51.819216006],[4.668331476,51.820174539],[4.661829116,51.822846256],[4.658723128,51.82592613],[4.656197219,51.831764299],[4.654987194,51.837825837],[4.653048257,51.841687605],[4.650374876,51.843693879],[4.647283623,51.845740501],[4.64637194,51.850469486],[4.642196286,51.855005621]]]}},{"type":"Feature","properties":{"identifier":"4.h","name":"Buitenhaven Vlissingen Havengebied met risicos op zware ongevallen","restriction":"CONDITIONAL","rule":"OPEN cat. vluchten zijn hier verboden SPEC cat. vluchten vereisen een privilege op de exploitatievergunning","category":"industrie","source":"AIP Nederland ENR 5.3, ED-269, 22 juli 2024"},"geometry":{"type":"Polygon","coordinates":[[[3.59602573045556,51.4445803889055],[3.59393276151667,51.4543523794194],[3.60311607546389,51.4547754807611],[3.60652775146389,51.4413168886055],[3.59602573045556,51.4445803889055]]]}},{"type":"Feature","properties":{"identifier":"4.i","name":"Sloegebied (Vlissingen-Oost) Havengebied met risicos op zware ongevallen","restriction":"CONDITIONAL","rule":"OPEN cat. vluchten zijn hier verboden SPEC cat. vluchten vereisen een privilege op de exploitatievergunning","category":"industrie","source":"AIP Nederland ENR 5.3, ED-269, 22 juli 2024"},"geometry":{"type":"Polygon","coordinates":[[[3.74704986003056,51.450581417675],[3.74702875757778,51.4451859613194],[3.74185525046667,51.4393950329028],[3.73232931609167,51.4313894906694],[3.71749714176389,51.4272310678833],[3.68134409608611,51.4472545064778],[3.67540743813056,51.4468732357194],[3.66793955142222,51.4479832957361],[3.65172959499167,51.46374430205],[3.65943016555278,51.4687369120806],[3.69957344480278,51.48277418925],[3.71916989881667,51.4803112886389],[3.74704986003056,51.450581417675]]]}},{"type":"Feature","properties":{"identifier":"4.j","name":"Zeesteiger Zeeland Refinery Havengebied met risicos op zware ongevallenngen-Oost)","restriction":"CONDITIONAL","rule":"OPEN cat. vluchten zijn hier verboden SPEC cat. vluchten vereisen een privilege op de exploitatievergunning","category":"industrie","source":"AIP Nederland ENR 5.3, ED-269, 22 juli 2024"},"geometry":{"type":"Polygon","coordinates":[[[3.73057932561389,51.408706660375],[3.72290600003056,51.4121749260833],[3.730176254875,51.4163721387778],[3.73317985315833,51.4152490668278],[3.73057932561389,51.408706660375]]]}},{"type":"Feature","properties":{"identifier":"4.k","name":"Gebied Braakmanhaven Terneuzen Havengebied met risicos op zware ongevallen","restriction":"CONDITIONAL","rule":"OPEN cat. vluchten zijn hier verboden SPEC cat. vluchten vereisen een privilege op de exploitatievergunning","category":"industrie","source":"AIP Nederland ENR 5.3, ED-269, 22 juli 2024"},"geometry":{"type":"Polygon","coordinates":[[[3.790907133475,51.3289392380417],[3.77223377416667,51.3320192685167],[3.76209377085,51.3361398470167],[3.75638497239722,51.3323570964472],[3.74769266544444,51.3341452072472],[3.74817580431667,51.3390476977278],[3.73520118536944,51.3396467877472],[3.73205406783889,51.3482704583139],[3.75553178503333,51.3486726757139],[3.75739597035,51.3522312765778],[3.78940147442778,51.3513199995611],[3.80104512678056,51.3446935357389],[3.80386658054722,51.3351317673417],[3.790907133475,51.3289392380417]]]}},{"type":"Feature","properties":{"identifier":"4.l","name":"Kanaalhavens Terneuzen Havengebied met risicos op zware ongevallen","restriction":"CONDITIONAL","rule":"OPEN cat. vluchten zijn hier verboden SPEC cat. vluchten vereisen een privilege op de exploitatievergunning","category":"industrie","source":"AIP Nederland ENR 5.3, ED-269, 22 juli 2024"},"geometry":{"type":"Polygon","coordinates":[[[3.83668365766944,51.2941038816972],[3.84068734510278,51.28362041175],[3.84683560291389,51.2880309426722],[3.85181875824167,51.2827555127833],[3.86518702015,51.2777068257167],[3.87562279370556,51.2665650703222],[3.85849091756944,51.2656506009917],[3.85215407461389,51.2568342672194],[3.84098849901389,51.255292868875],[3.83153341917222,51.2586047155694],[3.81138145833056,51.2384216297167],[3.80497534063333,51.2153251389889],[3.79800153861389,51.2155877433306],[3.79795608159444,51.2232700612056],[3.80417392203056,51.2234046506778],[3.80720471258889,51.2321091151889],[3.80817600595833,51.235180863175],[3.80647379508611,51.2354255973528],[3.80434707868611,51.2327135903028],[3.7944970204,51.2347965092722],[3.79860114929167,51.2438245298278],[3.81502079364167,51.2447463094444],[3.82596717987778,51.2559522073194],[3.83959349681944,51.2788027116639],[3.82877995695,51.3104891841028],[3.82076581830556,51.3325445832361],[3.82642170988333,51.3339849560389],[3.82667858454444,51.3335446982167],[3.82499296704167,51.3323939641917],[3.82714541773333,51.3262206456167],[3.83128562254444,51.3183483179139],[3.84055543860833,51.313632631325],[3.84502977400556,51.3034119706],[3.84535390654167,51.2974678980167],[3.83668365766944,51.2941038816972]]]}},{"type":"Feature","properties":{"identifier":"4.m","name":"Moerdijk Havengebied met risicos op zware ongevallen","restriction":"CONDITIONAL","rule":"OPEN cat. vluchten zijn hier verboden SPEC cat. vluchten vereisen een privilege op de exploitatievergunning","category":"industrie","source":"AIP Nederland ENR 5.3, ED-269, 22 juli 2024"},"geometry":{"type":"Polygon","coordinates":[[[4.52609166666667,51.68875],[4.54428611111111,51.6904666666667],[4.56999166666667,51.6949722222222],[4.59014444444444,51.6974916666667],[4.59518611111111,51.6983944444444],[4.60386111111111,51.7015222222222],[4.61078611111111,51.7047777777778],[4.61558333333333,51.7068694444445],[4.61970555555556,51.7052277777778],[4.622775,51.7025611111111],[4.62327777777778,51.6987277777778],[4.62592222222222,51.6978138888889],[4.62665,51.6959833333333],[4.62575277777778,51.6940611111111],[4.62352222222222,51.69115],[4.62765,51.6888277777778],[4.63060277777778,51.6869388888889],[4.63441388888889,51.6894972222222],[4.63614722222222,51.6906611111111],[4.63711111111111,51.6912055555556],[4.63847222222222,51.6921361111111],[4.63919444444444,51.6928722222222],[4.63774166666667,51.6938527777778],[4.63670277777778,51.6945],[4.63936111111111,51.6962361111111],[4.64209444444444,51.6948333333333],[4.64399722222222,51.6950777777778],[4.64621388888889,51.6943611111111],[4.65316111111111,51.695625],[4.66008333333333,51.6876944444444],[4.66108611111111,51.6863472222222],[4.66171388888889,51.6856111111111],[4.66516111111111,51.6867472222222],[4.66704444444444,51.6845416666667],[4.65866944444444,51.6820277777778],[4.65774166666667,51.6816972222222],[4.65617777777778,51.6799111111111],[4.65243611111111,51.6798111111111],[4.64054722222222,51.6787138888889],[4.63511666666667,51.6781777777778],[4.62802777777778,51.681025],[4.62183888888889,51.676225],[4.6165,51.6687083333333],[4.61253055555555,51.6668916666667],[4.61149444444444,51.6644722222222],[4.60452222222222,51.6620916666667],[4.60128888888889,51.6619222222222],[4.57423333333333,51.6492805555556],[4.55069444444444,51.6514444444444],[4.54879722222222,51.6537861111111],[4.54873333333333,51.65905],[4.54745,51.665075],[4.53643055555556,51.6737833333333],[4.53283055555556,51.6766277777778],[4.52847222222222,51.6755333333333],[4.52711111111111,51.6777361111111],[4.52803055555556,51.6810555555556],[4.52641666666667,51.6874166666667],[4.52609166666667,51.68875]]]}},{"type":"Feature","properties":{"identifier":"5.1","name":"Industriegebied met risicos op zware ongevallen","restriction":"CONDITIONAL","rule":"OPEN cat. vluchten zijn hier verboden SPEC cat. vluchten vereisen een privilege op de exploitatievergunning","category":"industrie","source":"AIP Nederland ENR 5.3, ED-269, 22 juli 2024"},"geometry":{"type":"Polygon","coordinates":[[[6.069444,50.901714],[6.070142,50.901692],[6.070834,50.901627],[6.071512,50.90152],[6.07217,50.901372],[6.072801,50.901183],[6.073401,50.900957],[6.073962,50.900694],[6.07448,50.900398],[6.074949,50.900072],[6.075366,50.899718],[6.075725,50.89934],[6.076024,50.898941],[6.076259,50.898526],[6.076429,50.898098],[6.076532,50.897662],[6.076566,50.897222],[6.076532,50.896782],[6.076429,50.896346],[6.076259,50.895918],[6.076024,50.895503],[6.075725,50.895105],[6.075366,50.894727],[6.074949,50.894373],[6.07448,50.894046],[6.073962,50.89375],[6.073401,50.893488],[6.072801,50.893261],[6.07217,50.893073],[6.071512,50.892924],[6.070834,50.892817],[6.070142,50.892752],[6.069444,50.892731],[6.068746,50.892752],[6.068055,50.892817],[6.067377,50.892924],[6.066719,50.893073],[6.066087,50.893261],[6.065488,50.893488],[6.064927,50.89375],[6.064409,50.894046],[6.06394,50.894373],[6.063523,50.894727],[6.063164,50.895105],[6.062865,50.895503],[6.06263,50.895918],[6.06246,50.896346],[6.062357,50.896782],[6.062323,50.897222],[6.062357,50.897662],[6.06246,50.898098],[6.06263,50.898526],[6.062865,50.898941],[6.063164,50.89934],[6.063523,50.899718],[6.06394,50.900072],[6.064409,50.900398],[6.064927,50.900694],[6.065488,50.900957],[6.066087,50.901183],[6.066719,50.901372],[6.067377,50.90152],[6.068055,50.901627],[6.068746,50.901692],[6.069444,50.901714]]]}},{"type":"Feature","properties":{"identifier":"5.2","name":"Industriegebied met risicos op zware ongevallen","restriction":"CONDITIONAL","rule":"OPEN cat. vluchten zijn hier verboden SPEC cat. vluchten vereisen een privilege op de exploitatievergunning","category":"industrie","source":"AIP Nederland ENR 5.3, ED-269, 22 juli 2024"},"geometry":{"type":"Polygon","coordinates":[[[5.763056,51.951158],[5.76377,51.951137],[5.764477,51.951072],[5.765171,51.950965],[5.765844,51.950816],[5.766491,51.950628],[5.767104,51.950401],[5.767678,51.950139],[5.768208,51.949843],[5.768688,51.949516],[5.769114,51.949162],[5.769482,51.948784],[5.769788,51.948386],[5.770029,51.947971],[5.770202,51.947543],[5.770307,51.947107],[5.770342,51.946667],[5.770307,51.946226],[5.770202,51.94579],[5.770029,51.945363],[5.769788,51.944948],[5.769482,51.944549],[5.769114,51.944171],[5.768688,51.943817],[5.768208,51.943491],[5.767678,51.943195],[5.767104,51.942932],[5.766491,51.942705],[5.765844,51.942517],[5.765171,51.942368],[5.764477,51.942261],[5.76377,51.942197],[5.763056,51.942175],[5.762341,51.942197],[5.761634,51.942261],[5.76094,51.942368],[5.760267,51.942517],[5.759621,51.942705],[5.759007,51.942932],[5.758433,51.943195],[5.757903,51.943491],[5.757423,51.943817],[5.756997,51.944171],[5.756629,51.944549],[5.756323,51.944948],[5.756082,51.945363],[5.755909,51.94579],[5.755804,51.946226],[5.755769,51.946667],[5.755804,51.947107],[5.755909,51.947543],[5.756082,51.947971],[5.756323,51.948386],[5.756629,51.948784],[5.756997,51.949162],[5.757423,51.949516],[5.757903,51.949843],[5.758433,51.950139],[5.759007,51.950401],[5.759621,51.950628],[5.760267,51.950816],[5.76094,51.950965],[5.761634,51.951072],[5.762341,51.951137],[5.763056,51.951158]]]}},{"type":"Feature","properties":{"identifier":"5.3","name":"Industriegebied met risicos op zware ongevallen","restriction":"CONDITIONAL","rule":"OPEN cat. vluchten zijn hier verboden SPEC cat. vluchten vereisen een privilege op de exploitatievergunning","category":"industrie","source":"AIP Nederland ENR 5.3, ED-269, 22 juli 2024"},"geometry":{"type":"Polygon","coordinates":[[[5.939167,51.973103],[5.939881,51.973081],[5.940589,51.973016],[5.941283,51.972909],[5.941957,51.972761],[5.942603,51.972572],[5.943217,51.972346],[5.943792,51.972083],[5.944322,51.971787],[5.944802,51.971461],[5.945228,51.971106],[5.945596,51.970728],[5.945902,51.97033],[5.946143,51.969915],[5.946317,51.969487],[5.946422,51.969051],[5.946457,51.968611],[5.946422,51.968171],[5.946317,51.967735],[5.946143,51.967307],[5.945902,51.966892],[5.945596,51.966494],[5.945228,51.966116],[5.944802,51.965762],[5.944322,51.965435],[5.943792,51.965139],[5.943217,51.964877],[5.942603,51.96465],[5.941957,51.964461],[5.941283,51.964313],[5.940589,51.964206],[5.939881,51.964141],[5.939167,51.96412],[5.938452,51.964141],[5.937744,51.964206],[5.93705,51.964313],[5.936377,51.964461],[5.93573,51.96465],[5.935116,51.964877],[5.934542,51.965139],[5.934012,51.965435],[5.933531,51.965762],[5.933105,51.966116],[5.932737,51.966494],[5.932431,51.966892],[5.93219,51.967307],[5.932016,51.967735],[5.931911,51.968171],[5.931876,51.968611],[5.931911,51.969051],[5.932016,51.969487],[5.93219,51.969915],[5.932431,51.97033],[5.932737,51.970728],[5.933105,51.971106],[5.933531,51.971461],[5.934012,51.971787],[5.934542,51.972083],[5.935116,51.972346],[5.93573,51.972572],[5.936377,51.972761],[5.93705,51.972909],[5.937744,51.973016],[5.938452,51.973081],[5.939167,51.973103]]]}},{"type":"Feature","properties":{"identifier":"5.4","name":"Industriegebied met risicos op zware ongevallen","restriction":"CONDITIONAL","rule":"OPEN cat. vluchten zijn hier verboden SPEC cat. vluchten vereisen een privilege op de exploitatievergunning","category":"industrie","source":"AIP Nederland ENR 5.3, ED-269, 22 juli 2024"},"geometry":{"type":"Polygon","coordinates":[[[5.886944,51.125325],[5.887646,51.125303],[5.88834,51.125239],[5.889022,51.125132],[5.889683,51.124983],[5.890318,51.124795],[5.89092,51.124568],[5.891484,51.124305],[5.892004,51.124009],[5.892476,51.123683],[5.892894,51.123329],[5.893255,51.122951],[5.893556,51.122552],[5.893792,51.122137],[5.893963,51.12171],[5.894066,51.121274],[5.8941,51.120833],[5.894066,51.120393],[5.893963,51.119957],[5.893792,51.119529],[5.893556,51.119114],[5.893255,51.118716],[5.892894,51.118338],[5.892476,51.117984],[5.892004,51.117657],[5.891484,51.117361],[5.89092,51.117099],[5.890318,51.116872],[5.889683,51.116684],[5.889022,51.116535],[5.88834,51.116428],[5.887646,51.116363],[5.886944,51.116342],[5.886243,51.116363],[5.885548,51.116428],[5.884867,51.116535],[5.884206,51.116684],[5.883571,51.116872],[5.882969,51.117099],[5.882405,51.117361],[5.881885,51.117657],[5.881413,51.117984],[5.880995,51.118338],[5.880634,51.118716],[5.880333,51.119114],[5.880097,51.119529],[5.879926,51.119957],[5.879823,51.120393],[5.879789,51.120833],[5.879823,51.121274],[5.879926,51.12171],[5.880097,51.122137],[5.880333,51.122552],[5.880634,51.122951],[5.880995,51.123329],[5.881413,51.123683],[5.881885,51.124009],[5.882405,51.124305],[5.882969,51.124568],[5.883571,51.124795],[5.884206,51.124983],[5.884867,51.125132],[5.885548,51.125239],[5.886243,51.125303],[5.886944,51.125325]]]}},{"type":"Feature","properties":{"identifier":"5.5","name":"Industriegebied met risicos op zware ongevallen","restriction":"CONDITIONAL","rule":"OPEN cat. vluchten zijn hier verboden SPEC cat. vluchten vereisen een privilege op de exploitatievergunning","category":"industrie","source":"AIP Nederland ENR 5.3, ED-269, 22 juli 2024"},"geometry":{"type":"Polygon","coordinates":[[[5.144444,52.708658],[5.145171,52.708637],[5.145891,52.708572],[5.146596,52.708465],[5.147281,52.708316],[5.147939,52.708128],[5.148563,52.707901],[5.149147,52.707639],[5.149686,52.707343],[5.150175,52.707016],[5.150608,52.706662],[5.150982,52.706284],[5.151293,52.705886],[5.151538,52.705471],[5.151715,52.705043],[5.151821,52.704607],[5.151857,52.704167],[5.151821,52.703726],[5.151715,52.70329],[5.151538,52.702863],[5.151293,52.702448],[5.150982,52.702049],[5.150608,52.701671],[5.150175,52.701317],[5.149686,52.700991],[5.149147,52.700695],[5.148563,52.700432],[5.147939,52.700205],[5.147281,52.700017],[5.146596,52.699868],[5.145891,52.699761],[5.145171,52.699697],[5.144444,52.699675],[5.143718,52.699697],[5.142998,52.699761],[5.142293,52.699868],[5.141608,52.700017],[5.14095,52.700205],[5.140326,52.700432],[5.139742,52.700695],[5.139203,52.700991],[5.138714,52.701317],[5.138281,52.701671],[5.137907,52.702049],[5.137596,52.702448],[5.137351,52.702863],[5.137174,52.70329],[5.137067,52.703726],[5.137032,52.704167],[5.137067,52.704607],[5.137174,52.705043],[5.137351,52.705471],[5.137596,52.705886],[5.137907,52.706284],[5.138281,52.706662],[5.138714,52.707016],[5.139203,52.707343],[5.139742,52.707639],[5.140326,52.707901],[5.14095,52.708128],[5.141608,52.708316],[5.142293,52.708465],[5.142998,52.708572],[5.143718,52.708637],[5.144444,52.708658]]]}},{"type":"Feature","properties":{"identifier":"5.6","name":"Industriegebied met risicos op zware ongevallen","restriction":"CONDITIONAL","rule":"OPEN cat. vluchten zijn hier verboden SPEC cat. vluchten vereisen een privilege op de exploitatievergunning","category":"industrie","source":"AIP Nederland ENR 5.3, ED-269, 22 juli 2024"},"geometry":{"type":"Polygon","coordinates":[[[4.383611,51.658658],[4.384321,51.658637],[4.385024,51.658572],[4.385713,51.658465],[4.386382,51.658316],[4.387024,51.658128],[4.387633,51.657901],[4.388204,51.657639],[4.38873,51.657343],[4.389207,51.657016],[4.389631,51.656662],[4.389996,51.656284],[4.3903,51.655886],[4.390539,51.655471],[4.390712,51.655043],[4.390816,51.654607],[4.390851,51.654167],[4.390816,51.653726],[4.390712,51.65329],[4.390539,51.652863],[4.3903,51.652448],[4.389996,51.652049],[4.389631,51.651671],[4.389207,51.651317],[4.38873,51.650991],[4.388204,51.650695],[4.387633,51.650432],[4.387024,51.650205],[4.386382,51.650017],[4.385713,51.649868],[4.385024,51.649761],[4.384321,51.649697],[4.383611,51.649675],[4.382901,51.649697],[4.382199,51.649761],[4.38151,51.649868],[4.380841,51.650017],[4.380198,51.650205],[4.379589,51.650432],[4.379018,51.650695],[4.378492,51.650991],[4.378015,51.651317],[4.377591,51.651671],[4.377226,51.652049],[4.376922,51.652448],[4.376683,51.652863],[4.37651,51.65329],[4.376406,51.653726],[4.376371,51.654167],[4.376406,51.654607],[4.37651,51.655043],[4.376683,51.655471],[4.376922,51.655886],[4.377226,51.656284],[4.377591,51.656662],[4.378015,51.657016],[4.378492,51.657343],[4.379018,51.657639],[4.379589,51.657901],[4.380198,51.658128],[4.380841,51.658316],[4.38151,51.658465],[4.382199,51.658572],[4.382901,51.658637],[4.383611,51.658658]]]}},{"type":"Feature","properties":{"identifier":"5.7","name":"Industriegebied met risicos op zware ongevallen","restriction":"CONDITIONAL","rule":"OPEN cat. vluchten zijn hier verboden SPEC cat. vluchten vereisen een privilege op de exploitatievergunning","category":"industrie","source":"AIP Nederland ENR 5.3, ED-269, 22 juli 2024"},"geometry":{"type":"Polygon","coordinates":[[[5.455556,51.917825],[5.456269,51.917803],[5.456976,51.917739],[5.457669,51.917632],[5.458342,51.917483],[5.458988,51.917295],[5.459601,51.917068],[5.460175,51.916805],[5.460704,51.916509],[5.461184,51.916183],[5.46161,51.915829],[5.461977,51.915451],[5.462283,51.915052],[5.462523,51.914637],[5.462697,51.91421],[5.462802,51.913774],[5.462837,51.913333],[5.462802,51.912893],[5.462697,51.912457],[5.462523,51.912029],[5.462283,51.911614],[5.461977,51.911216],[5.46161,51.910838],[5.461184,51.910484],[5.460704,51.910157],[5.460175,51.909861],[5.459601,51.909599],[5.458988,51.909372],[5.458342,51.909184],[5.457669,51.909035],[5.456976,51.908928],[5.456269,51.908863],[5.455556,51.908842],[5.454842,51.908863],[5.454135,51.908928],[5.453442,51.909035],[5.452769,51.909184],[5.452123,51.909372],[5.45151,51.909599],[5.450936,51.909861],[5.450407,51.910157],[5.449927,51.910484],[5.449501,51.910838],[5.449134,51.911216],[5.448828,51.911614],[5.448588,51.912029],[5.448414,51.912457],[5.448309,51.912893],[5.448274,51.913333],[5.448309,51.913774],[5.448414,51.91421],[5.448588,51.914637],[5.448828,51.915052],[5.449134,51.915451],[5.449501,51.915829],[5.449927,51.916183],[5.450407,51.916509],[5.450936,51.916805],[5.45151,51.917068],[5.452123,51.917295],[5.452769,51.917483],[5.453442,51.917632],[5.454135,51.917739],[5.454842,51.917803],[5.455556,51.917825]]]}},{"type":"Feature","properties":{"identifier":"5.8","name":"Industriegebied met risicos op zware ongevallen","restriction":"CONDITIONAL","rule":"OPEN cat. vluchten zijn hier verboden SPEC cat. vluchten vereisen een privilege op de exploitatievergunning","category":"industrie","source":"AIP Nederland ENR 5.3, ED-269, 22 juli 2024"},"geometry":{"type":"Polygon","coordinates":[[[5.438056,51.43588],[5.438762,51.435859],[5.439461,51.435794],[5.440147,51.435687],[5.440813,51.435539],[5.441452,51.43535],[5.442058,51.435123],[5.442626,51.434861],[5.44315,51.434565],[5.443625,51.434238],[5.444046,51.433884],[5.444409,51.433506],[5.444712,51.433108],[5.44495,51.432693],[5.445121,51.432265],[5.445225,51.431829],[5.44526,51.431389],[5.445225,51.430949],[5.445121,51.430513],[5.44495,51.430085],[5.444712,51.42967],[5.444409,51.429272],[5.444046,51.428894],[5.443625,51.428539],[5.44315,51.428213],[5.442626,51.427917],[5.442058,51.427654],[5.441452,51.427428],[5.440813,51.427239],[5.440147,51.427091],[5.439461,51.426984],[5.438762,51.426919],[5.438056,51.426897],[5.437349,51.426919],[5.43665,51.426984],[5.435964,51.427091],[5.435299,51.427239],[5.434659,51.427428],[5.434053,51.427654],[5.433485,51.427917],[5.432961,51.428213],[5.432486,51.428539],[5.432065,51.428894],[5.431702,51.429272],[5.4314,51.42967],[5.431161,51.430085],[5.43099,51.430513],[5.430886,51.430949],[5.430851,51.431389],[5.430886,51.431829],[5.43099,51.432265],[5.431161,51.432693],[5.4314,51.433108],[5.431702,51.433506],[5.432065,51.433884],[5.432486,51.434238],[5.432961,51.434565],[5.433485,51.434861],[5.434053,51.435123],[5.434659,51.43535],[5.435299,51.435539],[5.435964,51.435687],[5.43665,51.435794],[5.437349,51.435859],[5.438056,51.43588]]]}},{"type":"Feature","properties":{"identifier":"5.9","name":"Industriegebied met risicos op zware ongevallen","restriction":"CONDITIONAL","rule":"OPEN cat. vluchten zijn hier verboden SPEC cat. vluchten vereisen een privilege op de exploitatievergunning","category":"industrie","source":"AIP Nederland ENR 5.3, ED-269, 22 juli 2024"},"geometry":{"type":"Polygon","coordinates":[[[3.776111,51.33838],[3.776816,51.338359],[3.777514,51.338294],[3.778198,51.338187],[3.778862,51.338039],[3.7795,51.33785],[3.780105,51.337623],[3.780672,51.337361],[3.781195,51.337065],[3.781668,51.336738],[3.782089,51.336384],[3.782451,51.336006],[3.782753,51.335608],[3.782991,51.335193],[3.783162,51.334765],[3.783266,51.334329],[3.7833,51.333889],[3.783266,51.333449],[3.783162,51.333013],[3.782991,51.332585],[3.782753,51.33217],[3.782451,51.331772],[3.782089,51.331394],[3.781668,51.331039],[3.781195,51.330713],[3.780672,51.330417],[3.780105,51.330154],[3.7795,51.329928],[3.778862,51.329739],[3.778198,51.329591],[3.777514,51.329484],[3.776816,51.329419],[3.776111,51.329397],[3.775406,51.329419],[3.774709,51.329484],[3.774024,51.329591],[3.77336,51.329739],[3.772722,51.329928],[3.772117,51.330154],[3.77155,51.330417],[3.771028,51.330713],[3.770554,51.331039],[3.770134,51.331394],[3.769771,51.331772],[3.769469,51.33217],[3.769232,51.332585],[3.76906,51.333013],[3.768957,51.333449],[3.768922,51.333889],[3.768957,51.334329],[3.76906,51.334765],[3.769232,51.335193],[3.769469,51.335608],[3.769771,51.336006],[3.770134,51.336384],[3.770554,51.336738],[3.771028,51.337065],[3.77155,51.337361],[3.772117,51.337623],[3.772722,51.33785],[3.77336,51.338039],[3.774024,51.338187],[3.774709,51.338294],[3.775406,51.338359],[3.776111,51.33838]]]}},{"type":"Feature","properties":{"identifier":"5.10","name":"Industriegebied met risicos op zware ongevallen","restriction":"CONDITIONAL","rule":"OPEN cat. vluchten zijn hier verboden SPEC cat. vluchten vereisen een privilege op de exploitatievergunning","category":"industrie","source":"AIP Nederland ENR 5.3, ED-269, 22 juli 2024"},"geometry":{"type":"Polygon","coordinates":[[[4.695833,52.385603],[4.696555,52.385581],[4.697269,52.385516],[4.697969,52.385409],[4.698649,52.385261],[4.699302,52.385072],[4.699921,52.384846],[4.700501,52.384583],[4.701036,52.384287],[4.701521,52.383961],[4.701952,52.383606],[4.702323,52.383228],[4.702632,52.38283],[4.702875,52.382415],[4.70305,52.381987],[4.703156,52.381551],[4.703192,52.381111],[4.703156,52.380671],[4.70305,52.380235],[4.702875,52.379807],[4.702632,52.379392],[4.702323,52.378994],[4.701952,52.378616],[4.701521,52.378262],[4.701036,52.377935],[4.700501,52.377639],[4.699921,52.377377],[4.699302,52.37715],[4.698649,52.376961],[4.697969,52.376813],[4.697269,52.376706],[4.696555,52.376641],[4.695833,52.37662],[4.695112,52.376641],[4.694398,52.376706],[4.693697,52.376813],[4.693017,52.376961],[4.692365,52.37715],[4.691745,52.377377],[4.691165,52.377639],[4.69063,52.377935],[4.690145,52.378262],[4.689715,52.378616],[4.689344,52.378994],[4.689035,52.379392],[4.688792,52.379807],[4.688616,52.380235],[4.68851,52.380671],[4.688475,52.381111],[4.68851,52.381551],[4.688616,52.381987],[4.688792,52.382415],[4.689035,52.38283],[4.689344,52.383228],[4.689715,52.383606],[4.690145,52.383961],[4.69063,52.384287],[4.691165,52.384583],[4.691745,52.384846],[4.692365,52.385072],[4.693017,52.385261],[4.693697,52.385409],[4.694398,52.385516],[4.695112,52.385581],[4.695833,52.385603]]]}},{"type":"Feature","properties":{"identifier":"5.11","name":"Industriegebied met risicos op zware ongevallen","restriction":"CONDITIONAL","rule":"OPEN cat. vluchten zijn hier verboden SPEC cat. vluchten vereisen een privilege op de exploitatievergunning","category":"industrie","source":"AIP Nederland ENR 5.3, ED-269, 22 juli 2024"},"geometry":{"type":"Polygon","coordinates":[[[4.773056,52.302825],[4.773775,52.302803],[4.774488,52.302739],[4.775188,52.302632],[4.775866,52.302483],[4.776518,52.302295],[4.777136,52.302068],[4.777715,52.301805],[4.778249,52.301509],[4.778733,52.301183],[4.779162,52.300829],[4.779533,52.300451],[4.779841,52.300052],[4.780084,52.299637],[4.780259,52.29921],[4.780365,52.298774],[4.7804,52.298333],[4.780365,52.297893],[4.780259,52.297457],[4.780084,52.297029],[4.779841,52.296614],[4.779533,52.296216],[4.779162,52.295838],[4.778733,52.295484],[4.778249,52.295157],[4.777715,52.294861],[4.777136,52.294599],[4.776518,52.294372],[4.775866,52.294184],[4.775188,52.294035],[4.774488,52.293928],[4.773775,52.293863],[4.773056,52.293842],[4.772336,52.293863],[4.771623,52.293928],[4.770924,52.294035],[4.770245,52.294184],[4.769593,52.294372],[4.768975,52.294599],[4.768396,52.294861],[4.767862,52.295157],[4.767378,52.295484],[4.766949,52.295838],[4.766578,52.296216],[4.76627,52.296614],[4.766027,52.297029],[4.765852,52.297457],[4.765746,52.297893],[4.765711,52.298333],[4.765746,52.298774],[4.765852,52.29921],[4.766027,52.299637],[4.76627,52.300052],[4.766578,52.300451],[4.766949,52.300829],[4.767378,52.301183],[4.767862,52.301509],[4.768396,52.301805],[4.768975,52.302068],[4.769593,52.302295],[4.770245,52.302483],[4.770924,52.302632],[4.771623,52.302739],[4.772336,52.302803],[4.773056,52.302825]]]}},{"type":"Feature","properties":{"identifier":"5.12","name":"Industriegebied met risicos op zware ongevallen","restriction":"CONDITIONAL","rule":"OPEN cat. vluchten zijn hier verboden SPEC cat. vluchten vereisen een privilege op de exploitatievergunning","category":"industrie","source":"AIP Nederland ENR 5.3, ED-269, 22 juli 2024"},"geometry":{"type":"Polygon","coordinates":[[[4.487778,52.210603],[4.488496,52.210581],[4.489208,52.210516],[4.489905,52.210409],[4.490583,52.210261],[4.491233,52.210072],[4.49185,52.209846],[4.492427,52.209583],[4.49296,52.209287],[4.493443,52.208961],[4.493872,52.208606],[4.494242,52.208228],[4.494549,52.20783],[4.494792,52.207415],[4.494966,52.206987],[4.495072,52.206551],[4.495107,52.206111],[4.495072,52.205671],[4.494966,52.205235],[4.494792,52.204807],[4.494549,52.204392],[4.494242,52.203994],[4.493872,52.203616],[4.493443,52.203262],[4.49296,52.202935],[4.492427,52.202639],[4.49185,52.202377],[4.491233,52.20215],[4.490583,52.201961],[4.489905,52.201813],[4.489208,52.201706],[4.488496,52.201641],[4.487778,52.20162],[4.487059,52.201641],[4.486348,52.201706],[4.48565,52.201813],[4.484973,52.201961],[4.484323,52.20215],[4.483706,52.202377],[4.483128,52.202639],[4.482595,52.202935],[4.482112,52.203262],[4.481684,52.203616],[4.481314,52.203994],[4.481006,52.204392],[4.480764,52.204807],[4.480589,52.205235],[4.480484,52.205671],[4.480448,52.206111],[4.480484,52.206551],[4.480589,52.206987],[4.480764,52.207415],[4.481006,52.20783],[4.481314,52.208228],[4.481684,52.208606],[4.482112,52.208961],[4.482595,52.209287],[4.483128,52.209583],[4.483706,52.209846],[4.484323,52.210072],[4.484973,52.210261],[4.48565,52.210409],[4.486348,52.210516],[4.487059,52.210581],[4.487778,52.210603]]]}},{"type":"Feature","properties":{"identifier":"5.13","name":"Industriegebied met risicos op zware ongevallen","restriction":"CONDITIONAL","rule":"OPEN cat. vluchten zijn hier verboden SPEC cat. vluchten vereisen een privilege op de exploitatievergunning","category":"industrie","source":"AIP Nederland ENR 5.3, ED-269, 22 juli 2024"},"geometry":{"type":"Polygon","coordinates":[[[4.939444,52.390325],[4.940166,52.390303],[4.94088,52.390239],[4.941581,52.390132],[4.942261,52.389983],[4.942914,52.389795],[4.943533,52.389568],[4.944113,52.389305],[4.944648,52.389009],[4.945133,52.388683],[4.945563,52.388329],[4.945935,52.387951],[4.946243,52.387552],[4.946487,52.387137],[4.946662,52.38671],[4.946768,52.386274],[4.946804,52.385833],[4.946768,52.385393],[4.946662,52.384957],[4.946487,52.384529],[4.946243,52.384114],[4.945935,52.383716],[4.945563,52.383338],[4.945133,52.382984],[4.944648,52.382657],[4.944113,52.382361],[4.943533,52.382099],[4.942914,52.381872],[4.942261,52.381684],[4.941581,52.381535],[4.94088,52.381428],[4.940166,52.381363],[4.939444,52.381342],[4.938723,52.381363],[4.938009,52.381428],[4.937308,52.381535],[4.936628,52.381684],[4.935975,52.381872],[4.935356,52.382099],[4.934776,52.382361],[4.934241,52.382657],[4.933756,52.382984],[4.933326,52.383338],[4.932954,52.383716],[4.932645,52.384114],[4.932402,52.384529],[4.932227,52.384957],[4.932121,52.385393],[4.932085,52.385833],[4.932121,52.386274],[4.932227,52.38671],[4.932402,52.387137],[4.932645,52.387552],[4.932954,52.387951],[4.933326,52.388329],[4.933756,52.388683],[4.934241,52.389009],[4.934776,52.389305],[4.935356,52.389568],[4.935975,52.389795],[4.936628,52.389983],[4.937308,52.390132],[4.938009,52.390239],[4.938723,52.390303],[4.939444,52.390325]]]}},{"type":"Feature","properties":{"identifier":"5.14","name":"Industriegebied met risicos op zware ongevallen","restriction":"CONDITIONAL","rule":"OPEN cat. vluchten zijn hier verboden SPEC cat. vluchten vereisen een privilege op de exploitatievergunning","category":"industrie","source":"AIP Nederland ENR 5.3, ED-269, 22 juli 2024"},"geometry":{"type":"Polygon","coordinates":[[[5.180278,51.702547],[5.180988,51.702526],[5.181692,51.702461],[5.182381,51.702354],[5.183051,51.702205],[5.183694,51.702017],[5.184304,51.70179],[5.184875,51.701528],[5.185402,51.701232],[5.18588,51.700905],[5.186303,51.700551],[5.186669,51.700173],[5.186973,51.699774],[5.187212,51.699359],[5.187385,51.698932],[5.18749,51.698496],[5.187525,51.698056],[5.18749,51.697615],[5.187385,51.697179],[5.187212,51.696752],[5.186973,51.696337],[5.186669,51.695938],[5.186303,51.69556],[5.18588,51.695206],[5.185402,51.69488],[5.184875,51.694584],[5.184304,51.694321],[5.183694,51.694094],[5.183051,51.693906],[5.182381,51.693757],[5.181692,51.69365],[5.180988,51.693586],[5.180278,51.693564],[5.179567,51.693586],[5.178864,51.69365],[5.178174,51.693757],[5.177505,51.693906],[5.176862,51.694094],[5.176252,51.694321],[5.17568,51.694584],[5.175154,51.69488],[5.174676,51.695206],[5.174252,51.69556],[5.173887,51.695938],[5.173583,51.696337],[5.173343,51.696752],[5.17317,51.697179],[5.173066,51.697615],[5.173031,51.698056],[5.173066,51.698496],[5.17317,51.698932],[5.173343,51.699359],[5.173583,51.699774],[5.173887,51.700173],[5.174252,51.700551],[5.174676,51.700905],[5.175154,51.701232],[5.17568,51.701528],[5.176252,51.70179],[5.176862,51.702017],[5.177505,51.702205],[5.178174,51.702354],[5.178864,51.702461],[5.179567,51.702526],[5.180278,51.702547]]]}},{"type":"Feature","properties":{"identifier":"5.15","name":"Industriegebied met risicos op zware ongevallen","restriction":"CONDITIONAL","rule":"OPEN cat. vluchten zijn hier verboden SPEC cat. vluchten vereisen een privilege op de exploitatievergunning","category":"industrie","source":"AIP Nederland ENR 5.3, ED-269, 22 juli 2024"},"geometry":{"type":"Polygon","coordinates":[[[4.269444,51.510603],[4.270152,51.510581],[4.270852,51.510516],[4.271539,51.510409],[4.272206,51.510261],[4.272846,51.510072],[4.273454,51.509846],[4.274022,51.509583],[4.274547,51.509287],[4.275023,51.508961],[4.275444,51.508606],[4.275809,51.508228],[4.276111,51.50783],[4.27635,51.507415],[4.276522,51.506987],[4.276626,51.506551],[4.276661,51.506111],[4.276626,51.505671],[4.276522,51.505235],[4.27635,51.504807],[4.276111,51.504392],[4.275809,51.503994],[4.275444,51.503616],[4.275023,51.503262],[4.274547,51.502935],[4.274022,51.502639],[4.273454,51.502377],[4.272846,51.50215],[4.272206,51.501961],[4.271539,51.501813],[4.270852,51.501706],[4.270152,51.501641],[4.269444,51.50162],[4.268737,51.501641],[4.268037,51.501706],[4.26735,51.501813],[4.266683,51.501961],[4.266043,51.50215],[4.265435,51.502377],[4.264867,51.502639],[4.264342,51.502935],[4.263866,51.503262],[4.263444,51.503616],[4.26308,51.503994],[4.262778,51.504392],[4.262539,51.504807],[4.262367,51.505235],[4.262263,51.505671],[4.262228,51.506111],[4.262263,51.506551],[4.262367,51.506987],[4.262539,51.507415],[4.262778,51.50783],[4.26308,51.508228],[4.263444,51.508606],[4.263866,51.508961],[4.264342,51.509287],[4.264867,51.509583],[4.265435,51.509846],[4.266043,51.510072],[4.266683,51.510261],[4.26735,51.510409],[4.268037,51.510516],[4.268737,51.510581],[4.269444,51.510603]]]}},{"type":"Feature","properties":{"identifier":"5.16","name":"Industriegebied met risicos op zware ongevallen","restriction":"CONDITIONAL","rule":"OPEN cat. vluchten zijn hier verboden SPEC cat. vluchten vereisen een privilege op de exploitatievergunning","category":"industrie","source":"AIP Nederland ENR 5.3, ED-269, 22 juli 2024"},"geometry":{"type":"Polygon","coordinates":[[[5.588056,51.936992],[5.58877,51.93697],[5.589477,51.936905],[5.59017,51.936798],[5.590843,51.93665],[5.591489,51.936461],[5.592103,51.936235],[5.592677,51.935972],[5.593207,51.935676],[5.593687,51.935349],[5.594112,51.934995],[5.59448,51.934617],[5.594786,51.934219],[5.595026,51.933804],[5.5952,51.933376],[5.595305,51.93294],[5.59534,51.9325],[5.595305,51.93206],[5.5952,51.931624],[5.595026,51.931196],[5.594786,51.930781],[5.59448,51.930383],[5.594112,51.930005],[5.593687,51.929651],[5.593207,51.929324],[5.592677,51.929028],[5.592103,51.928765],[5.591489,51.928539],[5.590843,51.92835],[5.59017,51.928202],[5.589477,51.928095],[5.58877,51.92803],[5.588056,51.928008],[5.587342,51.92803],[5.586634,51.928095],[5.585941,51.928202],[5.585268,51.92835],[5.584622,51.928539],[5.584008,51.928765],[5.583434,51.929028],[5.582905,51.929324],[5.582425,51.929651],[5.581999,51.930005],[5.581631,51.930383],[5.581326,51.930781],[5.581085,51.931196],[5.580911,51.931624],[5.580806,51.93206],[5.580771,51.9325],[5.580806,51.93294],[5.580911,51.933376],[5.581085,51.933804],[5.581326,51.934219],[5.581631,51.934617],[5.581999,51.934995],[5.582425,51.935349],[5.582905,51.935676],[5.583434,51.935972],[5.584008,51.936235],[5.584622,51.936461],[5.585268,51.93665],[5.585941,51.936798],[5.586634,51.936905],[5.587342,51.93697],[5.588056,51.936992]]]}},{"type":"Feature","properties":{"identifier":"5.17","name":"Industriegebied met risicos op zware ongevallen","restriction":"CONDITIONAL","rule":"OPEN cat. vluchten zijn hier verboden SPEC cat. vluchten vereisen een privilege op de exploitatievergunning","category":"industrie","source":"AIP Nederland ENR 5.3, ED-269, 22 juli 2024"},"geometry":{"type":"Polygon","coordinates":[[[3.6875,51.451992],[3.688206,51.45197],[3.688906,51.451905],[3.689592,51.451798],[3.690258,51.45165],[3.690897,51.451461],[3.691504,51.451235],[3.692072,51.450972],[3.692596,51.450676],[3.693071,51.450349],[3.693492,51.449995],[3.693856,51.449617],[3.694158,51.449219],[3.694397,51.448804],[3.694568,51.448376],[3.694672,51.44794],[3.694707,51.4475],[3.694672,51.44706],[3.694568,51.446624],[3.694397,51.446196],[3.694158,51.445781],[3.693856,51.445383],[3.693492,51.445005],[3.693071,51.444651],[3.692596,51.444324],[3.692072,51.444028],[3.691504,51.443765],[3.690897,51.443539],[3.690258,51.44335],[3.689592,51.443202],[3.688906,51.443095],[3.688206,51.44303],[3.6875,51.443008],[3.686794,51.44303],[3.686094,51.443095],[3.685408,51.443202],[3.684742,51.44335],[3.684103,51.443539],[3.683496,51.443765],[3.682928,51.444028],[3.682404,51.444324],[3.681929,51.444651],[3.681508,51.445005],[3.681144,51.445383],[3.680842,51.445781],[3.680603,51.446196],[3.680432,51.446624],[3.680328,51.44706],[3.680293,51.4475],[3.680328,51.44794],[3.680432,51.448376],[3.680603,51.448804],[3.680842,51.449219],[3.681144,51.449617],[3.681508,51.449995],[3.681929,51.450349],[3.682404,51.450676],[3.682928,51.450972],[3.683496,51.451235],[3.684103,51.451461],[3.684742,51.45165],[3.685408,51.451798],[3.686094,51.451905],[3.686794,51.45197],[3.6875,51.451992]]]}},{"type":"Feature","properties":{"identifier":"5.18","name":"Industriegebied met risicos op zware ongevallen","restriction":"CONDITIONAL","rule":"OPEN cat. vluchten zijn hier verboden SPEC cat. vluchten vereisen een privilege op de exploitatievergunning","category":"industrie","source":"AIP Nederland ENR 5.3, ED-269, 22 juli 2024"},"geometry":{"type":"Polygon","coordinates":[[[5.555833,51.787269],[5.556545,51.787248],[5.55725,51.787183],[5.557941,51.787076],[5.558612,51.786927],[5.559256,51.786739],[5.559867,51.786512],[5.560439,51.78625],[5.560967,51.785954],[5.561446,51.785627],[5.56187,51.785273],[5.562236,51.784895],[5.562541,51.784497],[5.562781,51.784082],[5.562954,51.783654],[5.563059,51.783218],[5.563094,51.782778],[5.563059,51.782338],[5.562954,51.781902],[5.562781,51.781474],[5.562541,51.781059],[5.562236,51.78066],[5.56187,51.780282],[5.561446,51.779928],[5.560967,51.779602],[5.560439,51.779306],[5.559867,51.779043],[5.559256,51.778817],[5.558612,51.778628],[5.557941,51.77848],[5.55725,51.778373],[5.556545,51.778308],[5.555833,51.778286],[5.555122,51.778308],[5.554417,51.778373],[5.553726,51.77848],[5.553055,51.778628],[5.552411,51.778817],[5.5518,51.779043],[5.551227,51.779306],[5.550699,51.779602],[5.550221,51.779928],[5.549797,51.780282],[5.54943,51.78066],[5.549126,51.781059],[5.548886,51.781474],[5.548712,51.781902],[5.548608,51.782338],[5.548573,51.782778],[5.548608,51.783218],[5.548712,51.783654],[5.548886,51.784082],[5.549126,51.784497],[5.54943,51.784895],[5.549797,51.785273],[5.550221,51.785627],[5.550699,51.785954],[5.551227,51.78625],[5.5518,51.786512],[5.552411,51.786739],[5.553055,51.786927],[5.553726,51.787076],[5.554417,51.787183],[5.555122,51.787248],[5.555833,51.787269]]]}},{"type":"Feature","properties":{"identifier":"5.19","name":"Industriegebied met risicos op zware ongevallen","restriction":"CONDITIONAL","rule":"OPEN cat. vluchten zijn hier verboden SPEC cat. vluchten vereisen een privilege op de exploitatievergunning","category":"industrie","source":"AIP Nederland ENR 5.3, ED-269, 22 juli 2024"},"geometry":{"type":"Polygon","coordinates":[[[5.532222,51.76838],[5.532934,51.768359],[5.533638,51.768294],[5.534329,51.768187],[5.534999,51.768039],[5.535643,51.76785],[5.536254,51.767623],[5.536826,51.767361],[5.537354,51.767065],[5.537832,51.766738],[5.538256,51.766384],[5.538623,51.766006],[5.538927,51.765608],[5.539167,51.765193],[5.53934,51.764765],[5.539445,51.764329],[5.53948,51.763889],[5.539445,51.763449],[5.53934,51.763013],[5.539167,51.762585],[5.538927,51.76217],[5.538623,51.761772],[5.538256,51.761394],[5.537832,51.761039],[5.537354,51.760713],[5.536826,51.760417],[5.536254,51.760154],[5.535643,51.759928],[5.534999,51.759739],[5.534329,51.759591],[5.533638,51.759484],[5.532934,51.759419],[5.532222,51.759397],[5.531511,51.759419],[5.530806,51.759484],[5.530116,51.759591],[5.529445,51.759739],[5.528801,51.759928],[5.52819,51.760154],[5.527618,51.760417],[5.527091,51.760713],[5.526612,51.761039],[5.526188,51.761394],[5.525822,51.761772],[5.525517,51.76217],[5.525277,51.762585],[5.525104,51.763013],[5.525,51.763449],[5.524965,51.763889],[5.525,51.764329],[5.525104,51.764765],[5.525277,51.765193],[5.525517,51.765608],[5.525822,51.766006],[5.526188,51.766384],[5.526612,51.766738],[5.527091,51.767065],[5.527618,51.767361],[5.52819,51.767623],[5.528801,51.76785],[5.529445,51.768039],[5.530116,51.768187],[5.530806,51.768294],[5.531511,51.768359],[5.532222,51.76838]]]}},{"type":"Feature","properties":{"identifier":"5.20","name":"Industriegebied met risicos op zware ongevallen","restriction":"CONDITIONAL","rule":"OPEN cat. vluchten zijn hier verboden SPEC cat. vluchten vereisen een privilege op de exploitatievergunning","category":"industrie","source":"AIP Nederland ENR 5.3, ED-269, 22 juli 2024"},"geometry":{"type":"Polygon","coordinates":[[[6.715833,53.174769],[6.716568,53.174748],[6.717295,53.174683],[6.718008,53.174576],[6.718701,53.174427],[6.719365,53.174239],[6.719996,53.174012],[6.720587,53.17375],[6.721132,53.173454],[6.721625,53.173127],[6.722064,53.172773],[6.722442,53.172395],[6.722756,53.171997],[6.723004,53.171582],[6.723182,53.171154],[6.72329,53.170718],[6.723326,53.170278],[6.72329,53.169838],[6.723182,53.169402],[6.723004,53.168974],[6.722756,53.168559],[6.722442,53.16816],[6.722064,53.167782],[6.721625,53.167428],[6.721132,53.167102],[6.720587,53.166806],[6.719996,53.166543],[6.719365,53.166317],[6.718701,53.166128],[6.718008,53.16598],[6.717295,53.165873],[6.716568,53.165808],[6.715833,53.165786],[6.715099,53.165808],[6.714372,53.165873],[6.713658,53.16598],[6.712966,53.166128],[6.712301,53.166317],[6.71167,53.166543],[6.71108,53.166806],[6.710535,53.167102],[6.710041,53.167428],[6.709603,53.167782],[6.709225,53.16816],[6.708911,53.168559],[6.708663,53.168974],[6.708484,53.169402],[6.708376,53.169838],[6.70834,53.170278],[6.708376,53.170718],[6.708484,53.171154],[6.708663,53.171582],[6.708911,53.171997],[6.709225,53.172395],[6.709603,53.172773],[6.710041,53.173127],[6.710535,53.173454],[6.71108,53.17375],[6.71167,53.174012],[6.712301,53.174239],[6.712966,53.174427],[6.713658,53.174576],[6.714372,53.174683],[6.715099,53.174748],[6.715833,53.174769]]]}},{"type":"Feature","properties":{"identifier":"5.21","name":"Industriegebied met risicos op zware ongevallen","restriction":"CONDITIONAL","rule":"OPEN cat. vluchten zijn hier verboden SPEC cat. vluchten vereisen een privilege op de exploitatievergunning","category":"industrie","source":"AIP Nederland ENR 5.3, ED-269, 22 juli 2024"},"geometry":{"type":"Polygon","coordinates":[[[7.044722,52.923936],[7.045452,52.923914],[7.046176,52.92385],[7.046885,52.923743],[7.047573,52.923594],[7.048234,52.923406],[7.048861,52.923179],[7.049448,52.922916],[7.04999,52.92262],[7.050481,52.922294],[7.050916,52.92194],[7.051292,52.921562],[7.051605,52.921163],[7.051851,52.920748],[7.052029,52.920321],[7.052136,52.919885],[7.052172,52.919444],[7.052136,52.919004],[7.052029,52.918568],[7.051851,52.918141],[7.051605,52.917726],[7.051292,52.917327],[7.050916,52.916949],[7.050481,52.916595],[7.04999,52.916268],[7.049448,52.915972],[7.048861,52.91571],[7.048234,52.915483],[7.047573,52.915295],[7.046885,52.915146],[7.046176,52.915039],[7.045452,52.914974],[7.044722,52.914953],[7.043992,52.914974],[7.043269,52.915039],[7.04256,52.915146],[7.041871,52.915295],[7.041211,52.915483],[7.040584,52.91571],[7.039996,52.915972],[7.039455,52.916268],[7.038964,52.916595],[7.038528,52.916949],[7.038152,52.917327],[7.03784,52.917726],[7.037594,52.918141],[7.037416,52.918568],[7.037309,52.919004],[7.037273,52.919444],[7.037309,52.919885],[7.037416,52.920321],[7.037594,52.920748],[7.03784,52.921163],[7.038152,52.921562],[7.038528,52.92194],[7.038964,52.922294],[7.039455,52.92262],[7.039996,52.922916],[7.040584,52.923179],[7.041211,52.923406],[7.041871,52.923594],[7.04256,52.923743],[7.043269,52.92385],[7.043992,52.923914],[7.044722,52.923936]]]}},{"type":"Feature","properties":{"identifier":"5.22","name":"Industriegebied met risicos op zware ongevallen","restriction":"CONDITIONAL","rule":"OPEN cat. vluchten zijn hier verboden SPEC cat. vluchten vereisen een privilege op de exploitatievergunning","category":"industrie","source":"AIP Nederland ENR 5.3, ED-269, 22 juli 2024"},"geometry":{"type":"Polygon","coordinates":[[[6.176667,53.183658],[6.177401,53.183637],[6.178129,53.183572],[6.178842,53.183465],[6.179535,53.183316],[6.1802,53.183128],[6.18083,53.182901],[6.181421,53.182639],[6.181966,53.182343],[6.18246,53.182016],[6.182898,53.181662],[6.183276,53.181284],[6.183591,53.180886],[6.183838,53.180471],[6.184017,53.180043],[6.184125,53.179607],[6.184161,53.179167],[6.184125,53.178726],[6.184017,53.17829],[6.183838,53.177863],[6.183591,53.177448],[6.183276,53.177049],[6.182898,53.176671],[6.18246,53.176317],[6.181966,53.175991],[6.181421,53.175695],[6.18083,53.175432],[6.1802,53.175205],[6.179535,53.175017],[6.178842,53.174868],[6.178129,53.174761],[6.177401,53.174697],[6.176667,53.174675],[6.175932,53.174697],[6.175205,53.174761],[6.174491,53.174868],[6.173799,53.175017],[6.173134,53.175205],[6.172503,53.175432],[6.171912,53.175695],[6.171367,53.175991],[6.170873,53.176317],[6.170435,53.176671],[6.170057,53.177049],[6.169743,53.177448],[6.169495,53.177863],[6.169316,53.17829],[6.169208,53.178726],[6.169172,53.179167],[6.169208,53.179607],[6.169316,53.180043],[6.169495,53.180471],[6.169743,53.180886],[6.170057,53.181284],[6.170435,53.181662],[6.170873,53.182016],[6.171367,53.182343],[6.171912,53.182639],[6.172503,53.182901],[6.173134,53.183128],[6.173799,53.183316],[6.174491,53.183465],[6.175205,53.183572],[6.175932,53.183637],[6.176667,53.183658]]]}},{"type":"Feature","properties":{"identifier":"5.23","name":"Industriegebied met risicos op zware ongevallen","restriction":"CONDITIONAL","rule":"OPEN cat. vluchten zijn hier verboden SPEC cat. vluchten vereisen een privilege op de exploitatievergunning","category":"industrie","source":"AIP Nederland ENR 5.3, ED-269, 22 juli 2024"},"geometry":{"type":"Polygon","coordinates":[[[6.843611,52.236714],[6.84433,52.236692],[6.845042,52.236627],[6.84574,52.23652],[6.846418,52.236372],[6.847068,52.236183],[6.847685,52.235957],[6.848264,52.235694],[6.848797,52.235398],[6.84928,52.235072],[6.849709,52.234718],[6.850079,52.23434],[6.850387,52.233941],[6.850629,52.233526],[6.850804,52.233098],[6.850909,52.232662],[6.850945,52.232222],[6.850909,52.231782],[6.850804,52.231346],[6.850629,52.230918],[6.850387,52.230503],[6.850079,52.230105],[6.849709,52.229727],[6.84928,52.229373],[6.848797,52.229046],[6.848264,52.22875],[6.847685,52.228488],[6.847068,52.228261],[6.846418,52.228073],[6.84574,52.227924],[6.845042,52.227817],[6.84433,52.227752],[6.843611,52.227731],[6.842892,52.227752],[6.84218,52.227817],[6.841482,52.227924],[6.840805,52.228073],[6.840154,52.228261],[6.839537,52.228488],[6.838959,52.22875],[6.838425,52.229046],[6.837942,52.229373],[6.837513,52.229727],[6.837143,52.230105],[6.836836,52.230503],[6.836593,52.230918],[6.836418,52.231346],[6.836313,52.231782],[6.836277,52.232222],[6.836313,52.232662],[6.836418,52.233098],[6.836593,52.233526],[6.836836,52.233941],[6.837143,52.23434],[6.837513,52.234718],[6.837942,52.235072],[6.838425,52.235398],[6.838959,52.235694],[6.839537,52.235957],[6.840154,52.236183],[6.840805,52.236372],[6.841482,52.23652],[6.84218,52.236627],[6.842892,52.236692],[6.843611,52.236714]]]}},{"type":"Feature","properties":{"identifier":"5.24","name":"Industriegebied met risicos op zware ongevallen","restriction":"CONDITIONAL","rule":"OPEN cat. vluchten zijn hier verboden SPEC cat. vluchten vereisen een privilege op de exploitatievergunning","category":"industrie","source":"AIP Nederland ENR 5.3, ED-269, 22 juli 2024"},"geometry":{"type":"Polygon","coordinates":[[[5.994167,50.856436],[5.994864,50.856414],[5.995555,50.85635],[5.996232,50.856243],[5.996889,50.856094],[5.99752,50.855906],[5.998119,50.855679],[5.99868,50.855416],[5.999197,50.85512],[5.999666,50.854794],[6.000082,50.85444],[6.000441,50.854062],[6.00074,50.853663],[6.000975,50.853248],[6.001144,50.852821],[6.001247,50.852385],[6.001281,50.851944],[6.001247,50.851504],[6.001144,50.851068],[6.000975,50.850641],[6.00074,50.850226],[6.000441,50.849827],[6.000082,50.849449],[5.999666,50.849095],[5.999197,50.848768],[5.99868,50.848472],[5.998119,50.84821],[5.99752,50.847983],[5.996889,50.847795],[5.996232,50.847646],[5.995555,50.847539],[5.994864,50.847474],[5.994167,50.847453],[5.993469,50.847474],[5.992779,50.847539],[5.992101,50.847646],[5.991444,50.847795],[5.990813,50.847983],[5.990214,50.84821],[5.989653,50.848472],[5.989136,50.848768],[5.988667,50.849095],[5.988251,50.849449],[5.987892,50.849827],[5.987594,50.850226],[5.987359,50.850641],[5.987189,50.851068],[5.987086,50.851504],[5.987052,50.851944],[5.987086,50.852385],[5.987189,50.852821],[5.987359,50.853248],[5.987594,50.853663],[5.987892,50.854062],[5.988251,50.85444],[5.988667,50.854794],[5.989136,50.85512],[5.989653,50.855416],[5.990214,50.855679],[5.990813,50.855906],[5.991444,50.856094],[5.992101,50.856243],[5.992779,50.85635],[5.993469,50.856414],[5.994167,50.856436]]]}},{"type":"Feature","properties":{"identifier":"5.25","name":"Industriegebied met risicos op zware ongevallen","restriction":"CONDITIONAL","rule":"OPEN cat. vluchten zijn hier verboden SPEC cat. vluchten vereisen een privilege op de exploitatievergunning","category":"industrie","source":"AIP Nederland ENR 5.3, ED-269, 22 juli 2024"},"geometry":{"type":"Polygon","coordinates":[[[4.355833,51.910325],[4.356547,51.910303],[4.357254,51.910239],[4.357947,51.910132],[4.358619,51.909983],[4.359265,51.909795],[4.359878,51.909568],[4.360452,51.909305],[4.360981,51.909009],[4.361461,51.908683],[4.361887,51.908329],[4.362254,51.907951],[4.362559,51.907552],[4.3628,51.907137],[4.362974,51.90671],[4.363079,51.906274],[4.363114,51.905833],[4.363079,51.905393],[4.362974,51.904957],[4.3628,51.904529],[4.362559,51.904114],[4.362254,51.903716],[4.361887,51.903338],[4.361461,51.902984],[4.360981,51.902657],[4.360452,51.902361],[4.359878,51.902099],[4.359265,51.901872],[4.358619,51.901684],[4.357947,51.901535],[4.357254,51.901428],[4.356547,51.901363],[4.355833,51.901342],[4.35512,51.901363],[4.354413,51.901428],[4.35372,51.901535],[4.353047,51.901684],[4.352401,51.901872],[4.351789,51.902099],[4.351215,51.902361],[4.350685,51.902657],[4.350206,51.902984],[4.34978,51.903338],[4.349413,51.903716],[4.349107,51.904114],[4.348867,51.904529],[4.348693,51.904957],[4.348588,51.905393],[4.348553,51.905833],[4.348588,51.906274],[4.348693,51.90671],[4.348867,51.907137],[4.349107,51.907552],[4.349413,51.907951],[4.34978,51.908329],[4.350206,51.908683],[4.350685,51.909009],[4.351215,51.909305],[4.351789,51.909568],[4.352401,51.909795],[4.353047,51.909983],[4.35372,51.910132],[4.354413,51.910239],[4.35512,51.910303],[4.355833,51.910325]]]}},{"type":"Feature","properties":{"identifier":"5.26","name":"Industriegebied met risicos op zware ongevallen","restriction":"CONDITIONAL","rule":"OPEN cat. vluchten zijn hier verboden SPEC cat. vluchten vereisen een privilege op de exploitatievergunning","category":"industrie","source":"AIP Nederland ENR 5.3, ED-269, 22 juli 2024"},"geometry":{"type":"Polygon","coordinates":[[[4.1975,51.915603],[4.198214,51.915581],[4.19892,51.915516],[4.199614,51.915409],[4.200286,51.915261],[4.200932,51.915072],[4.201545,51.914846],[4.202119,51.914583],[4.202649,51.914287],[4.203128,51.913961],[4.203554,51.913606],[4.203921,51.913228],[4.204227,51.91283],[4.204468,51.912415],[4.204641,51.911987],[4.204746,51.911551],[4.204781,51.911111],[4.204746,51.910671],[4.204641,51.910235],[4.204468,51.909807],[4.204227,51.909392],[4.203921,51.908994],[4.203554,51.908616],[4.203128,51.908262],[4.202649,51.907935],[4.202119,51.907639],[4.201545,51.907377],[4.200932,51.90715],[4.200286,51.906961],[4.199614,51.906813],[4.19892,51.906706],[4.198214,51.906641],[4.1975,51.90662],[4.196786,51.906641],[4.19608,51.906706],[4.195386,51.906813],[4.194714,51.906961],[4.194068,51.90715],[4.193455,51.907377],[4.192881,51.907639],[4.192351,51.907935],[4.191872,51.908262],[4.191446,51.908616],[4.191079,51.908994],[4.190773,51.909392],[4.190532,51.909807],[4.190359,51.910235],[4.190254,51.910671],[4.190219,51.911111],[4.190254,51.911551],[4.190359,51.911987],[4.190532,51.912415],[4.190773,51.91283],[4.191079,51.913228],[4.191446,51.913606],[4.191872,51.913961],[4.192351,51.914287],[4.192881,51.914583],[4.193455,51.914846],[4.194068,51.915072],[4.194714,51.915261],[4.195386,51.915409],[4.19608,51.915516],[4.196786,51.915581],[4.1975,51.915603]]]}},{"type":"Feature","properties":{"identifier":"5.27","name":"Industriegebied met risicos op zware ongevallen","restriction":"CONDITIONAL","rule":"OPEN cat. vluchten zijn hier verboden SPEC cat. vluchten vereisen een privilege op de exploitatievergunning","category":"industrie","source":"AIP Nederland ENR 5.3, ED-269, 22 juli 2024"},"geometry":{"type":"Polygon","coordinates":[[[5.540556,51.976436],[5.54127,51.976414],[5.541978,51.97635],[5.542672,51.976243],[5.543346,51.976094],[5.543992,51.975906],[5.544606,51.975679],[5.545181,51.975416],[5.545711,51.97512],[5.546192,51.974794],[5.546618,51.97444],[5.546986,51.974062],[5.547292,51.973663],[5.547533,51.973248],[5.547706,51.972821],[5.547811,51.972385],[5.547847,51.971944],[5.547811,51.971504],[5.547706,51.971068],[5.547533,51.970641],[5.547292,51.970226],[5.546986,51.969827],[5.546618,51.969449],[5.546192,51.969095],[5.545711,51.968768],[5.545181,51.968472],[5.544606,51.96821],[5.543992,51.967983],[5.543346,51.967795],[5.542672,51.967646],[5.541978,51.967539],[5.54127,51.967474],[5.540556,51.967453],[5.539841,51.967474],[5.539133,51.967539],[5.538439,51.967646],[5.537765,51.967795],[5.537119,51.967983],[5.536505,51.96821],[5.53593,51.968472],[5.5354,51.968768],[5.53492,51.969095],[5.534493,51.969449],[5.534126,51.969827],[5.53382,51.970226],[5.533579,51.970641],[5.533405,51.971068],[5.5333,51.971504],[5.533265,51.971944],[5.5333,51.972385],[5.533405,51.972821],[5.533579,51.973248],[5.53382,51.973663],[5.534126,51.974062],[5.534493,51.97444],[5.53492,51.974794],[5.5354,51.97512],[5.53593,51.975416],[5.536505,51.975679],[5.537119,51.975906],[5.537765,51.976094],[5.538439,51.976243],[5.539133,51.97635],[5.539841,51.976414],[5.540556,51.976436]]]}},{"type":"Feature","properties":{"identifier":"5.28","name":"Industriegebied met risicos op zware ongevallen","restriction":"CONDITIONAL","rule":"OPEN cat. vluchten zijn hier verboden SPEC cat. vluchten vereisen een privilege op de exploitatievergunning","category":"industrie","source":"AIP Nederland ENR 5.3, ED-269, 22 juli 2024"},"geometry":{"type":"Polygon","coordinates":[[[5.89,52.97338],[5.890731,52.973359],[5.891455,52.973294],[5.892165,52.973187],[5.892854,52.973039],[5.893516,52.97285],[5.894143,52.972623],[5.894731,52.972361],[5.895274,52.972065],[5.895765,52.971738],[5.896201,52.971384],[5.896577,52.971006],[5.89689,52.970608],[5.897137,52.970193],[5.897315,52.969765],[5.897422,52.969329],[5.897458,52.968889],[5.897422,52.968449],[5.897315,52.968013],[5.897137,52.967585],[5.89689,52.96717],[5.896577,52.966772],[5.896201,52.966394],[5.895765,52.966039],[5.895274,52.965713],[5.894731,52.965417],[5.894143,52.965154],[5.893516,52.964928],[5.892854,52.964739],[5.892165,52.964591],[5.891455,52.964484],[5.890731,52.964419],[5.89,52.964397],[5.889269,52.964419],[5.888545,52.964484],[5.887835,52.964591],[5.887146,52.964739],[5.886484,52.964928],[5.885857,52.965154],[5.885269,52.965417],[5.884726,52.965713],[5.884235,52.966039],[5.883799,52.966394],[5.883423,52.966772],[5.88311,52.96717],[5.882863,52.967585],[5.882685,52.968013],[5.882578,52.968449],[5.882542,52.968889],[5.882578,52.969329],[5.882685,52.969765],[5.882863,52.970193],[5.88311,52.970608],[5.883423,52.971006],[5.883799,52.971384],[5.884235,52.971738],[5.884726,52.972065],[5.885269,52.972361],[5.885857,52.972623],[5.886484,52.97285],[5.887146,52.973039],[5.887835,52.973187],[5.888545,52.973294],[5.889269,52.973359],[5.89,52.97338]]]}},{"type":"Feature","properties":{"identifier":"5.29","name":"Industriegebied met risicos op zware ongevallen","restriction":"CONDITIONAL","rule":"OPEN cat. vluchten zijn hier verboden SPEC cat. vluchten vereisen een privilege op de exploitatievergunning","category":"industrie","source":"AIP Nederland ENR 5.3, ED-269, 22 juli 2024"},"geometry":{"type":"Polygon","coordinates":[[[4.771111,52.878103],[4.771841,52.878081],[4.772563,52.878016],[4.773271,52.877909],[4.773959,52.877761],[4.774619,52.877572],[4.775245,52.877346],[4.775832,52.877083],[4.776373,52.876787],[4.776864,52.876461],[4.777299,52.876106],[4.777674,52.875728],[4.777986,52.87533],[4.778232,52.874915],[4.77841,52.874487],[4.778517,52.874051],[4.778553,52.873611],[4.778517,52.873171],[4.77841,52.872735],[4.778232,52.872307],[4.777986,52.871892],[4.777674,52.871494],[4.777299,52.871116],[4.776864,52.870762],[4.776373,52.870435],[4.775832,52.870139],[4.775245,52.869877],[4.774619,52.86965],[4.773959,52.869461],[4.773271,52.869313],[4.772563,52.869206],[4.771841,52.869141],[4.771111,52.86912],[4.770382,52.869141],[4.769659,52.869206],[4.768951,52.869313],[4.768263,52.869461],[4.767603,52.86965],[4.766977,52.869877],[4.76639,52.870139],[4.765849,52.870435],[4.765359,52.870762],[4.764924,52.871116],[4.764548,52.871494],[4.764236,52.871892],[4.76399,52.872307],[4.763812,52.872735],[4.763705,52.873171],[4.763669,52.873611],[4.763705,52.874051],[4.763812,52.874487],[4.76399,52.874915],[4.764236,52.87533],[4.764548,52.875728],[4.764924,52.876106],[4.765359,52.876461],[4.765849,52.876787],[4.76639,52.877083],[4.766977,52.877346],[4.767603,52.877572],[4.768263,52.877761],[4.768951,52.877909],[4.769659,52.878016],[4.770382,52.878081],[4.771111,52.878103]]]}},{"type":"Feature","properties":{"identifier":"5.30","name":"Industriegebied met risicos op zware ongevallen","restriction":"CONDITIONAL","rule":"OPEN cat. vluchten zijn hier verboden SPEC cat. vluchten vereisen een privilege op de exploitatievergunning","category":"industrie","source":"AIP Nederland ENR 5.3, ED-269, 22 juli 2024"},"geometry":{"type":"Polygon","coordinates":[[[5.575278,52.270325],[5.575997,52.270303],[5.57671,52.270239],[5.577408,52.270132],[5.578086,52.269983],[5.578737,52.269795],[5.579355,52.269568],[5.579934,52.269305],[5.580467,52.269009],[5.580951,52.268683],[5.58138,52.268329],[5.58175,52.267951],[5.582058,52.267552],[5.582301,52.267137],[5.582476,52.26671],[5.582582,52.266274],[5.582617,52.265833],[5.582582,52.265393],[5.582476,52.264957],[5.582301,52.264529],[5.582058,52.264114],[5.58175,52.263716],[5.58138,52.263338],[5.580951,52.262984],[5.580467,52.262657],[5.579934,52.262361],[5.579355,52.262099],[5.578737,52.261872],[5.578086,52.261684],[5.577408,52.261535],[5.57671,52.261428],[5.575997,52.261363],[5.575278,52.261342],[5.574558,52.261363],[5.573846,52.261428],[5.573147,52.261535],[5.572469,52.261684],[5.571818,52.261872],[5.5712,52.262099],[5.570622,52.262361],[5.570088,52.262657],[5.569605,52.262984],[5.569175,52.263338],[5.568805,52.263716],[5.568497,52.264114],[5.568255,52.264529],[5.56808,52.264957],[5.567974,52.265393],[5.567939,52.265833],[5.567974,52.266274],[5.56808,52.26671],[5.568255,52.267137],[5.568497,52.267552],[5.568805,52.267951],[5.569175,52.268329],[5.569605,52.268683],[5.570088,52.269009],[5.570622,52.269305],[5.5712,52.269568],[5.571818,52.269795],[5.572469,52.269983],[5.573147,52.270132],[5.573846,52.270239],[5.574558,52.270303],[5.575278,52.270325]]]}},{"type":"Feature","properties":{"identifier":"5.31","name":"Industriegebied met risicos op zware ongevallen","restriction":"CONDITIONAL","rule":"OPEN cat. vluchten zijn hier verboden SPEC cat. vluchten vereisen een privilege op de exploitatievergunning","category":"industrie","source":"AIP Nederland ENR 5.3, ED-269, 22 juli 2024"},"geometry":{"type":"Polygon","coordinates":[[[5.985833,51.557547],[5.986541,51.557526],[5.987243,51.557461],[5.98793,51.557354],[5.988598,51.557205],[5.989239,51.557017],[5.989847,51.55679],[5.990416,51.556528],[5.990941,51.556232],[5.991417,51.555905],[5.99184,51.555551],[5.992204,51.555173],[5.992507,51.554774],[5.992746,51.554359],[5.992918,51.553932],[5.993022,51.553496],[5.993057,51.553056],[5.993022,51.552615],[5.992918,51.552179],[5.992746,51.551752],[5.992507,51.551337],[5.992204,51.550938],[5.99184,51.55056],[5.991417,51.550206],[5.990941,51.54988],[5.990416,51.549584],[5.989847,51.549321],[5.989239,51.549094],[5.988598,51.548906],[5.98793,51.548757],[5.987243,51.54865],[5.986541,51.548586],[5.985833,51.548564],[5.985125,51.548586],[5.984424,51.54865],[5.983736,51.548757],[5.983069,51.548906],[5.982428,51.549094],[5.98182,51.549321],[5.981251,51.549584],[5.980725,51.54988],[5.980249,51.550206],[5.979827,51.55056],[5.979463,51.550938],[5.97916,51.551337],[5.978921,51.551752],[5.978749,51.552179],[5.978644,51.552615],[5.97861,51.553056],[5.978644,51.553496],[5.978749,51.553932],[5.978921,51.554359],[5.97916,51.554774],[5.979463,51.555173],[5.979827,51.555551],[5.980249,51.555905],[5.980725,51.556232],[5.981251,51.556528],[5.98182,51.55679],[5.982428,51.557017],[5.983069,51.557205],[5.983736,51.557354],[5.984424,51.557461],[5.985125,51.557526],[5.985833,51.557547]]]}},{"type":"Feature","properties":{"identifier":"5.32","name":"Industriegebied met risicos op zware ongevallen","restriction":"CONDITIONAL","rule":"OPEN cat. vluchten zijn hier verboden SPEC cat. vluchten vereisen een privilege op de exploitatievergunning","category":"industrie","source":"AIP Nederland ENR 5.3, ED-269, 22 juli 2024"},"geometry":{"type":"Polygon","coordinates":[[[6.036111,50.858103],[6.036808,50.858081],[6.037499,50.858016],[6.038176,50.857909],[6.038834,50.857761],[6.039465,50.857572],[6.040064,50.857346],[6.040625,50.857083],[6.041142,50.856787],[6.041611,50.856461],[6.042027,50.856106],[6.042386,50.855728],[6.042684,50.85533],[6.04292,50.854915],[6.043089,50.854487],[6.043192,50.854051],[6.043226,50.853611],[6.043192,50.853171],[6.043089,50.852735],[6.04292,50.852307],[6.042684,50.851892],[6.042386,50.851494],[6.042027,50.851116],[6.041611,50.850762],[6.041142,50.850435],[6.040625,50.850139],[6.040064,50.849877],[6.039465,50.84965],[6.038834,50.849461],[6.038176,50.849313],[6.037499,50.849206],[6.036808,50.849141],[6.036111,50.84912],[6.035414,50.849141],[6.034723,50.849206],[6.034046,50.849313],[6.033388,50.849461],[6.032757,50.84965],[6.032158,50.849877],[6.031598,50.850139],[6.03108,50.850435],[6.030611,50.850762],[6.030195,50.851116],[6.029836,50.851494],[6.029538,50.851892],[6.029303,50.852307],[6.029133,50.852735],[6.029031,50.853171],[6.028996,50.853611],[6.029031,50.854051],[6.029133,50.854487],[6.029303,50.854915],[6.029538,50.85533],[6.029836,50.855728],[6.030195,50.856106],[6.030611,50.856461],[6.03108,50.856787],[6.031598,50.857083],[6.032158,50.857346],[6.032757,50.857572],[6.033388,50.857761],[6.034046,50.857909],[6.034723,50.858016],[6.035414,50.858081],[6.036111,50.858103]]]}},{"type":"Feature","properties":{"identifier":"5.33","name":"Industriegebied met risicos op zware ongevallen","restriction":"CONDITIONAL","rule":"OPEN cat. vluchten zijn hier verboden SPEC cat. vluchten vereisen een privilege op de exploitatievergunning","category":"industrie","source":"AIP Nederland ENR 5.3, ED-269, 22 juli 2024"},"geometry":{"type":"Polygon","coordinates":[[[4.638889,51.631714],[4.639598,51.631692],[4.6403,51.631627],[4.640989,51.63152],[4.641658,51.631372],[4.6423,51.631183],[4.642909,51.630957],[4.643479,51.630694],[4.644005,51.630398],[4.644482,51.630072],[4.644905,51.629718],[4.64527,51.62934],[4.645574,51.628941],[4.645813,51.628526],[4.645985,51.628098],[4.646089,51.627662],[4.646124,51.627222],[4.646089,51.626782],[4.645985,51.626346],[4.645813,51.625918],[4.645574,51.625503],[4.64527,51.625105],[4.644905,51.624727],[4.644482,51.624373],[4.644005,51.624046],[4.643479,51.62375],[4.642909,51.623488],[4.6423,51.623261],[4.641658,51.623073],[4.640989,51.622924],[4.6403,51.622817],[4.639598,51.622752],[4.638889,51.622731],[4.63818,51.622752],[4.637477,51.622817],[4.636789,51.622924],[4.63612,51.623073],[4.635478,51.623261],[4.634869,51.623488],[4.634299,51.62375],[4.633773,51.624046],[4.633296,51.624373],[4.632873,51.624727],[4.632508,51.625105],[4.632204,51.625503],[4.631965,51.625918],[4.631792,51.626346],[4.631688,51.626782],[4.631653,51.627222],[4.631688,51.627662],[4.631792,51.628098],[4.631965,51.628526],[4.632204,51.628941],[4.632508,51.62934],[4.632873,51.629718],[4.633296,51.630072],[4.633773,51.630398],[4.634299,51.630694],[4.634869,51.630957],[4.635478,51.631183],[4.63612,51.631372],[4.636789,51.63152],[4.637477,51.631627],[4.63818,51.631692],[4.638889,51.631714]]]}},{"type":"Feature","properties":{"identifier":"5.34","name":"Industriegebied met risicos op zware ongevallen","restriction":"CONDITIONAL","rule":"OPEN cat. vluchten zijn hier verboden SPEC cat. vluchten vereisen een privilege op de exploitatievergunning","category":"industrie","source":"AIP Nederland ENR 5.3, ED-269, 22 juli 2024"},"geometry":{"type":"Polygon","coordinates":[[[3.885556,51.491714],[3.886263,51.491692],[3.886963,51.491627],[3.887649,51.49152],[3.888316,51.491372],[3.888956,51.491183],[3.889563,51.490957],[3.890132,51.490694],[3.890656,51.490398],[3.891131,51.490072],[3.891553,51.489718],[3.891917,51.48934],[3.89222,51.488941],[3.892458,51.488526],[3.89263,51.488098],[3.892734,51.487662],[3.892769,51.487222],[3.892734,51.486782],[3.89263,51.486346],[3.892458,51.485918],[3.89222,51.485503],[3.891917,51.485105],[3.891553,51.484727],[3.891131,51.484373],[3.890656,51.484046],[3.890132,51.48375],[3.889563,51.483488],[3.888956,51.483261],[3.888316,51.483073],[3.887649,51.482924],[3.886963,51.482817],[3.886263,51.482752],[3.885556,51.482731],[3.884849,51.482752],[3.884148,51.482817],[3.883462,51.482924],[3.882795,51.483073],[3.882155,51.483261],[3.881548,51.483488],[3.88098,51.48375],[3.880455,51.484046],[3.87998,51.484373],[3.879558,51.484727],[3.879194,51.485105],[3.878891,51.485503],[3.878653,51.485918],[3.878481,51.486346],[3.878377,51.486782],[3.878342,51.487222],[3.878377,51.487662],[3.878481,51.488098],[3.878653,51.488526],[3.878891,51.488941],[3.879194,51.48934],[3.879558,51.489718],[3.87998,51.490072],[3.880455,51.490398],[3.88098,51.490694],[3.881548,51.490957],[3.882155,51.491183],[3.882795,51.491372],[3.883462,51.49152],[3.884148,51.491627],[3.884849,51.491692],[3.885556,51.491714]]]}},{"type":"Feature","properties":{"identifier":"5.35","name":"Industriegebied met risicos op zware ongevallen","restriction":"CONDITIONAL","rule":"OPEN cat. vluchten zijn hier verboden SPEC cat. vluchten vereisen een privilege op de exploitatievergunning","category":"industrie","source":"AIP Nederland ENR 5.3, ED-269, 22 juli 2024"},"geometry":{"type":"Polygon","coordinates":[[[5.886389,52.978103],[5.88712,52.978081],[5.887844,52.978016],[5.888554,52.977909],[5.889243,52.977761],[5.889905,52.977572],[5.890533,52.977346],[5.891121,52.977083],[5.891663,52.976787],[5.892155,52.976461],[5.892591,52.976106],[5.892967,52.975728],[5.89328,52.97533],[5.893527,52.974915],[5.893704,52.974487],[5.893812,52.974051],[5.893848,52.973611],[5.893812,52.973171],[5.893704,52.972735],[5.893527,52.972307],[5.89328,52.971892],[5.892967,52.971494],[5.892591,52.971116],[5.892155,52.970762],[5.891663,52.970435],[5.891121,52.970139],[5.890533,52.969877],[5.889905,52.96965],[5.889243,52.969461],[5.888554,52.969313],[5.887844,52.969206],[5.88712,52.969141],[5.886389,52.96912],[5.885658,52.969141],[5.884934,52.969206],[5.884224,52.969313],[5.883535,52.969461],[5.882873,52.96965],[5.882245,52.969877],[5.881657,52.970139],[5.881115,52.970435],[5.880623,52.970762],[5.880187,52.971116],[5.879811,52.971494],[5.879498,52.971892],[5.879251,52.972307],[5.879073,52.972735],[5.878966,52.973171],[5.87893,52.973611],[5.878966,52.974051],[5.879073,52.974487],[5.879251,52.974915],[5.879498,52.97533],[5.879811,52.975728],[5.880187,52.976106],[5.880623,52.976461],[5.881115,52.976787],[5.881657,52.977083],[5.882245,52.977346],[5.882873,52.977572],[5.883535,52.977761],[5.884224,52.977909],[5.884934,52.978016],[5.885658,52.978081],[5.886389,52.978103]]]}},{"type":"Feature","properties":{"identifier":"5.36","name":"Industriegebied met risicos op zware ongevallen","restriction":"CONDITIONAL","rule":"OPEN cat. vluchten zijn hier verboden SPEC cat. vluchten vereisen een privilege op de exploitatievergunning","category":"industrie","source":"AIP Nederland ENR 5.3, ED-269, 22 juli 2024"},"geometry":{"type":"Polygon","coordinates":[[[5.656111,51.247547],[5.656814,51.247526],[5.657511,51.247461],[5.658194,51.247354],[5.658857,51.247205],[5.659493,51.247017],[5.660097,51.24679],[5.660663,51.246528],[5.661184,51.246232],[5.661657,51.245905],[5.662077,51.245551],[5.662439,51.245173],[5.66274,51.244774],[5.662977,51.244359],[5.663148,51.243932],[5.663251,51.243496],[5.663286,51.243056],[5.663251,51.242615],[5.663148,51.242179],[5.662977,51.241752],[5.66274,51.241337],[5.662439,51.240938],[5.662077,51.24056],[5.661657,51.240206],[5.661184,51.23988],[5.660663,51.239584],[5.660097,51.239321],[5.659493,51.239094],[5.658857,51.238906],[5.658194,51.238757],[5.657511,51.23865],[5.656814,51.238586],[5.656111,51.238564],[5.655408,51.238586],[5.654711,51.23865],[5.654028,51.238757],[5.653365,51.238906],[5.652729,51.239094],[5.652125,51.239321],[5.651559,51.239584],[5.651038,51.23988],[5.650565,51.240206],[5.650145,51.24056],[5.649783,51.240938],[5.649482,51.241337],[5.649245,51.241752],[5.649074,51.242179],[5.648971,51.242615],[5.648936,51.243056],[5.648971,51.243496],[5.649074,51.243932],[5.649245,51.244359],[5.649482,51.244774],[5.649783,51.245173],[5.650145,51.245551],[5.650565,51.245905],[5.651038,51.246232],[5.651559,51.246528],[5.652125,51.24679],[5.652729,51.247017],[5.653365,51.247205],[5.654028,51.247354],[5.654711,51.247461],[5.655408,51.247526],[5.656111,51.247547]]]}},{"type":"Feature","properties":{"identifier":"5.37","name":"Industriegebied met risicos op zware ongevallen","restriction":"CONDITIONAL","rule":"OPEN cat. vluchten zijn hier verboden SPEC cat. vluchten vereisen een privilege op de exploitatievergunning","category":"industrie","source":"AIP Nederland ENR 5.3, ED-269, 22 juli 2024"},"geometry":{"type":"Polygon","coordinates":[[[4.646111,51.816158],[4.646823,51.816137],[4.647528,51.816072],[4.64822,51.815965],[4.648891,51.815816],[4.649536,51.815628],[4.650147,51.815401],[4.65072,51.815139],[4.651248,51.814843],[4.651727,51.814516],[4.652152,51.814162],[4.652518,51.813784],[4.652823,51.813386],[4.653063,51.812971],[4.653237,51.812543],[4.653341,51.812107],[4.653376,51.811667],[4.653341,51.811226],[4.653237,51.81079],[4.653063,51.810363],[4.652823,51.809948],[4.652518,51.809549],[4.652152,51.809171],[4.651727,51.808817],[4.651248,51.808491],[4.65072,51.808195],[4.650147,51.807932],[4.649536,51.807705],[4.648891,51.807517],[4.64822,51.807368],[4.647528,51.807261],[4.646823,51.807197],[4.646111,51.807175],[4.645399,51.807197],[4.644694,51.807261],[4.644002,51.807368],[4.643331,51.807517],[4.642686,51.807705],[4.642075,51.807932],[4.641502,51.808195],[4.640974,51.808491],[4.640495,51.808817],[4.64007,51.809171],[4.639704,51.809549],[4.639399,51.809948],[4.639159,51.810363],[4.638986,51.81079],[4.638881,51.811226],[4.638846,51.811667],[4.638881,51.812107],[4.638986,51.812543],[4.639159,51.812971],[4.639399,51.813386],[4.639704,51.813784],[4.64007,51.814162],[4.640495,51.814516],[4.640974,51.814843],[4.641502,51.815139],[4.642075,51.815401],[4.642686,51.815628],[4.643331,51.815816],[4.644002,51.815965],[4.644694,51.816072],[4.645399,51.816137],[4.646111,51.816158]]]}},{"type":"Feature","properties":{"identifier":"5.38","name":"Industriegebied met risicos op zware ongevallen","restriction":"CONDITIONAL","rule":"OPEN cat. vluchten zijn hier verboden SPEC cat. vluchten vereisen een privilege op de exploitatievergunning","category":"industrie","source":"AIP Nederland ENR 5.3, ED-269, 22 juli 2024"},"geometry":{"type":"Polygon","coordinates":[[[4.165833,51.994214],[4.166548,51.994192],[4.167256,51.994127],[4.167951,51.99402],[4.168625,51.993872],[4.169272,51.993683],[4.169886,51.993457],[4.170461,51.993194],[4.170991,51.992898],[4.171472,51.992572],[4.171898,51.992218],[4.172266,51.99184],[4.172572,51.991441],[4.172813,51.991026],[4.172987,51.990598],[4.173092,51.990162],[4.173127,51.989722],[4.173092,51.989282],[4.172987,51.988846],[4.172813,51.988418],[4.172572,51.988003],[4.172266,51.987605],[4.171898,51.987227],[4.171472,51.986873],[4.170991,51.986546],[4.170461,51.98625],[4.169886,51.985988],[4.169272,51.985761],[4.168625,51.985573],[4.167951,51.985424],[4.167256,51.985317],[4.166548,51.985252],[4.165833,51.985231],[4.165118,51.985252],[4.16441,51.985317],[4.163716,51.985424],[4.163042,51.985573],[4.162395,51.985761],[4.161781,51.985988],[4.161206,51.98625],[4.160676,51.986546],[4.160195,51.986873],[4.159769,51.987227],[4.159401,51.987605],[4.159095,51.988003],[4.158854,51.988418],[4.15868,51.988846],[4.158575,51.989282],[4.158539,51.989722],[4.158575,51.990162],[4.15868,51.990598],[4.158854,51.991026],[4.159095,51.991441],[4.159401,51.99184],[4.159769,51.992218],[4.160195,51.992572],[4.160676,51.992898],[4.161206,51.993194],[4.161781,51.993457],[4.162395,51.993683],[4.163042,51.993872],[4.163716,51.99402],[4.16441,51.994127],[4.165118,51.994192],[4.165833,51.994214]]]}},{"type":"Feature","properties":{"identifier":"5.39","name":"Industriegebied met risicos op zware ongevallen","restriction":"CONDITIONAL","rule":"OPEN cat. vluchten zijn hier verboden SPEC cat. vluchten vereisen een privilege op de exploitatievergunning","category":"industrie","source":"AIP Nederland ENR 5.3, ED-269, 22 juli 2024"},"geometry":{"type":"Polygon","coordinates":[[[5.716944,52.543936],[5.717668,52.543914],[5.718385,52.54385],[5.719088,52.543743],[5.719771,52.543594],[5.720426,52.543406],[5.721047,52.543179],[5.721629,52.542916],[5.722166,52.54262],[5.722653,52.542294],[5.723085,52.54194],[5.723457,52.541562],[5.723767,52.541163],[5.724011,52.540748],[5.724187,52.540321],[5.724294,52.539885],[5.724329,52.539444],[5.724294,52.539004],[5.724187,52.538568],[5.724011,52.538141],[5.723767,52.537726],[5.723457,52.537327],[5.723085,52.536949],[5.722653,52.536595],[5.722166,52.536268],[5.721629,52.535972],[5.721047,52.53571],[5.720426,52.535483],[5.719771,52.535295],[5.719088,52.535146],[5.718385,52.535039],[5.717668,52.534974],[5.716944,52.534953],[5.716221,52.534974],[5.715504,52.535039],[5.714801,52.535146],[5.714118,52.535295],[5.713463,52.535483],[5.712842,52.53571],[5.71226,52.535972],[5.711723,52.536268],[5.711236,52.536595],[5.710804,52.536949],[5.710432,52.537327],[5.710122,52.537726],[5.709878,52.538141],[5.709701,52.538568],[5.709595,52.539004],[5.70956,52.539444],[5.709595,52.539885],[5.709701,52.540321],[5.709878,52.540748],[5.710122,52.541163],[5.710432,52.541562],[5.710804,52.54194],[5.711236,52.542294],[5.711723,52.54262],[5.71226,52.542916],[5.712842,52.543179],[5.713463,52.543406],[5.714118,52.543594],[5.714801,52.543743],[5.715504,52.54385],[5.716221,52.543914],[5.716944,52.543936]]]}},{"type":"Feature","properties":{"identifier":"5.40","name":"Industriegebied met risicos op zware ongevallen","restriction":"CONDITIONAL","rule":"OPEN cat. vluchten zijn hier verboden SPEC cat. vluchten vereisen een privilege op de exploitatievergunning","category":"industrie","source":"AIP Nederland ENR 5.3, ED-269, 22 juli 2024"},"geometry":{"type":"Polygon","coordinates":[[[6.143333,51.396436],[6.144039,51.396414],[6.144738,51.39635],[6.145423,51.396243],[6.146088,51.396094],[6.146727,51.395906],[6.147332,51.395679],[6.1479,51.395416],[6.148423,51.39512],[6.148898,51.394794],[6.149318,51.39444],[6.149682,51.394062],[6.149984,51.393663],[6.150222,51.393248],[6.150393,51.392821],[6.150497,51.392385],[6.150531,51.391944],[6.150497,51.391504],[6.150393,51.391068],[6.150222,51.390641],[6.149984,51.390226],[6.149682,51.389827],[6.149318,51.389449],[6.148898,51.389095],[6.148423,51.388768],[6.1479,51.388472],[6.147332,51.38821],[6.146727,51.387983],[6.146088,51.387795],[6.145423,51.387646],[6.144738,51.387539],[6.144039,51.387474],[6.143333,51.387453],[6.142628,51.387474],[6.141929,51.387539],[6.141244,51.387646],[6.140579,51.387795],[6.13994,51.387983],[6.139334,51.38821],[6.138767,51.388472],[6.138243,51.388768],[6.137769,51.389095],[6.137348,51.389449],[6.136985,51.389827],[6.136683,51.390226],[6.136445,51.390641],[6.136273,51.391068],[6.13617,51.391504],[6.136135,51.391944],[6.13617,51.392385],[6.136273,51.392821],[6.136445,51.393248],[6.136683,51.393663],[6.136985,51.394062],[6.137348,51.39444],[6.137769,51.394794],[6.138243,51.39512],[6.138767,51.395416],[6.139334,51.395679],[6.13994,51.395906],[6.140579,51.396094],[6.141244,51.396243],[6.141929,51.39635],[6.142628,51.396414],[6.143333,51.396436]]]}},{"type":"Feature","properties":{"identifier":"5.41","name":"Industriegebied met risicos op zware ongevallen","restriction":"CONDITIONAL","rule":"OPEN cat. vluchten zijn hier verboden SPEC cat. vluchten vereisen een privilege op de exploitatievergunning","category":"industrie","source":"AIP Nederland ENR 5.3, ED-269, 22 juli 2024"},"geometry":{"type":"Polygon","coordinates":[[[6.723889,53.169492],[6.724623,53.16947],[6.725351,53.169405],[6.726064,53.169298],[6.726756,53.16915],[6.727421,53.168961],[6.728051,53.168735],[6.728642,53.168472],[6.729187,53.168176],[6.72968,53.167849],[6.730118,53.167495],[6.730496,53.167117],[6.730811,53.166719],[6.731058,53.166304],[6.731237,53.165876],[6.731345,53.16544],[6.731381,53.165],[6.731345,53.16456],[6.731237,53.164124],[6.731058,53.163696],[6.730811,53.163281],[6.730496,53.162883],[6.730118,53.162505],[6.72968,53.162151],[6.729187,53.161824],[6.728642,53.161528],[6.728051,53.161265],[6.727421,53.161039],[6.726756,53.16085],[6.726064,53.160702],[6.725351,53.160595],[6.724623,53.16053],[6.723889,53.160508],[6.723155,53.16053],[6.722427,53.160595],[6.721714,53.160702],[6.721022,53.16085],[6.720357,53.161039],[6.719727,53.161265],[6.719136,53.161528],[6.718591,53.161824],[6.718097,53.162151],[6.717659,53.162505],[6.717281,53.162883],[6.716967,53.163281],[6.716719,53.163696],[6.716541,53.164124],[6.716433,53.16456],[6.716397,53.165],[6.716433,53.16544],[6.716541,53.165876],[6.716719,53.166304],[6.716967,53.166719],[6.717281,53.167117],[6.717659,53.167495],[6.718097,53.167849],[6.718591,53.168176],[6.719136,53.168472],[6.719727,53.168735],[6.720357,53.168961],[6.721022,53.16915],[6.721714,53.169298],[6.722427,53.169405],[6.723155,53.16947],[6.723889,53.169492]]]}},{"type":"Feature","properties":{"identifier":"5.42","name":"Industriegebied met risicos op zware ongevallen","restriction":"CONDITIONAL","rule":"OPEN cat. vluchten zijn hier verboden SPEC cat. vluchten vereisen een privilege op de exploitatievergunning","category":"industrie","source":"AIP Nederland ENR 5.3, ED-269, 22 juli 2024"},"geometry":{"type":"Polygon","coordinates":[[[4.29,51.860047],[4.290713,51.860026],[4.291419,51.859961],[4.292111,51.859854],[4.292783,51.859705],[4.293428,51.859517],[4.29404,51.85929],[4.294613,51.859028],[4.295142,51.858732],[4.295621,51.858405],[4.296047,51.858051],[4.296413,51.857673],[4.296719,51.857274],[4.296959,51.856859],[4.297132,51.856432],[4.297237,51.855996],[4.297272,51.855556],[4.297237,51.855115],[4.297132,51.854679],[4.296959,51.854252],[4.296719,51.853837],[4.296413,51.853438],[4.296047,51.85306],[4.295621,51.852706],[4.295142,51.85238],[4.294613,51.852084],[4.29404,51.851821],[4.293428,51.851594],[4.292783,51.851406],[4.292111,51.851257],[4.291419,51.85115],[4.290713,51.851086],[4.29,51.851064],[4.289287,51.851086],[4.288581,51.85115],[4.287889,51.851257],[4.287217,51.851406],[4.286572,51.851594],[4.28596,51.851821],[4.285387,51.852084],[4.284858,51.85238],[4.284379,51.852706],[4.283953,51.85306],[4.283587,51.853438],[4.283281,51.853837],[4.283041,51.854252],[4.282868,51.854679],[4.282763,51.855115],[4.282728,51.855556],[4.282763,51.855996],[4.282868,51.856432],[4.283041,51.856859],[4.283281,51.857274],[4.283587,51.857673],[4.283953,51.858051],[4.284379,51.858405],[4.284858,51.858732],[4.285387,51.859028],[4.28596,51.85929],[4.286572,51.859517],[4.287217,51.859705],[4.287889,51.859854],[4.288581,51.859961],[4.289287,51.860026],[4.29,51.860047]]]}},{"type":"Feature","properties":{"identifier":"5.43","name":"Industriegebied met risicos op zware ongevallen","restriction":"CONDITIONAL","rule":"OPEN cat. vluchten zijn hier verboden SPEC cat. vluchten vereisen een privilege op de exploitatievergunning","category":"industrie","source":"AIP Nederland ENR 5.3, ED-269, 22 juli 2024"},"geometry":{"type":"Polygon","coordinates":[[[4.768333,51.613103],[4.769042,51.613081],[4.769744,51.613016],[4.770433,51.612909],[4.771101,51.612761],[4.771743,51.612572],[4.772351,51.612346],[4.772922,51.612083],[4.773447,51.611787],[4.773924,51.611461],[4.774347,51.611106],[4.774712,51.610728],[4.775015,51.61033],[4.775254,51.609915],[4.775427,51.609487],[4.775531,51.609051],[4.775566,51.608611],[4.775531,51.608171],[4.775427,51.607735],[4.775254,51.607307],[4.775015,51.606892],[4.774712,51.606494],[4.774347,51.606116],[4.773924,51.605762],[4.773447,51.605435],[4.772922,51.605139],[4.772351,51.604877],[4.771743,51.60465],[4.771101,51.604461],[4.770433,51.604313],[4.769744,51.604206],[4.769042,51.604141],[4.768333,51.60412],[4.767624,51.604141],[4.766922,51.604206],[4.766234,51.604313],[4.765566,51.604461],[4.764924,51.60465],[4.764315,51.604877],[4.763745,51.605139],[4.763219,51.605435],[4.762743,51.605762],[4.76232,51.606116],[4.761955,51.606494],[4.761651,51.606892],[4.761412,51.607307],[4.76124,51.607735],[4.761136,51.608171],[4.761101,51.608611],[4.761136,51.609051],[4.76124,51.609487],[4.761412,51.609915],[4.761651,51.61033],[4.761955,51.610728],[4.76232,51.611106],[4.762743,51.611461],[4.763219,51.611787],[4.763745,51.612083],[4.764315,51.612346],[4.764924,51.612572],[4.765566,51.612761],[4.766234,51.612909],[4.766922,51.613016],[4.767624,51.613081],[4.768333,51.613103]]]}},{"type":"Feature","properties":{"identifier":"5.44","name":"Industriegebied met risicos op zware ongevallen","restriction":"CONDITIONAL","rule":"OPEN cat. vluchten zijn hier verboden SPEC cat. vluchten vereisen een privilege op de exploitatievergunning","category":"industrie","source":"AIP Nederland ENR 5.3, ED-269, 22 juli 2024"},"geometry":{"type":"Polygon","coordinates":[[[3.802222,51.240047],[3.802925,51.240026],[3.803622,51.239961],[3.804305,51.239854],[3.804967,51.239705],[3.805604,51.239517],[3.806208,51.23929],[3.806773,51.239028],[3.807295,51.238732],[3.807768,51.238405],[3.808187,51.238051],[3.808549,51.237673],[3.80885,51.237274],[3.809087,51.236859],[3.809258,51.236432],[3.809361,51.235996],[3.809396,51.235556],[3.809361,51.235115],[3.809258,51.234679],[3.809087,51.234252],[3.80885,51.233837],[3.808549,51.233438],[3.808187,51.23306],[3.807768,51.232706],[3.807295,51.23238],[3.806773,51.232084],[3.806208,51.231821],[3.805604,51.231594],[3.804967,51.231406],[3.804305,51.231257],[3.803622,51.23115],[3.802925,51.231086],[3.802222,51.231064],[3.801519,51.231086],[3.800823,51.23115],[3.80014,51.231257],[3.799477,51.231406],[3.798841,51.231594],[3.798237,51.231821],[3.797671,51.232084],[3.79715,51.23238],[3.796677,51.232706],[3.796258,51.23306],[3.795896,51.233438],[3.795595,51.233837],[3.795357,51.234252],[3.795186,51.234679],[3.795083,51.235115],[3.795049,51.235556],[3.795083,51.235996],[3.795186,51.236432],[3.795357,51.236859],[3.795595,51.237274],[3.795896,51.237673],[3.796258,51.238051],[3.796677,51.238405],[3.79715,51.238732],[3.797671,51.239028],[3.798237,51.23929],[3.798841,51.239517],[3.799477,51.239705],[3.80014,51.239854],[3.800823,51.239961],[3.801519,51.240026],[3.802222,51.240047]]]}},{"type":"Feature","properties":{"identifier":"5.45","name":"Industriegebied met risicos op zware ongevallen","restriction":"CONDITIONAL","rule":"OPEN cat. vluchten zijn hier verboden SPEC cat. vluchten vereisen een privilege op de exploitatievergunning","category":"industrie","source":"AIP Nederland ENR 5.3, ED-269, 22 juli 2024"},"geometry":{"type":"Polygon","coordinates":[[[5.797778,50.957825],[5.798477,50.957803],[5.799169,50.957739],[5.799848,50.957632],[5.800506,50.957483],[5.801139,50.957295],[5.801739,50.957068],[5.802301,50.956805],[5.802819,50.956509],[5.803289,50.956183],[5.803706,50.955829],[5.804066,50.955451],[5.804365,50.955052],[5.804601,50.954637],[5.804771,50.95421],[5.804873,50.953774],[5.804908,50.953333],[5.804873,50.952893],[5.804771,50.952457],[5.804601,50.952029],[5.804365,50.951614],[5.804066,50.951216],[5.803706,50.950838],[5.803289,50.950484],[5.802819,50.950157],[5.802301,50.949861],[5.801739,50.949599],[5.801139,50.949372],[5.800506,50.949184],[5.799848,50.949035],[5.799169,50.948928],[5.798477,50.948863],[5.797778,50.948842],[5.797079,50.948863],[5.796387,50.948928],[5.795708,50.949035],[5.795049,50.949184],[5.794417,50.949372],[5.793817,50.949599],[5.793255,50.949861],[5.792736,50.950157],[5.792266,50.950484],[5.791849,50.950838],[5.79149,50.951216],[5.791191,50.951614],[5.790955,50.952029],[5.790785,50.952457],[5.790682,50.952893],[5.790648,50.953333],[5.790682,50.953774],[5.790785,50.95421],[5.790955,50.954637],[5.791191,50.955052],[5.79149,50.955451],[5.791849,50.955829],[5.792266,50.956183],[5.792736,50.956509],[5.793255,50.956805],[5.793817,50.957068],[5.794417,50.957295],[5.795049,50.957483],[5.795708,50.957632],[5.796387,50.957739],[5.797079,50.957803],[5.797778,50.957825]]]}},{"type":"Feature","properties":{"identifier":"5.46","name":"Industriegebied met risicos op zware ongevallen","restriction":"CONDITIONAL","rule":"OPEN cat. vluchten zijn hier verboden SPEC cat. vluchten vereisen een privilege op de exploitatievergunning","category":"industrie","source":"AIP Nederland ENR 5.3, ED-269, 22 juli 2024"},"geometry":{"type":"Polygon","coordinates":[[[5.655278,51.246992],[5.655981,51.24697],[5.656678,51.246905],[5.65736,51.246798],[5.658023,51.24665],[5.65866,51.246461],[5.659264,51.246235],[5.659829,51.245972],[5.660351,51.245676],[5.660824,51.245349],[5.661243,51.244995],[5.661605,51.244617],[5.661906,51.244219],[5.662144,51.243804],[5.662315,51.243376],[5.662418,51.24294],[5.662453,51.2425],[5.662418,51.24206],[5.662315,51.241624],[5.662144,51.241196],[5.661906,51.240781],[5.661605,51.240383],[5.661243,51.240005],[5.660824,51.239651],[5.660351,51.239324],[5.659829,51.239028],[5.659264,51.238765],[5.65866,51.238539],[5.658023,51.23835],[5.65736,51.238202],[5.656678,51.238095],[5.655981,51.23803],[5.655278,51.238008],[5.654575,51.23803],[5.653878,51.238095],[5.653195,51.238202],[5.652532,51.23835],[5.651896,51.238539],[5.651292,51.238765],[5.650726,51.239028],[5.650204,51.239324],[5.649732,51.239651],[5.649312,51.240005],[5.64895,51.240383],[5.648649,51.240781],[5.648412,51.241196],[5.648241,51.241624],[5.648138,51.24206],[5.648103,51.2425],[5.648138,51.24294],[5.648241,51.243376],[5.648412,51.243804],[5.648649,51.244219],[5.64895,51.244617],[5.649312,51.244995],[5.649732,51.245349],[5.650204,51.245676],[5.650726,51.245972],[5.651292,51.246235],[5.651896,51.246461],[5.652532,51.24665],[5.653195,51.246798],[5.653878,51.246905],[5.654575,51.24697],[5.655278,51.246992]]]}},{"type":"Feature","properties":{"identifier":"5.47","name":"Industriegebied met risicos op zware ongevallen","restriction":"CONDITIONAL","rule":"OPEN cat. vluchten zijn hier verboden SPEC cat. vluchten vereisen een privilege op de exploitatievergunning","category":"industrie","source":"AIP Nederland ENR 5.3, ED-269, 22 juli 2024"},"geometry":{"type":"Polygon","coordinates":[[[5.802222,50.971436],[5.802921,50.971414],[5.803614,50.97135],[5.804293,50.971243],[5.804952,50.971094],[5.805584,50.970906],[5.806185,50.970679],[5.806747,50.970416],[5.807265,50.97012],[5.807735,50.969794],[5.808152,50.96944],[5.808512,50.969062],[5.808811,50.968663],[5.809047,50.968248],[5.809217,50.967821],[5.80932,50.967385],[5.809354,50.966944],[5.80932,50.966504],[5.809217,50.966068],[5.809047,50.965641],[5.808811,50.965226],[5.808512,50.964827],[5.808152,50.964449],[5.807735,50.964095],[5.807265,50.963768],[5.806747,50.963472],[5.806185,50.96321],[5.805584,50.962983],[5.804952,50.962795],[5.804293,50.962646],[5.803614,50.962539],[5.802921,50.962474],[5.802222,50.962453],[5.801523,50.962474],[5.800831,50.962539],[5.800152,50.962646],[5.799493,50.962795],[5.79886,50.962983],[5.79826,50.96321],[5.797698,50.963472],[5.797179,50.963768],[5.796709,50.964095],[5.796292,50.964449],[5.795932,50.964827],[5.795633,50.965226],[5.795397,50.965641],[5.795227,50.966068],[5.795124,50.966504],[5.79509,50.966944],[5.795124,50.967385],[5.795227,50.967821],[5.795397,50.968248],[5.795633,50.968663],[5.795932,50.969062],[5.796292,50.96944],[5.796709,50.969794],[5.797179,50.97012],[5.797698,50.970416],[5.79826,50.970679],[5.79886,50.970906],[5.799493,50.971094],[5.800152,50.971243],[5.800831,50.97135],[5.801523,50.971414],[5.802222,50.971436]]]}},{"type":"Feature","properties":{"identifier":"5.48","name":"Industriegebied met risicos op zware ongevallen","restriction":"CONDITIONAL","rule":"OPEN cat. vluchten zijn hier verboden SPEC cat. vluchten vereisen een privilege op de exploitatievergunning","category":"industrie","source":"AIP Nederland ENR 5.3, ED-269, 22 juli 2024"},"geometry":{"type":"Polygon","coordinates":[[[5.778333,50.993658],[5.779033,50.993637],[5.779725,50.993572],[5.780405,50.993465],[5.781064,50.993316],[5.781697,50.993128],[5.782298,50.992901],[5.78286,50.992639],[5.783379,50.992343],[5.783849,50.992016],[5.784266,50.991662],[5.784626,50.991284],[5.784926,50.990886],[5.785162,50.990471],[5.785332,50.990043],[5.785434,50.989607],[5.785469,50.989167],[5.785434,50.988726],[5.785332,50.98829],[5.785162,50.987863],[5.784926,50.987448],[5.784626,50.987049],[5.784266,50.986671],[5.783849,50.986317],[5.783379,50.985991],[5.78286,50.985695],[5.782298,50.985432],[5.781697,50.985205],[5.781064,50.985017],[5.780405,50.984868],[5.779725,50.984761],[5.779033,50.984697],[5.778333,50.984675],[5.777634,50.984697],[5.776941,50.984761],[5.776262,50.984868],[5.775603,50.985017],[5.77497,50.985205],[5.774369,50.985432],[5.773807,50.985695],[5.773288,50.985991],[5.772818,50.986317],[5.7724,50.986671],[5.77204,50.987049],[5.771741,50.987448],[5.771505,50.987863],[5.771335,50.98829],[5.771232,50.988726],[5.771198,50.989167],[5.771232,50.989607],[5.771335,50.990043],[5.771505,50.990471],[5.771741,50.990886],[5.77204,50.991284],[5.7724,50.991662],[5.772818,50.992016],[5.773288,50.992343],[5.773807,50.992639],[5.774369,50.992901],[5.77497,50.993128],[5.775603,50.993316],[5.776262,50.993465],[5.776941,50.993572],[5.777634,50.993637],[5.778333,50.993658]]]}},{"type":"Feature","properties":{"identifier":"5.49","name":"Industriegebied met risicos op zware ongevallen","restriction":"CONDITIONAL","rule":"OPEN cat. vluchten zijn hier verboden SPEC cat. vluchten vereisen een privilege op de exploitatievergunning","category":"industrie","source":"AIP Nederland ENR 5.3, ED-269, 22 juli 2024"},"geometry":{"type":"Polygon","coordinates":[[[5.792222,50.989492],[5.792922,50.98947],[5.793614,50.989405],[5.794293,50.989298],[5.794953,50.98915],[5.795586,50.988961],[5.796186,50.988735],[5.796749,50.988472],[5.797267,50.988176],[5.797738,50.987849],[5.798155,50.987495],[5.798515,50.987117],[5.798814,50.986719],[5.79905,50.986304],[5.79922,50.985876],[5.799323,50.98544],[5.799357,50.985],[5.799323,50.98456],[5.79922,50.984124],[5.79905,50.983696],[5.798814,50.983281],[5.798515,50.982883],[5.798155,50.982505],[5.797738,50.982151],[5.797267,50.981824],[5.796749,50.981528],[5.796186,50.981265],[5.795586,50.981039],[5.794953,50.98085],[5.794293,50.980702],[5.793614,50.980595],[5.792922,50.98053],[5.792222,50.980508],[5.791523,50.98053],[5.79083,50.980595],[5.790151,50.980702],[5.789492,50.98085],[5.788859,50.981039],[5.788258,50.981265],[5.787696,50.981528],[5.787177,50.981824],[5.786707,50.982151],[5.78629,50.982505],[5.78593,50.982883],[5.78563,50.983281],[5.785395,50.983696],[5.785224,50.984124],[5.785122,50.98456],[5.785087,50.985],[5.785122,50.98544],[5.785224,50.985876],[5.785395,50.986304],[5.78563,50.986719],[5.78593,50.987117],[5.78629,50.987495],[5.786707,50.987849],[5.787177,50.988176],[5.787696,50.988472],[5.788258,50.988735],[5.788859,50.988961],[5.789492,50.98915],[5.790151,50.989298],[5.79083,50.989405],[5.791523,50.98947],[5.792222,50.989492]]]}},{"type":"Feature","properties":{"identifier":"5.50","name":"Industriegebied met risicos op zware ongevallen","restriction":"CONDITIONAL","rule":"OPEN cat. vluchten zijn hier verboden SPEC cat. vluchten vereisen een privilege op de exploitatievergunning","category":"industrie","source":"AIP Nederland ENR 5.3, ED-269, 22 juli 2024"},"geometry":{"type":"Polygon","coordinates":[[[5.789444,50.960047],[5.790143,50.960026],[5.790836,50.959961],[5.791514,50.959854],[5.792173,50.959705],[5.792806,50.959517],[5.793406,50.95929],[5.793968,50.959028],[5.794486,50.958732],[5.794956,50.958405],[5.795373,50.958051],[5.795733,50.957673],[5.796032,50.957274],[5.796268,50.956859],[5.796438,50.956432],[5.79654,50.955996],[5.796575,50.955556],[5.79654,50.955115],[5.796438,50.954679],[5.796268,50.954252],[5.796032,50.953837],[5.795733,50.953438],[5.795373,50.95306],[5.794956,50.952706],[5.794486,50.95238],[5.793968,50.952084],[5.793406,50.951821],[5.792806,50.951594],[5.792173,50.951406],[5.791514,50.951257],[5.790836,50.95115],[5.790143,50.951086],[5.789444,50.951064],[5.788746,50.951086],[5.788053,50.95115],[5.787375,50.951257],[5.786716,50.951406],[5.786083,50.951594],[5.785483,50.951821],[5.784921,50.952084],[5.784403,50.95238],[5.783933,50.952706],[5.783516,50.95306],[5.783156,50.953438],[5.782857,50.953837],[5.782621,50.954252],[5.782451,50.954679],[5.782348,50.955115],[5.782314,50.955556],[5.782348,50.955996],[5.782451,50.956432],[5.782621,50.956859],[5.782857,50.957274],[5.783156,50.957673],[5.783516,50.958051],[5.783933,50.958405],[5.784403,50.958732],[5.784921,50.959028],[5.785483,50.95929],[5.786083,50.959517],[5.786716,50.959705],[5.787375,50.959854],[5.788053,50.959961],[5.788746,50.960026],[5.789444,50.960047]]]}},{"type":"Feature","properties":{"identifier":"5.51","name":"Industriegebied met risicos op zware ongevallen","restriction":"CONDITIONAL","rule":"OPEN cat. vluchten zijn hier verboden SPEC cat. vluchten vereisen een privilege op de exploitatievergunning","category":"industrie","source":"AIP Nederland ENR 5.3, ED-269, 22 juli 2024"},"geometry":{"type":"Polygon","coordinates":[[[5.787778,50.988936],[5.788477,50.988914],[5.78917,50.98885],[5.789849,50.988743],[5.790508,50.988594],[5.791141,50.988406],[5.791742,50.988179],[5.792304,50.987916],[5.792823,50.98762],[5.793293,50.987294],[5.79371,50.98694],[5.79407,50.986562],[5.794369,50.986163],[5.794605,50.985748],[5.794775,50.985321],[5.794878,50.984885],[5.794913,50.984444],[5.794878,50.984004],[5.794775,50.983568],[5.794605,50.983141],[5.794369,50.982726],[5.79407,50.982327],[5.79371,50.981949],[5.793293,50.981595],[5.792823,50.981268],[5.792304,50.980972],[5.791742,50.98071],[5.791141,50.980483],[5.790508,50.980295],[5.789849,50.980146],[5.78917,50.980039],[5.788477,50.979974],[5.787778,50.979953],[5.787078,50.979974],[5.786386,50.980039],[5.785707,50.980146],[5.785047,50.980295],[5.784414,50.980483],[5.783814,50.98071],[5.783252,50.980972],[5.782733,50.981268],[5.782263,50.981595],[5.781845,50.981949],[5.781485,50.982327],[5.781186,50.982726],[5.78095,50.983141],[5.78078,50.983568],[5.780677,50.984004],[5.780643,50.984444],[5.780677,50.984885],[5.78078,50.985321],[5.78095,50.985748],[5.781186,50.986163],[5.781485,50.986562],[5.781845,50.98694],[5.782263,50.987294],[5.782733,50.98762],[5.783252,50.987916],[5.783814,50.988179],[5.784414,50.988406],[5.785047,50.988594],[5.785707,50.988743],[5.786386,50.98885],[5.787078,50.988914],[5.787778,50.988936]]]}},{"type":"Feature","properties":{"identifier":"5.52","name":"Industriegebied met risicos op zware ongevallen","restriction":"CONDITIONAL","rule":"OPEN cat. vluchten zijn hier verboden SPEC cat. vluchten vereisen een privilege op de exploitatievergunning","category":"industrie","source":"AIP Nederland ENR 5.3, ED-269, 22 juli 2024"},"geometry":{"type":"Polygon","coordinates":[[[5.785,50.992825],[5.785699,50.992803],[5.786392,50.992739],[5.787071,50.992632],[5.787731,50.992483],[5.788364,50.992295],[5.788964,50.992068],[5.789527,50.991805],[5.790045,50.991509],[5.790516,50.991183],[5.790933,50.990829],[5.791293,50.990451],[5.791592,50.990052],[5.791828,50.989637],[5.791998,50.98921],[5.792101,50.988774],[5.792135,50.988333],[5.792101,50.987893],[5.791998,50.987457],[5.791828,50.987029],[5.791592,50.986614],[5.791293,50.986216],[5.790933,50.985838],[5.790516,50.985484],[5.790045,50.985157],[5.789527,50.984861],[5.788964,50.984599],[5.788364,50.984372],[5.787731,50.984184],[5.787071,50.984035],[5.786392,50.983928],[5.785699,50.983863],[5.785,50.983842],[5.784301,50.983863],[5.783608,50.983928],[5.782929,50.984035],[5.782269,50.984184],[5.781636,50.984372],[5.781036,50.984599],[5.780473,50.984861],[5.779955,50.985157],[5.779484,50.985484],[5.779067,50.985838],[5.778707,50.986216],[5.778408,50.986614],[5.778172,50.987029],[5.778002,50.987457],[5.777899,50.987893],[5.777865,50.988333],[5.777899,50.988774],[5.778002,50.98921],[5.778172,50.989637],[5.778408,50.990052],[5.778707,50.990451],[5.779067,50.990829],[5.779484,50.991183],[5.779955,50.991509],[5.780473,50.991805],[5.781036,50.992068],[5.781636,50.992295],[5.782269,50.992483],[5.782929,50.992632],[5.783608,50.992739],[5.784301,50.992803],[5.785,50.992825]]]}},{"type":"Feature","properties":{"identifier":"5.53","name":"Industriegebied met risicos op zware ongevallen","restriction":"CONDITIONAL","rule":"OPEN cat. vluchten zijn hier verboden SPEC cat. vluchten vereisen een privilege op de exploitatievergunning","category":"industrie","source":"AIP Nederland ENR 5.3, ED-269, 22 juli 2024"},"geometry":{"type":"Polygon","coordinates":[[[5.821389,50.980047],[5.822088,50.980026],[5.822781,50.979961],[5.82346,50.979854],[5.824119,50.979705],[5.824752,50.979517],[5.825352,50.97929],[5.825914,50.979028],[5.826433,50.978732],[5.826903,50.978405],[5.82732,50.978051],[5.82768,50.977673],[5.827979,50.977274],[5.828215,50.976859],[5.828385,50.976432],[5.828488,50.975996],[5.828522,50.975556],[5.828488,50.975115],[5.828385,50.974679],[5.828215,50.974252],[5.827979,50.973837],[5.82768,50.973438],[5.82732,50.97306],[5.826903,50.972706],[5.826433,50.97238],[5.825914,50.972084],[5.825352,50.971821],[5.824752,50.971594],[5.824119,50.971406],[5.82346,50.971257],[5.822781,50.97115],[5.822088,50.971086],[5.821389,50.971064],[5.82069,50.971086],[5.819997,50.97115],[5.819318,50.971257],[5.818659,50.971406],[5.818026,50.971594],[5.817426,50.971821],[5.816863,50.972084],[5.816345,50.97238],[5.815875,50.972706],[5.815458,50.97306],[5.815098,50.973438],[5.814798,50.973837],[5.814563,50.974252],[5.814393,50.974679],[5.81429,50.975115],[5.814255,50.975556],[5.81429,50.975996],[5.814393,50.976432],[5.814563,50.976859],[5.814798,50.977274],[5.815098,50.977673],[5.815458,50.978051],[5.815875,50.978405],[5.816345,50.978732],[5.816863,50.979028],[5.817426,50.97929],[5.818026,50.979517],[5.818659,50.979705],[5.819318,50.979854],[5.819997,50.979961],[5.82069,50.980026],[5.821389,50.980047]]]}},{"type":"Feature","properties":{"identifier":"5.54","name":"Industriegebied met risicos op zware ongevallen","restriction":"CONDITIONAL","rule":"OPEN cat. vluchten zijn hier verboden SPEC cat. vluchten vereisen een privilege op de exploitatievergunning","category":"industrie","source":"AIP Nederland ENR 5.3, ED-269, 22 juli 2024"},"geometry":{"type":"Polygon","coordinates":[[[5.825278,50.971992],[5.825977,50.97197],[5.826669,50.971905],[5.827348,50.971798],[5.828007,50.97165],[5.82864,50.971461],[5.82924,50.971235],[5.829802,50.970972],[5.830321,50.970676],[5.830791,50.970349],[5.831208,50.969995],[5.831568,50.969617],[5.831867,50.969219],[5.832103,50.968804],[5.832273,50.968376],[5.832376,50.96794],[5.83241,50.9675],[5.832376,50.96706],[5.832273,50.966624],[5.832103,50.966196],[5.831867,50.965781],[5.831568,50.965383],[5.831208,50.965005],[5.830791,50.964651],[5.830321,50.964324],[5.829802,50.964028],[5.82924,50.963765],[5.82864,50.963539],[5.828007,50.96335],[5.827348,50.963202],[5.826669,50.963095],[5.825977,50.96303],[5.825278,50.963008],[5.824579,50.96303],[5.823886,50.963095],[5.823207,50.963202],[5.822548,50.96335],[5.821916,50.963539],[5.821315,50.963765],[5.820753,50.964028],[5.820235,50.964324],[5.819765,50.964651],[5.819348,50.965005],[5.818988,50.965383],[5.818688,50.965781],[5.818453,50.966196],[5.818283,50.966624],[5.81818,50.96706],[5.818146,50.9675],[5.81818,50.96794],[5.818283,50.968376],[5.818453,50.968804],[5.818688,50.969219],[5.818988,50.969617],[5.819348,50.969995],[5.819765,50.970349],[5.820235,50.970676],[5.820753,50.970972],[5.821315,50.971235],[5.821916,50.971461],[5.822548,50.97165],[5.823207,50.971798],[5.823886,50.971905],[5.824579,50.97197],[5.825278,50.971992]]]}},{"type":"Feature","properties":{"identifier":"5.55","name":"Industriegebied met risicos op zware ongevallen","restriction":"CONDITIONAL","rule":"OPEN cat. vluchten zijn hier verboden SPEC cat. vluchten vereisen een privilege op de exploitatievergunning","category":"industrie","source":"AIP Nederland ENR 5.3, ED-269, 22 juli 2024"},"geometry":{"type":"Polygon","coordinates":[[[5.7825,51.03088],[5.7832,51.030859],[5.783893,51.030794],[5.784573,51.030687],[5.785233,51.030539],[5.785866,51.03035],[5.786467,51.030123],[5.78703,51.029861],[5.78755,51.029565],[5.78802,51.029238],[5.788438,51.028884],[5.788798,51.028506],[5.789098,51.028108],[5.789334,51.027693],[5.789504,51.027265],[5.789607,51.026829],[5.789641,51.026389],[5.789607,51.025949],[5.789504,51.025513],[5.789334,51.025085],[5.789098,51.02467],[5.788798,51.024272],[5.788438,51.023894],[5.78802,51.023539],[5.78755,51.023213],[5.78703,51.022917],[5.786467,51.022654],[5.785866,51.022428],[5.785233,51.022239],[5.784573,51.022091],[5.783893,51.021984],[5.7832,51.021919],[5.7825,51.021897],[5.7818,51.021919],[5.781107,51.021984],[5.780427,51.022091],[5.779767,51.022239],[5.779134,51.022428],[5.778533,51.022654],[5.77797,51.022917],[5.77745,51.023213],[5.77698,51.023539],[5.776562,51.023894],[5.776202,51.024272],[5.775902,51.02467],[5.775666,51.025085],[5.775496,51.025513],[5.775393,51.025949],[5.775359,51.026389],[5.775393,51.026829],[5.775496,51.027265],[5.775666,51.027693],[5.775902,51.028108],[5.776202,51.028506],[5.776562,51.028884],[5.77698,51.029238],[5.77745,51.029565],[5.77797,51.029861],[5.778533,51.030123],[5.779134,51.03035],[5.779767,51.030539],[5.780427,51.030687],[5.781107,51.030794],[5.7818,51.030859],[5.7825,51.03088]]]}},{"type":"Feature","properties":{"identifier":"5.56","name":"Industriegebied met risicos op zware ongevallen","restriction":"CONDITIONAL","rule":"OPEN cat. vluchten zijn hier verboden SPEC cat. vluchten vereisen een privilege op de exploitatievergunning","category":"industrie","source":"AIP Nederland ENR 5.3, ED-269, 22 juli 2024"},"geometry":{"type":"Polygon","coordinates":[[[6.049722,51.173936],[6.050424,51.173914],[6.05112,51.17385],[6.051802,51.173743],[6.052464,51.173594],[6.053099,51.173406],[6.053702,51.173179],[6.054267,51.172916],[6.054787,51.17262],[6.05526,51.172294],[6.055678,51.17194],[6.05604,51.171562],[6.05634,51.171163],[6.056577,51.170748],[6.056748,51.170321],[6.056851,51.169885],[6.056886,51.169444],[6.056851,51.169004],[6.056748,51.168568],[6.056577,51.168141],[6.05634,51.167726],[6.05604,51.167327],[6.055678,51.166949],[6.05526,51.166595],[6.054787,51.166268],[6.054267,51.165972],[6.053702,51.16571],[6.053099,51.165483],[6.052464,51.165295],[6.051802,51.165146],[6.05112,51.165039],[6.050424,51.164974],[6.049722,51.164953],[6.04902,51.164974],[6.048325,51.165039],[6.047643,51.165146],[6.046981,51.165295],[6.046345,51.165483],[6.045742,51.16571],[6.045178,51.165972],[6.044657,51.166268],[6.044185,51.166595],[6.043766,51.166949],[6.043405,51.167327],[6.043104,51.167726],[6.042867,51.168141],[6.042696,51.168568],[6.042593,51.169004],[6.042559,51.169444],[6.042593,51.169885],[6.042696,51.170321],[6.042867,51.170748],[6.043104,51.171163],[6.043405,51.171562],[6.043766,51.17194],[6.044185,51.172294],[6.044657,51.17262],[6.045178,51.172916],[6.045742,51.173179],[6.046345,51.173406],[6.046981,51.173594],[6.047643,51.173743],[6.048325,51.17385],[6.04902,51.173914],[6.049722,51.173936]]]}},{"type":"Feature","properties":{"identifier":"5.57","name":"Industriegebied met risicos op zware ongevallen","restriction":"CONDITIONAL","rule":"OPEN cat. vluchten zijn hier verboden SPEC cat. vluchten vereisen een privilege op de exploitatievergunning","category":"industrie","source":"AIP Nederland ENR 5.3, ED-269, 22 juli 2024"},"geometry":{"type":"Polygon","coordinates":[[[4.726944,51.819769],[4.727657,51.819748],[4.728362,51.819683],[4.729054,51.819576],[4.729725,51.819427],[4.730369,51.819239],[4.730981,51.819012],[4.731554,51.81875],[4.732082,51.818454],[4.732561,51.818127],[4.732986,51.817773],[4.733352,51.817395],[4.733657,51.816997],[4.733897,51.816582],[4.73407,51.816154],[4.734175,51.815718],[4.73421,51.815278],[4.734175,51.814838],[4.73407,51.814402],[4.733897,51.813974],[4.733657,51.813559],[4.733352,51.81316],[4.732986,51.812782],[4.732561,51.812428],[4.732082,51.812102],[4.731554,51.811806],[4.730981,51.811543],[4.730369,51.811317],[4.729725,51.811128],[4.729054,51.81098],[4.728362,51.810873],[4.727657,51.810808],[4.726944,51.810786],[4.726232,51.810808],[4.725527,51.810873],[4.724835,51.81098],[4.724164,51.811128],[4.723519,51.811317],[4.722908,51.811543],[4.722335,51.811806],[4.721807,51.812102],[4.721328,51.812428],[4.720903,51.812782],[4.720537,51.81316],[4.720232,51.813559],[4.719992,51.813974],[4.719818,51.814402],[4.719714,51.814838],[4.719679,51.815278],[4.719714,51.815718],[4.719818,51.816154],[4.719992,51.816582],[4.720232,51.816997],[4.720537,51.817395],[4.720903,51.817773],[4.721328,51.818127],[4.721807,51.818454],[4.722335,51.81875],[4.722908,51.819012],[4.723519,51.819239],[4.724164,51.819427],[4.724835,51.819576],[4.725527,51.819683],[4.726232,51.819748],[4.726944,51.819769]]]}},{"type":"Feature","properties":{"identifier":"5.58","name":"Industriegebied met risicos op zware ongevallen","restriction":"CONDITIONAL","rule":"OPEN cat. vluchten zijn hier verboden SPEC cat. vluchten vereisen een privilege op de exploitatievergunning","category":"industrie","source":"AIP Nederland ENR 5.3, ED-269, 22 juli 2024"},"geometry":{"type":"Polygon","coordinates":[[[4.379444,51.658103],[4.380154,51.658081],[4.380857,51.658016],[4.381546,51.657909],[4.382215,51.657761],[4.382857,51.657572],[4.383467,51.657346],[4.384037,51.657083],[4.384564,51.656787],[4.385041,51.656461],[4.385464,51.656106],[4.385829,51.655728],[4.386133,51.65533],[4.386372,51.654915],[4.386545,51.654487],[4.386649,51.654051],[4.386684,51.653611],[4.386649,51.653171],[4.386545,51.652735],[4.386372,51.652307],[4.386133,51.651892],[4.385829,51.651494],[4.385464,51.651116],[4.385041,51.650762],[4.384564,51.650435],[4.384037,51.650139],[4.383467,51.649877],[4.382857,51.64965],[4.382215,51.649461],[4.381546,51.649313],[4.380857,51.649206],[4.380154,51.649141],[4.379444,51.64912],[4.378735,51.649141],[4.378032,51.649206],[4.377343,51.649313],[4.376674,51.649461],[4.376032,51.64965],[4.375422,51.649877],[4.374852,51.650139],[4.374325,51.650435],[4.373848,51.650762],[4.373425,51.651116],[4.37306,51.651494],[4.372756,51.651892],[4.372517,51.652307],[4.372344,51.652735],[4.37224,51.653171],[4.372205,51.653611],[4.37224,51.654051],[4.372344,51.654487],[4.372517,51.654915],[4.372756,51.65533],[4.37306,51.655728],[4.373425,51.656106],[4.373848,51.656461],[4.374325,51.656787],[4.374852,51.657083],[4.375422,51.657346],[4.376032,51.657572],[4.376674,51.657761],[4.377343,51.657909],[4.378032,51.658016],[4.378735,51.658081],[4.379444,51.658103]]]}},{"type":"Feature","properties":{"identifier":"5.59","name":"Industriegebied met risicos op zware ongevallen","restriction":"CONDITIONAL","rule":"OPEN cat. vluchten zijn hier verboden SPEC cat. vluchten vereisen een privilege op de exploitatievergunning","category":"industrie","source":"AIP Nederland ENR 5.3, ED-269, 22 juli 2024"},"geometry":{"type":"Polygon","coordinates":[[[4.987222,51.847825],[4.987935,51.847803],[4.988641,51.847739],[4.989333,51.847632],[4.990004,51.847483],[4.990649,51.847295],[4.991261,51.847068],[4.991834,51.846805],[4.992363,51.846509],[4.992842,51.846183],[4.993267,51.845829],[4.993634,51.845451],[4.993939,51.845052],[4.994179,51.844637],[4.994353,51.84421],[4.994457,51.843774],[4.994492,51.843333],[4.994457,51.842893],[4.994353,51.842457],[4.994179,51.842029],[4.993939,51.841614],[4.993634,51.841216],[4.993267,51.840838],[4.992842,51.840484],[4.992363,51.840157],[4.991834,51.839861],[4.991261,51.839599],[4.990649,51.839372],[4.990004,51.839184],[4.989333,51.839035],[4.988641,51.838928],[4.987935,51.838863],[4.987222,51.838842],[4.98651,51.838863],[4.985804,51.838928],[4.985112,51.839035],[4.98444,51.839184],[4.983795,51.839372],[4.983183,51.839599],[4.98261,51.839861],[4.982081,51.840157],[4.981602,51.840484],[4.981177,51.840838],[4.980811,51.841216],[4.980506,51.841614],[4.980265,51.842029],[4.980092,51.842457],[4.979987,51.842893],[4.979952,51.843333],[4.979987,51.843774],[4.980092,51.84421],[4.980265,51.844637],[4.980506,51.845052],[4.980811,51.845451],[4.981177,51.845829],[4.981602,51.846183],[4.982081,51.846509],[4.98261,51.846805],[4.983183,51.847068],[4.983795,51.847295],[4.98444,51.847483],[4.985112,51.847632],[4.985804,51.847739],[4.98651,51.847803],[4.987222,51.847825]]]}},{"type":"Feature","properties":{"identifier":"5.60","name":"Industriegebied met risicos op zware ongevallen","restriction":"CONDITIONAL","rule":"OPEN cat. vluchten zijn hier verboden SPEC cat. vluchten vereisen een privilege op de exploitatievergunning","category":"industrie","source":"AIP Nederland ENR 5.3, ED-269, 22 juli 2024"},"geometry":{"type":"Polygon","coordinates":[[[4.431389,51.62338],[4.432098,51.623359],[4.4328,51.623294],[4.433489,51.623187],[4.434157,51.623039],[4.434799,51.62285],[4.435408,51.622623],[4.435978,51.622361],[4.436504,51.622065],[4.436981,51.621738],[4.437404,51.621384],[4.437769,51.621006],[4.438072,51.620608],[4.438311,51.620193],[4.438484,51.619765],[4.438588,51.619329],[4.438623,51.618889],[4.438588,51.618449],[4.438484,51.618013],[4.438311,51.617585],[4.438072,51.61717],[4.437769,51.616772],[4.437404,51.616394],[4.436981,51.616039],[4.436504,51.615713],[4.435978,51.615417],[4.435408,51.615154],[4.434799,51.614928],[4.434157,51.614739],[4.433489,51.614591],[4.4328,51.614484],[4.432098,51.614419],[4.431389,51.614397],[4.43068,51.614419],[4.429978,51.614484],[4.429289,51.614591],[4.428621,51.614739],[4.427979,51.614928],[4.42737,51.615154],[4.4268,51.615417],[4.426274,51.615713],[4.425797,51.616039],[4.425374,51.616394],[4.425009,51.616772],[4.424705,51.61717],[4.424466,51.617585],[4.424294,51.618013],[4.42419,51.618449],[4.424155,51.618889],[4.42419,51.619329],[4.424294,51.619765],[4.424466,51.620193],[4.424705,51.620608],[4.425009,51.621006],[4.425374,51.621384],[4.425797,51.621738],[4.426274,51.622065],[4.4268,51.622361],[4.42737,51.622623],[4.427979,51.62285],[4.428621,51.623039],[4.429289,51.623187],[4.429978,51.623294],[4.43068,51.623359],[4.431389,51.62338]]]}},{"type":"Feature","properties":{"identifier":"5.61","name":"Industriegebied met risicos op zware ongevallen","restriction":"CONDITIONAL","rule":"OPEN cat. vluchten zijn hier verboden SPEC cat. vluchten vereisen een privilege op de exploitatievergunning","category":"industrie","source":"AIP Nederland ENR 5.3, ED-269, 22 juli 2024"},"geometry":{"type":"Polygon","coordinates":[[[6.498056,53.219214],[6.498791,53.219192],[6.499519,53.219127],[6.500233,53.21902],[6.500926,53.218872],[6.501591,53.218683],[6.502223,53.218457],[6.502814,53.218194],[6.503359,53.217898],[6.503854,53.217572],[6.504292,53.217218],[6.504671,53.21684],[6.504985,53.216441],[6.505233,53.216026],[6.505412,53.215598],[6.50552,53.215162],[6.505556,53.214722],[6.50552,53.214282],[6.505412,53.213846],[6.505233,53.213418],[6.504985,53.213003],[6.504671,53.212605],[6.504292,53.212227],[6.503854,53.211873],[6.503359,53.211546],[6.502814,53.21125],[6.502223,53.210988],[6.501591,53.210761],[6.500926,53.210573],[6.500233,53.210424],[6.499519,53.210317],[6.498791,53.210252],[6.498056,53.210231],[6.49732,53.210252],[6.496592,53.210317],[6.495878,53.210424],[6.495185,53.210573],[6.49452,53.210761],[6.493888,53.210988],[6.493297,53.21125],[6.492752,53.211546],[6.492257,53.211873],[6.491819,53.212227],[6.49144,53.212605],[6.491126,53.213003],[6.490878,53.213418],[6.490699,53.213846],[6.490591,53.214282],[6.490555,53.214722],[6.490591,53.215162],[6.490699,53.215598],[6.490878,53.216026],[6.491126,53.216441],[6.49144,53.21684],[6.491819,53.217218],[6.492257,53.217572],[6.492752,53.217898],[6.493297,53.218194],[6.493888,53.218457],[6.49452,53.218683],[6.495185,53.218872],[6.495878,53.21902],[6.496592,53.219127],[6.49732,53.219192],[6.498056,53.219214]]]}},{"type":"Feature","properties":{"identifier":"5.62","name":"Industriegebied met risicos op zware ongevallen","restriction":"CONDITIONAL","rule":"OPEN cat. vluchten zijn hier verboden SPEC cat. vluchten vereisen een privilege op de exploitatievergunning","category":"industrie","source":"AIP Nederland ENR 5.3, ED-269, 22 juli 2024"},"geometry":{"type":"Polygon","coordinates":[[[4.153056,51.969214],[4.15377,51.969192],[4.154478,51.969127],[4.155172,51.96902],[4.155845,51.968872],[4.156492,51.968683],[4.157106,51.968457],[4.15768,51.968194],[4.15821,51.967898],[4.158691,51.967572],[4.159117,51.967218],[4.159485,51.96684],[4.15979,51.966441],[4.160031,51.966026],[4.160205,51.965598],[4.16031,51.965162],[4.160345,51.964722],[4.16031,51.964282],[4.160205,51.963846],[4.160031,51.963418],[4.15979,51.963003],[4.159485,51.962605],[4.159117,51.962227],[4.158691,51.961873],[4.15821,51.961546],[4.15768,51.96125],[4.157106,51.960988],[4.156492,51.960761],[4.155845,51.960573],[4.155172,51.960424],[4.154478,51.960317],[4.15377,51.960252],[4.153056,51.960231],[4.152341,51.960252],[4.151633,51.960317],[4.150939,51.960424],[4.150266,51.960573],[4.149619,51.960761],[4.149006,51.960988],[4.148431,51.96125],[4.147901,51.961546],[4.14742,51.961873],[4.146994,51.962227],[4.146627,51.962605],[4.146321,51.963003],[4.14608,51.963418],[4.145906,51.963846],[4.145801,51.964282],[4.145766,51.964722],[4.145801,51.965162],[4.145906,51.965598],[4.14608,51.966026],[4.146321,51.966441],[4.146627,51.96684],[4.146994,51.967218],[4.14742,51.967572],[4.147901,51.967898],[4.148431,51.968194],[4.149006,51.968457],[4.149619,51.968683],[4.150266,51.968872],[4.150939,51.96902],[4.151633,51.969127],[4.152341,51.969192],[4.153056,51.969214]]]}},{"type":"Feature","properties":{"identifier":"5.63","name":"Industriegebied met risicos op zware ongevallen","restriction":"CONDITIONAL","rule":"OPEN cat. vluchten zijn hier verboden SPEC cat. vluchten vereisen een privilege op de exploitatievergunning","category":"industrie","source":"AIP Nederland ENR 5.3, ED-269, 22 juli 2024"},"geometry":{"type":"Polygon","coordinates":[[[5.054167,51.701158],[5.054877,51.701137],[5.05558,51.701072],[5.05627,51.700965],[5.05694,51.700816],[5.057583,51.700628],[5.058193,51.700401],[5.058764,51.700139],[5.059291,51.699843],[5.059768,51.699516],[5.060192,51.699162],[5.060558,51.698784],[5.060862,51.698386],[5.061101,51.697971],[5.061274,51.697543],[5.061378,51.697107],[5.061413,51.696667],[5.061378,51.696226],[5.061274,51.69579],[5.061101,51.695363],[5.060862,51.694948],[5.060558,51.694549],[5.060192,51.694171],[5.059768,51.693817],[5.059291,51.693491],[5.058764,51.693195],[5.058193,51.692932],[5.057583,51.692705],[5.05694,51.692517],[5.05627,51.692368],[5.05558,51.692261],[5.054877,51.692197],[5.054167,51.692175],[5.053456,51.692197],[5.052753,51.692261],[5.052063,51.692368],[5.051394,51.692517],[5.050751,51.692705],[5.050141,51.692932],[5.04957,51.693195],[5.049043,51.693491],[5.048565,51.693817],[5.048141,51.694171],[5.047776,51.694549],[5.047472,51.694948],[5.047232,51.695363],[5.047059,51.69579],[5.046955,51.696226],[5.04692,51.696667],[5.046955,51.697107],[5.047059,51.697543],[5.047232,51.697971],[5.047472,51.698386],[5.047776,51.698784],[5.048141,51.699162],[5.048565,51.699516],[5.049043,51.699843],[5.04957,51.700139],[5.050141,51.700401],[5.050751,51.700628],[5.051394,51.700816],[5.052063,51.700965],[5.052753,51.701072],[5.053456,51.701137],[5.054167,51.701158]]]}},{"type":"Feature","properties":{"identifier":"5.64","name":"Industriegebied met risicos op zware ongevallen","restriction":"CONDITIONAL","rule":"OPEN cat. vluchten zijn hier verboden SPEC cat. vluchten vereisen een privilege op de exploitatievergunning","category":"industrie","source":"AIP Nederland ENR 5.3, ED-269, 22 juli 2024"},"geometry":{"type":"Polygon","coordinates":[[[4.256667,51.508658],[4.257374,51.508637],[4.258074,51.508572],[4.258761,51.508465],[4.259428,51.508316],[4.260068,51.508128],[4.260676,51.507901],[4.261244,51.507639],[4.261769,51.507343],[4.262245,51.507016],[4.262666,51.506662],[4.26303,51.506284],[4.263333,51.505886],[4.263572,51.505471],[4.263744,51.505043],[4.263848,51.504607],[4.263883,51.504167],[4.263848,51.503726],[4.263744,51.50329],[4.263572,51.502863],[4.263333,51.502448],[4.26303,51.502049],[4.262666,51.501671],[4.262245,51.501317],[4.261769,51.500991],[4.261244,51.500695],[4.260676,51.500432],[4.260068,51.500205],[4.259428,51.500017],[4.258761,51.499868],[4.258074,51.499761],[4.257374,51.499697],[4.256667,51.499675],[4.255959,51.499697],[4.255259,51.499761],[4.254572,51.499868],[4.253905,51.500017],[4.253265,51.500205],[4.252658,51.500432],[4.252089,51.500695],[4.251564,51.500991],[4.251089,51.501317],[4.250667,51.501671],[4.250303,51.502049],[4.25,51.502448],[4.249762,51.502863],[4.249589,51.50329],[4.249486,51.503726],[4.249451,51.504167],[4.249486,51.504607],[4.249589,51.505043],[4.249762,51.505471],[4.25,51.505886],[4.250303,51.506284],[4.250667,51.506662],[4.251089,51.507016],[4.251564,51.507343],[4.252089,51.507639],[4.252658,51.507901],[4.253265,51.508128],[4.253905,51.508316],[4.254572,51.508465],[4.255259,51.508572],[4.255959,51.508637],[4.256667,51.508658]]]}},{"type":"Feature","properties":{"identifier":"5.65","name":"Industriegebied met risicos op zware ongevallen","restriction":"CONDITIONAL","rule":"OPEN cat. vluchten zijn hier verboden SPEC cat. vluchten vereisen een privilege op de exploitatievergunning","category":"industrie","source":"AIP Nederland ENR 5.3, ED-269, 22 juli 2024"},"geometry":{"type":"Polygon","coordinates":[[[5.719722,50.812547],[5.720419,50.812526],[5.721109,50.812461],[5.721786,50.812354],[5.722442,50.812205],[5.723073,50.812017],[5.723671,50.81179],[5.724231,50.811528],[5.724748,50.811232],[5.725217,50.810905],[5.725632,50.810551],[5.725991,50.810173],[5.726289,50.809774],[5.726524,50.809359],[5.726693,50.808932],[5.726796,50.808496],[5.72683,50.808056],[5.726796,50.807615],[5.726693,50.807179],[5.726524,50.806752],[5.726289,50.806337],[5.725991,50.805938],[5.725632,50.80556],[5.725217,50.805206],[5.724748,50.80488],[5.724231,50.804584],[5.723671,50.804321],[5.723073,50.804094],[5.722442,50.803906],[5.721786,50.803757],[5.721109,50.80365],[5.720419,50.803586],[5.719722,50.803564],[5.719026,50.803586],[5.718336,50.80365],[5.717659,50.803757],[5.717002,50.803906],[5.716372,50.804094],[5.715773,50.804321],[5.715213,50.804584],[5.714696,50.80488],[5.714228,50.805206],[5.713812,50.80556],[5.713454,50.805938],[5.713155,50.806337],[5.71292,50.806752],[5.712751,50.807179],[5.712649,50.807615],[5.712614,50.808056],[5.712649,50.808496],[5.712751,50.808932],[5.71292,50.809359],[5.713155,50.809774],[5.713454,50.810173],[5.713812,50.810551],[5.714228,50.810905],[5.714696,50.811232],[5.715213,50.811528],[5.715773,50.81179],[5.716372,50.812017],[5.717002,50.812205],[5.717659,50.812354],[5.718336,50.812461],[5.719026,50.812526],[5.719722,50.812547]]]}},{"type":"Feature","properties":{"identifier":"5.66","name":"Industriegebied met risicos op zware ongevallen","restriction":"CONDITIONAL","rule":"OPEN cat. vluchten zijn hier verboden SPEC cat. vluchten vereisen een privilege op de exploitatievergunning","category":"industrie","source":"AIP Nederland ENR 5.3, ED-269, 22 juli 2024"},"geometry":{"type":"Polygon","coordinates":[[[4.388333,51.648658],[4.389043,51.648637],[4.389745,51.648572],[4.390434,51.648465],[4.391103,51.648316],[4.391745,51.648128],[4.392355,51.647901],[4.392925,51.647639],[4.393451,51.647343],[4.393928,51.647016],[4.394352,51.646662],[4.394717,51.646284],[4.39502,51.645886],[4.39526,51.645471],[4.395432,51.645043],[4.395537,51.644607],[4.395571,51.644167],[4.395537,51.643726],[4.395432,51.64329],[4.39526,51.642863],[4.39502,51.642448],[4.394717,51.642049],[4.394352,51.641671],[4.393928,51.641317],[4.393451,51.640991],[4.392925,51.640695],[4.392355,51.640432],[4.391745,51.640205],[4.391103,51.640017],[4.390434,51.639868],[4.389745,51.639761],[4.389043,51.639697],[4.388333,51.639675],[4.387624,51.639697],[4.386921,51.639761],[4.386232,51.639868],[4.385563,51.640017],[4.384921,51.640205],[4.384312,51.640432],[4.383742,51.640695],[4.383215,51.640991],[4.382738,51.641317],[4.382315,51.641671],[4.38195,51.642049],[4.381646,51.642448],[4.381407,51.642863],[4.381234,51.64329],[4.38113,51.643726],[4.381095,51.644167],[4.38113,51.644607],[4.381234,51.645043],[4.381407,51.645471],[4.381646,51.645886],[4.38195,51.646284],[4.382315,51.646662],[4.382738,51.647016],[4.383215,51.647343],[4.383742,51.647639],[4.384312,51.647901],[4.384921,51.648128],[4.385563,51.648316],[4.386232,51.648465],[4.386921,51.648572],[4.387624,51.648637],[4.388333,51.648658]]]}},{"type":"Feature","properties":{"identifier":"5.67","name":"Industriegebied met risicos op zware ongevallen","restriction":"CONDITIONAL","rule":"OPEN cat. vluchten zijn hier verboden SPEC cat. vluchten vereisen een privilege op de exploitatievergunning","category":"industrie","source":"AIP Nederland ENR 5.3, ED-269, 22 juli 2024"},"geometry":{"type":"Polygon","coordinates":[[[5.026111,51.591992],[5.02682,51.59197],[5.027521,51.591905],[5.02821,51.591798],[5.028878,51.59165],[5.029519,51.591461],[5.030127,51.591235],[5.030697,51.590972],[5.031223,51.590676],[5.031699,51.590349],[5.032122,51.589995],[5.032487,51.589617],[5.03279,51.589219],[5.033029,51.588804],[5.033201,51.588376],[5.033305,51.58794],[5.03334,51.5875],[5.033305,51.58706],[5.033201,51.586624],[5.033029,51.586196],[5.03279,51.585781],[5.032487,51.585383],[5.032122,51.585005],[5.031699,51.584651],[5.031223,51.584324],[5.030697,51.584028],[5.030127,51.583765],[5.029519,51.583539],[5.028878,51.58335],[5.02821,51.583202],[5.027521,51.583095],[5.02682,51.58303],[5.026111,51.583008],[5.025403,51.58303],[5.024701,51.583095],[5.024013,51.583202],[5.023345,51.58335],[5.022703,51.583539],[5.022095,51.583765],[5.021525,51.584028],[5.020999,51.584324],[5.020523,51.584651],[5.0201,51.585005],[5.019736,51.585383],[5.019432,51.585781],[5.019193,51.586196],[5.019021,51.586624],[5.018917,51.58706],[5.018882,51.5875],[5.018917,51.58794],[5.019021,51.588376],[5.019193,51.588804],[5.019432,51.589219],[5.019736,51.589617],[5.0201,51.589995],[5.020523,51.590349],[5.020999,51.590676],[5.021525,51.590972],[5.022095,51.591235],[5.022703,51.591461],[5.023345,51.59165],[5.024013,51.591798],[5.024701,51.591905],[5.025403,51.59197],[5.026111,51.591992]]]}},{"type":"Feature","properties":{"identifier":"5.68","name":"Industriegebied met risicos op zware ongevallen","restriction":"CONDITIONAL","rule":"OPEN cat. vluchten zijn hier verboden SPEC cat. vluchten vereisen een privilege op de exploitatievergunning","category":"industrie","source":"AIP Nederland ENR 5.3, ED-269, 22 juli 2024"},"geometry":{"type":"Polygon","coordinates":[[[5.941389,50.913936],[5.942087,50.913914],[5.942779,50.91385],[5.943457,50.913743],[5.944115,50.913594],[5.944747,50.913406],[5.945346,50.913179],[5.945908,50.912916],[5.946426,50.91262],[5.946895,50.912294],[5.947312,50.91194],[5.947671,50.911562],[5.94797,50.911163],[5.948205,50.910748],[5.948375,50.910321],[5.948478,50.909885],[5.948512,50.909444],[5.948478,50.909004],[5.948375,50.908568],[5.948205,50.908141],[5.94797,50.907726],[5.947671,50.907327],[5.947312,50.906949],[5.946895,50.906595],[5.946426,50.906268],[5.945908,50.905972],[5.945346,50.90571],[5.944747,50.905483],[5.944115,50.905295],[5.943457,50.905146],[5.942779,50.905039],[5.942087,50.904974],[5.941389,50.904953],[5.940691,50.904974],[5.939999,50.905039],[5.939321,50.905146],[5.938663,50.905295],[5.938031,50.905483],[5.937431,50.90571],[5.93687,50.905972],[5.936352,50.906268],[5.935883,50.906595],[5.935466,50.906949],[5.935107,50.907327],[5.934808,50.907726],[5.934572,50.908141],[5.934402,50.908568],[5.9343,50.909004],[5.934266,50.909444],[5.9343,50.909885],[5.934402,50.910321],[5.934572,50.910748],[5.934808,50.911163],[5.935107,50.911562],[5.935466,50.91194],[5.935883,50.912294],[5.936352,50.91262],[5.93687,50.912916],[5.937431,50.913179],[5.938031,50.913406],[5.938663,50.913594],[5.939321,50.913743],[5.939999,50.91385],[5.940691,50.913914],[5.941389,50.913936]]]}},{"type":"Feature","properties":{"identifier":"5.69","name":"Industriegebied met risicos op zware ongevallen","restriction":"CONDITIONAL","rule":"OPEN cat. vluchten zijn hier verboden SPEC cat. vluchten vereisen een privilege op de exploitatievergunning","category":"industrie","source":"AIP Nederland ENR 5.3, ED-269, 22 juli 2024"},"geometry":{"type":"Polygon","coordinates":[[[6.192778,52.158936],[6.193495,52.158914],[6.194206,52.15885],[6.194903,52.158743],[6.195579,52.158594],[6.196229,52.158406],[6.196845,52.158179],[6.197422,52.157916],[6.197954,52.15762],[6.198437,52.157294],[6.198865,52.15694],[6.199234,52.156562],[6.199541,52.156163],[6.199783,52.155748],[6.199958,52.155321],[6.200063,52.154885],[6.200099,52.154444],[6.200063,52.154004],[6.199958,52.153568],[6.199783,52.153141],[6.199541,52.152726],[6.199234,52.152327],[6.198865,52.151949],[6.198437,52.151595],[6.197954,52.151268],[6.197422,52.150972],[6.196845,52.15071],[6.196229,52.150483],[6.195579,52.150295],[6.194903,52.150146],[6.194206,52.150039],[6.193495,52.149974],[6.192778,52.149953],[6.19206,52.149974],[6.19135,52.150039],[6.190653,52.150146],[6.189976,52.150295],[6.189327,52.150483],[6.188711,52.15071],[6.188134,52.150972],[6.187601,52.151268],[6.187119,52.151595],[6.186691,52.151949],[6.186321,52.152327],[6.186014,52.152726],[6.185772,52.153141],[6.185598,52.153568],[6.185492,52.154004],[6.185457,52.154444],[6.185492,52.154885],[6.185598,52.155321],[6.185772,52.155748],[6.186014,52.156163],[6.186321,52.156562],[6.186691,52.15694],[6.187119,52.157294],[6.187601,52.15762],[6.188134,52.157916],[6.188711,52.158179],[6.189327,52.158406],[6.189976,52.158594],[6.190653,52.158743],[6.19135,52.15885],[6.19206,52.158914],[6.192778,52.158936]]]}},{"type":"Feature","properties":{"identifier":"5.70","name":"Industriegebied met risicos op zware ongevallen","restriction":"CONDITIONAL","rule":"OPEN cat. vluchten zijn hier verboden SPEC cat. vluchten vereisen een privilege op de exploitatievergunning","category":"industrie","source":"AIP Nederland ENR 5.3, ED-269, 22 juli 2024"},"geometry":{"type":"Polygon","coordinates":[[[4.2925,51.862547],[4.293213,51.862526],[4.293919,51.862461],[4.294611,51.862354],[4.295283,51.862205],[4.295928,51.862017],[4.29654,51.86179],[4.297114,51.861528],[4.297642,51.861232],[4.298122,51.860905],[4.298547,51.860551],[4.298914,51.860173],[4.299219,51.859774],[4.299459,51.859359],[4.299633,51.858932],[4.299737,51.858496],[4.299772,51.858056],[4.299737,51.857615],[4.299633,51.857179],[4.299459,51.856752],[4.299219,51.856337],[4.298914,51.855938],[4.298547,51.85556],[4.298122,51.855206],[4.297642,51.85488],[4.297114,51.854584],[4.29654,51.854321],[4.295928,51.854094],[4.295283,51.853906],[4.294611,51.853757],[4.293919,51.85365],[4.293213,51.853586],[4.2925,51.853564],[4.291787,51.853586],[4.291081,51.85365],[4.290389,51.853757],[4.289717,51.853906],[4.289072,51.854094],[4.28846,51.854321],[4.287886,51.854584],[4.287358,51.85488],[4.286878,51.855206],[4.286453,51.85556],[4.286086,51.855938],[4.285781,51.856337],[4.285541,51.856752],[4.285367,51.857179],[4.285263,51.857615],[4.285228,51.858056],[4.285263,51.858496],[4.285367,51.858932],[4.285541,51.859359],[4.285781,51.859774],[4.286086,51.860173],[4.286453,51.860551],[4.286878,51.860905],[4.287358,51.861232],[4.287886,51.861528],[4.28846,51.86179],[4.289072,51.862017],[4.289717,51.862205],[4.290389,51.862354],[4.291081,51.862461],[4.291787,51.862526],[4.2925,51.862547]]]}},{"type":"Feature","properties":{"identifier":"5.71","name":"Industriegebied met risicos op zware ongevallen","restriction":"CONDITIONAL","rule":"OPEN cat. vluchten zijn hier verboden SPEC cat. vluchten vereisen een privilege op de exploitatievergunning","category":"industrie","source":"AIP Nederland ENR 5.3, ED-269, 22 juli 2024"},"geometry":{"type":"Polygon","coordinates":[[[4.816111,51.930047],[4.816825,51.930026],[4.817532,51.929961],[4.818225,51.929854],[4.818898,51.929705],[4.819544,51.929517],[4.820158,51.92929],[4.820732,51.929028],[4.821261,51.928732],[4.821741,51.928405],[4.822167,51.928051],[4.822535,51.927673],[4.82284,51.927274],[4.823081,51.926859],[4.823255,51.926432],[4.823359,51.925996],[4.823395,51.925556],[4.823359,51.925115],[4.823255,51.924679],[4.823081,51.924252],[4.82284,51.923837],[4.822535,51.923438],[4.822167,51.92306],[4.821741,51.922706],[4.821261,51.92238],[4.820732,51.922084],[4.820158,51.921821],[4.819544,51.921594],[4.818898,51.921406],[4.818225,51.921257],[4.817532,51.92115],[4.816825,51.921086],[4.816111,51.921064],[4.815397,51.921086],[4.81469,51.92115],[4.813997,51.921257],[4.813324,51.921406],[4.812678,51.921594],[4.812065,51.921821],[4.811491,51.922084],[4.810961,51.92238],[4.810481,51.922706],[4.810055,51.92306],[4.809688,51.923438],[4.809382,51.923837],[4.809141,51.924252],[4.808968,51.924679],[4.808863,51.925115],[4.808828,51.925556],[4.808863,51.925996],[4.808968,51.926432],[4.809141,51.926859],[4.809382,51.927274],[4.809688,51.927673],[4.810055,51.928051],[4.810481,51.928405],[4.810961,51.928732],[4.811491,51.929028],[4.812065,51.92929],[4.812678,51.929517],[4.813324,51.929705],[4.813997,51.929854],[4.81469,51.929961],[4.815397,51.930026],[4.816111,51.930047]]]}},{"type":"Feature","properties":{"identifier":"5.72","name":"Industriegebied met risicos op zware ongevallen","restriction":"CONDITIONAL","rule":"OPEN cat. vluchten zijn hier verboden SPEC cat. vluchten vereisen een privilege op de exploitatievergunning","category":"industrie","source":"AIP Nederland ENR 5.3, ED-269, 22 juli 2024"},"geometry":{"type":"Polygon","coordinates":[[[5.606111,52.172269],[5.606829,52.172248],[5.60754,52.172183],[5.608237,52.172076],[5.608914,52.171927],[5.609563,52.171739],[5.61018,52.171512],[5.610757,52.17125],[5.611289,52.170954],[5.611772,52.170627],[5.6122,52.170273],[5.612569,52.169895],[5.612877,52.169497],[5.613119,52.169082],[5.613293,52.168654],[5.613399,52.168218],[5.613434,52.167778],[5.613399,52.167338],[5.613293,52.166902],[5.613119,52.166474],[5.612877,52.166059],[5.612569,52.16566],[5.6122,52.165282],[5.611772,52.164928],[5.611289,52.164602],[5.610757,52.164306],[5.61018,52.164043],[5.609563,52.163817],[5.608914,52.163628],[5.608237,52.16348],[5.60754,52.163373],[5.606829,52.163308],[5.606111,52.163286],[5.605393,52.163308],[5.604682,52.163373],[5.603985,52.16348],[5.603309,52.163628],[5.602659,52.163817],[5.602043,52.164043],[5.601465,52.164306],[5.600933,52.164602],[5.60045,52.164928],[5.600022,52.165282],[5.599653,52.16566],[5.599346,52.166059],[5.599103,52.166474],[5.598929,52.166902],[5.598823,52.167338],[5.598788,52.167778],[5.598823,52.168218],[5.598929,52.168654],[5.599103,52.169082],[5.599346,52.169497],[5.599653,52.169895],[5.600022,52.170273],[5.60045,52.170627],[5.600933,52.170954],[5.601465,52.17125],[5.602043,52.171512],[5.602659,52.171739],[5.603309,52.171927],[5.603985,52.172076],[5.604682,52.172183],[5.605393,52.172248],[5.606111,52.172269]]]}},{"type":"Feature","properties":{"identifier":"5.73","name":"Industriegebied met risicos op zware ongevallen","restriction":"CONDITIONAL","rule":"OPEN cat. vluchten zijn hier verboden SPEC cat. vluchten vereisen een privilege op de exploitatievergunning","category":"industrie","source":"AIP Nederland ENR 5.3, ED-269, 22 juli 2024"},"geometry":{"type":"Polygon","coordinates":[[[5.894167,52.97588],[5.894898,52.975859],[5.895622,52.975794],[5.896332,52.975687],[5.897021,52.975539],[5.897683,52.97535],[5.89831,52.975123],[5.898898,52.974861],[5.899441,52.974565],[5.899932,52.974238],[5.900368,52.973884],[5.900744,52.973506],[5.901057,52.973108],[5.901304,52.972693],[5.901482,52.972265],[5.901589,52.971829],[5.901625,52.971389],[5.901589,52.970949],[5.901482,52.970513],[5.901304,52.970085],[5.901057,52.96967],[5.900744,52.969272],[5.900368,52.968894],[5.899932,52.968539],[5.899441,52.968213],[5.898898,52.967917],[5.89831,52.967654],[5.897683,52.967428],[5.897021,52.967239],[5.896332,52.967091],[5.895622,52.966984],[5.894898,52.966919],[5.894167,52.966897],[5.893436,52.966919],[5.892712,52.966984],[5.892002,52.967091],[5.891312,52.967239],[5.890651,52.967428],[5.890023,52.967654],[5.889435,52.967917],[5.888893,52.968213],[5.888401,52.968539],[5.887965,52.968894],[5.887589,52.969272],[5.887276,52.96967],[5.887029,52.970085],[5.886852,52.970513],[5.886744,52.970949],[5.886708,52.971389],[5.886744,52.971829],[5.886852,52.972265],[5.887029,52.972693],[5.887276,52.973108],[5.887589,52.973506],[5.887965,52.973884],[5.888401,52.974238],[5.888893,52.974565],[5.889435,52.974861],[5.890023,52.975123],[5.890651,52.97535],[5.891312,52.975539],[5.892002,52.975687],[5.892712,52.975794],[5.893436,52.975859],[5.894167,52.97588]]]}},{"type":"Feature","properties":{"identifier":"5.74","name":"Industriegebied met risicos op zware ongevallen","restriction":"CONDITIONAL","rule":"OPEN cat. vluchten zijn hier verboden SPEC cat. vluchten vereisen een privilege op de exploitatievergunning","category":"industrie","source":"AIP Nederland ENR 5.3, ED-269, 22 juli 2024"},"geometry":{"type":"Polygon","coordinates":[[[5.273611,51.363658],[5.274316,51.363637],[5.275014,51.363572],[5.275699,51.363465],[5.276364,51.363316],[5.277002,51.363128],[5.277607,51.362901],[5.278174,51.362639],[5.278697,51.362343],[5.279171,51.362016],[5.279592,51.361662],[5.279955,51.361284],[5.280257,51.360886],[5.280494,51.360471],[5.280666,51.360043],[5.280769,51.359607],[5.280804,51.359167],[5.280769,51.358726],[5.280666,51.35829],[5.280494,51.357863],[5.280257,51.357448],[5.279955,51.357049],[5.279592,51.356671],[5.279171,51.356317],[5.278697,51.355991],[5.278174,51.355695],[5.277607,51.355432],[5.277002,51.355205],[5.276364,51.355017],[5.275699,51.354868],[5.275014,51.354761],[5.274316,51.354697],[5.273611,51.354675],[5.272906,51.354697],[5.272208,51.354761],[5.271523,51.354868],[5.270858,51.355017],[5.27022,51.355205],[5.269615,51.355432],[5.269048,51.355695],[5.268525,51.355991],[5.268051,51.356317],[5.26763,51.356671],[5.267267,51.357049],[5.266966,51.357448],[5.266728,51.357863],[5.266556,51.35829],[5.266453,51.358726],[5.266418,51.359167],[5.266453,51.359607],[5.266556,51.360043],[5.266728,51.360471],[5.266966,51.360886],[5.267267,51.361284],[5.26763,51.361662],[5.268051,51.362016],[5.268525,51.362343],[5.269048,51.362639],[5.269615,51.362901],[5.27022,51.363128],[5.270858,51.363316],[5.271523,51.363465],[5.272208,51.363572],[5.272906,51.363637],[5.273611,51.363658]]]}},{"type":"Feature","properties":{"identifier":"5.75","name":"Industriegebied met risicos op zware ongevallen","restriction":"CONDITIONAL","rule":"OPEN cat. vluchten zijn hier verboden SPEC cat. vluchten vereisen een privilege op de exploitatievergunning","category":"industrie","source":"AIP Nederland ENR 5.3, ED-269, 22 juli 2024"},"geometry":{"type":"Polygon","coordinates":[[[6.860833,52.225047],[6.861552,52.225026],[6.862264,52.224961],[6.862962,52.224854],[6.863639,52.224705],[6.864289,52.224517],[6.864907,52.22429],[6.865485,52.224028],[6.866018,52.223732],[6.866501,52.223405],[6.866929,52.223051],[6.867299,52.222673],[6.867607,52.222274],[6.867849,52.221859],[6.868024,52.221432],[6.86813,52.220996],[6.868165,52.220556],[6.86813,52.220115],[6.868024,52.219679],[6.867849,52.219252],[6.867607,52.218837],[6.867299,52.218438],[6.866929,52.21806],[6.866501,52.217706],[6.866018,52.21738],[6.865485,52.217084],[6.864907,52.216821],[6.864289,52.216594],[6.863639,52.216406],[6.862962,52.216257],[6.862264,52.21615],[6.861552,52.216086],[6.860833,52.216064],[6.860115,52.216086],[6.859403,52.21615],[6.858705,52.216257],[6.858028,52.216406],[6.857377,52.216594],[6.85676,52.216821],[6.856182,52.217084],[6.855649,52.21738],[6.855166,52.217706],[6.854737,52.21806],[6.854367,52.218438],[6.85406,52.218837],[6.853817,52.219252],[6.853643,52.219679],[6.853537,52.220115],[6.853502,52.220556],[6.853537,52.220996],[6.853643,52.221432],[6.853817,52.221859],[6.85406,52.222274],[6.854367,52.222673],[6.854737,52.223051],[6.855166,52.223405],[6.855649,52.223732],[6.856182,52.224028],[6.85676,52.22429],[6.857377,52.224517],[6.858028,52.224705],[6.858705,52.224854],[6.859403,52.224961],[6.860115,52.225026],[6.860833,52.225047]]]}},{"type":"Feature","properties":{"identifier":"5.76","name":"Industriegebied met risicos op zware ongevallen","restriction":"CONDITIONAL","rule":"OPEN cat. vluchten zijn hier verboden SPEC cat. vluchten vereisen een privilege op de exploitatievergunning","category":"industrie","source":"AIP Nederland ENR 5.3, ED-269, 22 juli 2024"},"geometry":{"type":"Polygon","coordinates":[[[4.6125,52.200047],[4.613218,52.200026],[4.61393,52.199961],[4.614627,52.199854],[4.615304,52.199705],[4.615954,52.199517],[4.616571,52.19929],[4.617149,52.199028],[4.617681,52.198732],[4.618164,52.198405],[4.618593,52.198051],[4.618962,52.197673],[4.61927,52.197274],[4.619512,52.196859],[4.619687,52.196432],[4.619792,52.195996],[4.619828,52.195556],[4.619792,52.195115],[4.619687,52.194679],[4.619512,52.194252],[4.61927,52.193837],[4.618962,52.193438],[4.618593,52.19306],[4.618164,52.192706],[4.617681,52.19238],[4.617149,52.192084],[4.616571,52.191821],[4.615954,52.191594],[4.615304,52.191406],[4.614627,52.191257],[4.61393,52.19115],[4.613218,52.191086],[4.6125,52.191064],[4.611782,52.191086],[4.61107,52.19115],[4.610373,52.191257],[4.609696,52.191406],[4.609046,52.191594],[4.608429,52.191821],[4.607851,52.192084],[4.607319,52.19238],[4.606836,52.192706],[4.606407,52.19306],[4.606038,52.193438],[4.60573,52.193837],[4.605488,52.194252],[4.605313,52.194679],[4.605208,52.195115],[4.605172,52.195556],[4.605208,52.195996],[4.605313,52.196432],[4.605488,52.196859],[4.60573,52.197274],[4.606038,52.197673],[4.606407,52.198051],[4.606836,52.198405],[4.607319,52.198732],[4.607851,52.199028],[4.608429,52.19929],[4.609046,52.199517],[4.609696,52.199705],[4.610373,52.199854],[4.61107,52.199961],[4.611782,52.200026],[4.6125,52.200047]]]}},{"type":"Feature","properties":{"identifier":"5.77","name":"Industriegebied met risicos op zware ongevallen","restriction":"CONDITIONAL","rule":"OPEN cat. vluchten zijn hier verboden SPEC cat. vluchten vereisen een privilege op de exploitatievergunning","category":"industrie","source":"AIP Nederland ENR 5.3, ED-269, 22 juli 2024"},"geometry":{"type":"Polygon","coordinates":[[[4.864167,51.438936],[4.864873,51.438914],[4.865572,51.43885],[4.866258,51.438743],[4.866924,51.438594],[4.867563,51.438406],[4.868169,51.438179],[4.868737,51.437916],[4.869261,51.43762],[4.869736,51.437294],[4.870157,51.43694],[4.870521,51.436562],[4.870823,51.436163],[4.871061,51.435748],[4.871233,51.435321],[4.871337,51.434885],[4.871372,51.434444],[4.871337,51.434004],[4.871233,51.433568],[4.871061,51.433141],[4.870823,51.432726],[4.870521,51.432327],[4.870157,51.431949],[4.869736,51.431595],[4.869261,51.431268],[4.868737,51.430972],[4.868169,51.43071],[4.867563,51.430483],[4.866924,51.430295],[4.866258,51.430146],[4.865572,51.430039],[4.864873,51.429974],[4.864167,51.429953],[4.86346,51.429974],[4.862761,51.430039],[4.862075,51.430146],[4.861409,51.430295],[4.86077,51.430483],[4.860164,51.43071],[4.859596,51.430972],[4.859072,51.431268],[4.858597,51.431595],[4.858176,51.431949],[4.857813,51.432327],[4.85751,51.432726],[4.857272,51.433141],[4.8571,51.433568],[4.856997,51.434004],[4.856962,51.434444],[4.856997,51.434885],[4.8571,51.435321],[4.857272,51.435748],[4.85751,51.436163],[4.857813,51.436562],[4.858176,51.43694],[4.858597,51.437294],[4.859072,51.43762],[4.859596,51.437916],[4.860164,51.438179],[4.86077,51.438406],[4.861409,51.438594],[4.862075,51.438743],[4.862761,51.43885],[4.86346,51.438914],[4.864167,51.438936]]]}},{"type":"Feature","properties":{"identifier":"5.78","name":"Industriegebied met risicos op zware ongevallen","restriction":"CONDITIONAL","rule":"OPEN cat. vluchten zijn hier verboden SPEC cat. vluchten vereisen een privilege op de exploitatievergunning","category":"industrie","source":"AIP Nederland ENR 5.3, ED-269, 22 juli 2024"},"geometry":{"type":"Polygon","coordinates":[[[4.576667,52.298103],[4.577386,52.298081],[4.578099,52.298016],[4.578798,52.297909],[4.579477,52.297761],[4.580129,52.297572],[4.580747,52.297346],[4.581326,52.297083],[4.58186,52.296787],[4.582343,52.296461],[4.582773,52.296106],[4.583143,52.295728],[4.583451,52.29533],[4.583694,52.294915],[4.583869,52.294487],[4.583975,52.294051],[4.58401,52.293611],[4.583975,52.293171],[4.583869,52.292735],[4.583694,52.292307],[4.583451,52.291892],[4.583143,52.291494],[4.582773,52.291116],[4.582343,52.290762],[4.58186,52.290435],[4.581326,52.290139],[4.580747,52.289877],[4.580129,52.28965],[4.579477,52.289461],[4.578798,52.289313],[4.578099,52.289206],[4.577386,52.289141],[4.576667,52.28912],[4.575947,52.289141],[4.575234,52.289206],[4.574535,52.289313],[4.573856,52.289461],[4.573205,52.28965],[4.572587,52.289877],[4.572008,52.290139],[4.571474,52.290435],[4.57099,52.290762],[4.570561,52.291116],[4.57019,52.291494],[4.569882,52.291892],[4.569639,52.292307],[4.569464,52.292735],[4.569358,52.293171],[4.569323,52.293611],[4.569358,52.294051],[4.569464,52.294487],[4.569639,52.294915],[4.569882,52.29533],[4.57019,52.295728],[4.570561,52.296106],[4.57099,52.296461],[4.571474,52.296787],[4.572008,52.297083],[4.572587,52.297346],[4.573205,52.297572],[4.573856,52.297761],[4.574535,52.297909],[4.575234,52.298016],[4.575947,52.298081],[4.576667,52.298103]]]}},{"type":"Feature","properties":{"identifier":"5.79","name":"Industriegebied met risicos op zware ongevallen","restriction":"CONDITIONAL","rule":"OPEN cat. vluchten zijn hier verboden SPEC cat. vluchten vereisen een privilege op de exploitatievergunning","category":"industrie","source":"AIP Nederland ENR 5.3, ED-269, 22 juli 2024"},"geometry":{"type":"Polygon","coordinates":[[[4.339444,52.020325],[4.34016,52.020303],[4.340868,52.020239],[4.341563,52.020132],[4.342237,52.019983],[4.342885,52.019795],[4.343499,52.019568],[4.344074,52.019305],[4.344605,52.019009],[4.345086,52.018683],[4.345513,52.018329],[4.345881,52.017951],[4.346187,52.017552],[4.346428,52.017137],[4.346602,52.01671],[4.346707,52.016274],[4.346743,52.015833],[4.346707,52.015393],[4.346602,52.014957],[4.346428,52.014529],[4.346187,52.014114],[4.345881,52.013716],[4.345513,52.013338],[4.345086,52.012984],[4.344605,52.012657],[4.344074,52.012361],[4.343499,52.012099],[4.342885,52.011872],[4.342237,52.011684],[4.341563,52.011535],[4.340868,52.011428],[4.34016,52.011363],[4.339444,52.011342],[4.338729,52.011363],[4.338021,52.011428],[4.337326,52.011535],[4.336652,52.011684],[4.336004,52.011872],[4.33539,52.012099],[4.334815,52.012361],[4.334284,52.012657],[4.333803,52.012984],[4.333376,52.013338],[4.333008,52.013716],[4.332702,52.014114],[4.332461,52.014529],[4.332287,52.014957],[4.332181,52.015393],[4.332146,52.015833],[4.332181,52.016274],[4.332287,52.01671],[4.332461,52.017137],[4.332702,52.017552],[4.333008,52.017951],[4.333376,52.018329],[4.333803,52.018683],[4.334284,52.019009],[4.334815,52.019305],[4.33539,52.019568],[4.336004,52.019795],[4.336652,52.019983],[4.337326,52.020132],[4.338021,52.020239],[4.338729,52.020303],[4.339444,52.020325]]]}},{"type":"Feature","properties":{"identifier":"5.80","name":"Industriegebied met risicos op zware ongevallen","restriction":"CONDITIONAL","rule":"OPEN cat. vluchten zijn hier verboden SPEC cat. vluchten vereisen een privilege op de exploitatievergunning","category":"industrie","source":"AIP Nederland ENR 5.3, ED-269, 22 juli 2024"},"geometry":{"type":"Polygon","coordinates":[[[4.0925,51.940603],[4.093214,51.940581],[4.093921,51.940516],[4.094615,51.940409],[4.095288,51.940261],[4.095934,51.940072],[4.096547,51.939846],[4.097122,51.939583],[4.097651,51.939287],[4.098131,51.938961],[4.098557,51.938606],[4.098925,51.938228],[4.099231,51.93783],[4.099471,51.937415],[4.099645,51.936987],[4.09975,51.936551],[4.099785,51.936111],[4.09975,51.935671],[4.099645,51.935235],[4.099471,51.934807],[4.099231,51.934392],[4.098925,51.933994],[4.098557,51.933616],[4.098131,51.933262],[4.097651,51.932935],[4.097122,51.932639],[4.096547,51.932377],[4.095934,51.93215],[4.095288,51.931961],[4.094615,51.931813],[4.093921,51.931706],[4.093214,51.931641],[4.0925,51.93162],[4.091786,51.931641],[4.091079,51.931706],[4.090385,51.931813],[4.089712,51.931961],[4.089066,51.93215],[4.088453,51.932377],[4.087878,51.932639],[4.087349,51.932935],[4.086869,51.933262],[4.086443,51.933616],[4.086075,51.933994],[4.085769,51.934392],[4.085529,51.934807],[4.085355,51.935235],[4.08525,51.935671],[4.085215,51.936111],[4.08525,51.936551],[4.085355,51.936987],[4.085529,51.937415],[4.085769,51.93783],[4.086075,51.938228],[4.086443,51.938606],[4.086869,51.938961],[4.087349,51.939287],[4.087878,51.939583],[4.088453,51.939846],[4.089066,51.940072],[4.089712,51.940261],[4.090385,51.940409],[4.091079,51.940516],[4.091786,51.940581],[4.0925,51.940603]]]}},{"type":"Feature","properties":{"identifier":"5.81","name":"Industriegebied met risicos op zware ongevallen","restriction":"CONDITIONAL","rule":"OPEN cat. vluchten zijn hier verboden SPEC cat. vluchten vereisen een privilege op de exploitatievergunning","category":"industrie","source":"AIP Nederland ENR 5.3, ED-269, 22 juli 2024"},"geometry":{"type":"Polygon","coordinates":[[[5.724444,51.473658],[5.725151,51.473637],[5.725851,51.473572],[5.726537,51.473465],[5.727204,51.473316],[5.727843,51.473128],[5.72845,51.472901],[5.729019,51.472639],[5.729543,51.472343],[5.730018,51.472016],[5.73044,51.471662],[5.730803,51.471284],[5.731106,51.470886],[5.731344,51.470471],[5.731516,51.470043],[5.73162,51.469607],[5.731655,51.469167],[5.73162,51.468726],[5.731516,51.46829],[5.731344,51.467863],[5.731106,51.467448],[5.730803,51.467049],[5.73044,51.466671],[5.730018,51.466317],[5.729543,51.465991],[5.729019,51.465695],[5.72845,51.465432],[5.727843,51.465205],[5.727204,51.465017],[5.726537,51.464868],[5.725851,51.464761],[5.725151,51.464697],[5.724444,51.464675],[5.723738,51.464697],[5.723038,51.464761],[5.722351,51.464868],[5.721685,51.465017],[5.721046,51.465205],[5.720439,51.465432],[5.71987,51.465695],[5.719346,51.465991],[5.718871,51.466317],[5.718449,51.466671],[5.718085,51.467049],[5.717783,51.467448],[5.717545,51.467863],[5.717373,51.46829],[5.717269,51.468726],[5.717234,51.469167],[5.717269,51.469607],[5.717373,51.470043],[5.717545,51.470471],[5.717783,51.470886],[5.718085,51.471284],[5.718449,51.471662],[5.718871,51.472016],[5.719346,51.472343],[5.71987,51.472639],[5.720439,51.472901],[5.721046,51.473128],[5.721685,51.473316],[5.722351,51.473465],[5.723038,51.473572],[5.723738,51.473637],[5.724444,51.473658]]]}},{"type":"Feature","properties":{"identifier":"5.82","name":"Industriegebied met risicos op zware ongevallen","restriction":"CONDITIONAL","rule":"OPEN cat. vluchten zijn hier verboden SPEC cat. vluchten vereisen een privilege op de exploitatievergunning","category":"industrie","source":"AIP Nederland ENR 5.3, ED-269, 22 juli 2024"},"geometry":{"type":"Polygon","coordinates":[[[5.865833,52.579492],[5.866558,52.57947],[5.867275,52.579405],[5.867979,52.579298],[5.868662,52.57915],[5.869317,52.578961],[5.869939,52.578735],[5.870522,52.578472],[5.871059,52.578176],[5.871547,52.577849],[5.871979,52.577495],[5.872351,52.577117],[5.872662,52.576719],[5.872906,52.576304],[5.873082,52.575876],[5.873189,52.57544],[5.873224,52.575],[5.873189,52.57456],[5.873082,52.574124],[5.872906,52.573696],[5.872662,52.573281],[5.872351,52.572883],[5.871979,52.572505],[5.871547,52.572151],[5.871059,52.571824],[5.870522,52.571528],[5.869939,52.571265],[5.869317,52.571039],[5.868662,52.57085],[5.867979,52.570702],[5.867275,52.570595],[5.866558,52.57053],[5.865833,52.570508],[5.865109,52.57053],[5.864391,52.570595],[5.863688,52.570702],[5.863005,52.57085],[5.862349,52.571039],[5.861727,52.571265],[5.861145,52.571528],[5.860607,52.571824],[5.86012,52.572151],[5.859688,52.572505],[5.859315,52.572883],[5.859005,52.573281],[5.858761,52.573696],[5.858585,52.574124],[5.858478,52.57456],[5.858442,52.575],[5.858478,52.57544],[5.858585,52.575876],[5.858761,52.576304],[5.859005,52.576719],[5.859315,52.577117],[5.859688,52.577495],[5.86012,52.577849],[5.860607,52.578176],[5.861145,52.578472],[5.861727,52.578735],[5.862349,52.578961],[5.863005,52.57915],[5.863688,52.579298],[5.864391,52.579405],[5.865109,52.57947],[5.865833,52.579492]]]}},{"type":"Feature","properties":{"identifier":"5.83","name":"Industriegebied met risicos op zware ongevallen","restriction":"CONDITIONAL","rule":"OPEN cat. vluchten zijn hier verboden SPEC cat. vluchten vereisen een privilege op de exploitatievergunning","category":"industrie","source":"AIP Nederland ENR 5.3, ED-269, 22 juli 2024"},"geometry":{"type":"Polygon","coordinates":[[[6.936389,53.086158],[6.937122,53.086137],[6.937848,53.086072],[6.93856,53.085965],[6.93925,53.085816],[6.939914,53.085628],[6.940543,53.085401],[6.941133,53.085139],[6.941676,53.084843],[6.942169,53.084516],[6.942606,53.084162],[6.942983,53.083784],[6.943297,53.083386],[6.943544,53.082971],[6.943723,53.082543],[6.94383,53.082107],[6.943866,53.081667],[6.94383,53.081226],[6.943723,53.08079],[6.943544,53.080363],[6.943297,53.079948],[6.942983,53.079549],[6.942606,53.079171],[6.942169,53.078817],[6.941676,53.078491],[6.941133,53.078195],[6.940543,53.077932],[6.939914,53.077705],[6.93925,53.077517],[6.93856,53.077368],[6.937848,53.077261],[6.937122,53.077197],[6.936389,53.077175],[6.935656,53.077197],[6.93493,53.077261],[6.934218,53.077368],[6.933527,53.077517],[6.932864,53.077705],[6.932235,53.077932],[6.931645,53.078195],[6.931101,53.078491],[6.930609,53.078817],[6.930172,53.079171],[6.929794,53.079549],[6.929481,53.079948],[6.929233,53.080363],[6.929055,53.08079],[6.928947,53.081226],[6.928911,53.081667],[6.928947,53.082107],[6.929055,53.082543],[6.929233,53.082971],[6.929481,53.083386],[6.929794,53.083784],[6.930172,53.084162],[6.930609,53.084516],[6.931101,53.084843],[6.931645,53.085139],[6.932235,53.085401],[6.932864,53.085628],[6.933527,53.085816],[6.934218,53.085965],[6.93493,53.086072],[6.935656,53.086137],[6.936389,53.086158]]]}},{"type":"Feature","properties":{"identifier":"5.84","name":"Industriegebied met risicos op zware ongevallen","restriction":"CONDITIONAL","rule":"OPEN cat. vluchten zijn hier verboden SPEC cat. vluchten vereisen een privilege op de exploitatievergunning","category":"industrie","source":"AIP Nederland ENR 5.3, ED-269, 22 juli 2024"},"geometry":{"type":"Polygon","coordinates":[[[5.023333,52.282825],[5.024053,52.282803],[5.024766,52.282739],[5.025464,52.282632],[5.026143,52.282483],[5.026794,52.282295],[5.027412,52.282068],[5.027991,52.281805],[5.028524,52.281509],[5.029008,52.281183],[5.029437,52.280829],[5.029808,52.280451],[5.030116,52.280052],[5.030358,52.279637],[5.030534,52.27921],[5.030639,52.278774],[5.030675,52.278333],[5.030639,52.277893],[5.030534,52.277457],[5.030358,52.277029],[5.030116,52.276614],[5.029808,52.276216],[5.029437,52.275838],[5.029008,52.275484],[5.028524,52.275157],[5.027991,52.274861],[5.027412,52.274599],[5.026794,52.274372],[5.026143,52.274184],[5.025464,52.274035],[5.024766,52.273928],[5.024053,52.273863],[5.023333,52.273842],[5.022614,52.273863],[5.021901,52.273928],[5.021202,52.274035],[5.020524,52.274184],[5.019873,52.274372],[5.019255,52.274599],[5.018676,52.274861],[5.018142,52.275157],[5.017658,52.275484],[5.017229,52.275838],[5.016859,52.276216],[5.016551,52.276614],[5.016308,52.277029],[5.016133,52.277457],[5.016027,52.277893],[5.015992,52.278333],[5.016027,52.278774],[5.016133,52.27921],[5.016308,52.279637],[5.016551,52.280052],[5.016859,52.280451],[5.017229,52.280829],[5.017658,52.281183],[5.018142,52.281509],[5.018676,52.281805],[5.019255,52.282068],[5.019873,52.282295],[5.020524,52.282483],[5.021202,52.282632],[5.021901,52.282739],[5.022614,52.282803],[5.023333,52.282825]]]}},{"type":"Feature","properties":{"identifier":"5.85","name":"Industriegebied met risicos op zware ongevallen","restriction":"CONDITIONAL","rule":"OPEN cat. vluchten zijn hier verboden SPEC cat. vluchten vereisen een privilege op de exploitatievergunning","category":"industrie","source":"AIP Nederland ENR 5.3, ED-269, 22 juli 2024"},"geometry":{"type":"Polygon","coordinates":[[[5.646667,51.656714],[5.647376,51.656692],[5.648079,51.656627],[5.648768,51.65652],[5.649437,51.656372],[5.650079,51.656183],[5.650689,51.655957],[5.651259,51.655694],[5.651786,51.655398],[5.652263,51.655072],[5.652686,51.654718],[5.653051,51.65434],[5.653355,51.653941],[5.653594,51.653526],[5.653767,51.653098],[5.653871,51.652662],[5.653906,51.652222],[5.653871,51.651782],[5.653767,51.651346],[5.653594,51.650918],[5.653355,51.650503],[5.653051,51.650105],[5.652686,51.649727],[5.652263,51.649373],[5.651786,51.649046],[5.651259,51.64875],[5.650689,51.648488],[5.650079,51.648261],[5.649437,51.648073],[5.648768,51.647924],[5.648079,51.647817],[5.647376,51.647752],[5.646667,51.647731],[5.645957,51.647752],[5.645254,51.647817],[5.644565,51.647924],[5.643896,51.648073],[5.643254,51.648261],[5.642645,51.648488],[5.642074,51.64875],[5.641548,51.649046],[5.641071,51.649373],[5.640647,51.649727],[5.640282,51.650105],[5.639978,51.650503],[5.639739,51.650918],[5.639566,51.651346],[5.639462,51.651782],[5.639427,51.652222],[5.639462,51.652662],[5.639566,51.653098],[5.639739,51.653526],[5.639978,51.653941],[5.640282,51.65434],[5.640647,51.654718],[5.641071,51.655072],[5.641548,51.655398],[5.642074,51.655694],[5.642645,51.655957],[5.643254,51.656183],[5.643896,51.656372],[5.644565,51.65652],[5.645254,51.656627],[5.645957,51.656692],[5.646667,51.656714]]]}},{"type":"Feature","properties":{"identifier":"5.86","name":"Industriegebied met risicos op zware ongevallen","restriction":"CONDITIONAL","rule":"OPEN cat. vluchten zijn hier verboden SPEC cat. vluchten vereisen een privilege op de exploitatievergunning","category":"industrie","source":"AIP Nederland ENR 5.3, ED-269, 22 juli 2024"},"geometry":{"type":"Polygon","coordinates":[[[4.808056,52.43338],[4.808778,52.433359],[4.809493,52.433294],[4.810194,52.433187],[4.810875,52.433039],[4.811528,52.43285],[4.812148,52.432623],[4.812729,52.432361],[4.813264,52.432065],[4.81375,52.431738],[4.81418,52.431384],[4.814552,52.431006],[4.814861,52.430608],[4.815105,52.430193],[4.81528,52.429765],[4.815386,52.429329],[4.815422,52.428889],[4.815386,52.428449],[4.81528,52.428013],[4.815105,52.427585],[4.814861,52.42717],[4.814552,52.426772],[4.81418,52.426394],[4.81375,52.426039],[4.813264,52.425713],[4.812729,52.425417],[4.812148,52.425154],[4.811528,52.424928],[4.810875,52.424739],[4.810194,52.424591],[4.809493,52.424484],[4.808778,52.424419],[4.808056,52.424397],[4.807334,52.424419],[4.806618,52.424484],[4.805917,52.424591],[4.805237,52.424739],[4.804583,52.424928],[4.803963,52.425154],[4.803382,52.425417],[4.802847,52.425713],[4.802361,52.426039],[4.801931,52.426394],[4.801559,52.426772],[4.80125,52.42717],[4.801006,52.427585],[4.800831,52.428013],[4.800725,52.428449],[4.800689,52.428889],[4.800725,52.429329],[4.800831,52.429765],[4.801006,52.430193],[4.80125,52.430608],[4.801559,52.431006],[4.801931,52.431384],[4.802361,52.431738],[4.802847,52.432065],[4.803382,52.432361],[4.803963,52.432623],[4.804583,52.43285],[4.805237,52.433039],[4.805917,52.433187],[4.806618,52.433294],[4.807334,52.433359],[4.808056,52.43338]]]}},{"type":"Feature","properties":{"identifier":"5.87","name":"Industriegebied met risicos op zware ongevallen","restriction":"CONDITIONAL","rule":"OPEN cat. vluchten zijn hier verboden SPEC cat. vluchten vereisen een privilege op de exploitatievergunning","category":"industrie","source":"AIP Nederland ENR 5.3, ED-269, 22 juli 2024"},"geometry":{"type":"Polygon","coordinates":[[[5.9875,52.888658],[5.98823,52.888637],[5.988952,52.888572],[5.989661,52.888465],[5.990348,52.888316],[5.991009,52.888128],[5.991635,52.887901],[5.992222,52.887639],[5.992763,52.887343],[5.993254,52.887016],[5.993689,52.886662],[5.994065,52.886284],[5.994377,52.885886],[5.994623,52.885471],[5.9948,52.885043],[5.994908,52.884607],[5.994943,52.884167],[5.994908,52.883726],[5.9948,52.88329],[5.994623,52.882863],[5.994377,52.882448],[5.994065,52.882049],[5.993689,52.881671],[5.993254,52.881317],[5.992763,52.880991],[5.992222,52.880695],[5.991635,52.880432],[5.991009,52.880205],[5.990348,52.880017],[5.989661,52.879868],[5.988952,52.879761],[5.98823,52.879697],[5.9875,52.879675],[5.98677,52.879697],[5.986048,52.879761],[5.985339,52.879868],[5.984652,52.880017],[5.983991,52.880205],[5.983365,52.880432],[5.982778,52.880695],[5.982237,52.880991],[5.981746,52.881317],[5.981311,52.881671],[5.980935,52.882049],[5.980623,52.882448],[5.980377,52.882863],[5.9802,52.88329],[5.980092,52.883726],[5.980057,52.884167],[5.980092,52.884607],[5.9802,52.885043],[5.980377,52.885471],[5.980623,52.885886],[5.980935,52.886284],[5.981311,52.886662],[5.981746,52.887016],[5.982237,52.887343],[5.982778,52.887639],[5.983365,52.887901],[5.983991,52.888128],[5.984652,52.888316],[5.985339,52.888465],[5.986048,52.888572],[5.98677,52.888637],[5.9875,52.888658]]]}},{"type":"Feature","properties":{"identifier":"5.88","name":"Industriegebied met risicos op zware ongevallen","restriction":"CONDITIONAL","rule":"OPEN cat. vluchten zijn hier verboden SPEC cat. vluchten vereisen een privilege op de exploitatievergunning","category":"industrie","source":"AIP Nederland ENR 5.3, ED-269, 22 juli 2024"},"geometry":{"type":"Polygon","coordinates":[[[5.998611,50.858103],[5.999308,50.858081],[5.999999,50.858016],[6.000676,50.857909],[6.001334,50.857761],[6.001965,50.857572],[6.002564,50.857346],[6.003125,50.857083],[6.003642,50.856787],[6.004111,50.856461],[6.004527,50.856106],[6.004886,50.855728],[6.005184,50.85533],[6.00542,50.854915],[6.005589,50.854487],[6.005692,50.854051],[6.005726,50.853611],[6.005692,50.853171],[6.005589,50.852735],[6.00542,50.852307],[6.005184,50.851892],[6.004886,50.851494],[6.004527,50.851116],[6.004111,50.850762],[6.003642,50.850435],[6.003125,50.850139],[6.002564,50.849877],[6.001965,50.84965],[6.001334,50.849461],[6.000676,50.849313],[5.999999,50.849206],[5.999308,50.849141],[5.998611,50.84912],[5.997914,50.849141],[5.997223,50.849206],[5.996546,50.849313],[5.995888,50.849461],[5.995257,50.84965],[5.994658,50.849877],[5.994098,50.850139],[5.99358,50.850435],[5.993111,50.850762],[5.992695,50.851116],[5.992336,50.851494],[5.992038,50.851892],[5.991803,50.852307],[5.991633,50.852735],[5.991531,50.853171],[5.991496,50.853611],[5.991531,50.854051],[5.991633,50.854487],[5.991803,50.854915],[5.992038,50.85533],[5.992336,50.855728],[5.992695,50.856106],[5.993111,50.856461],[5.99358,50.856787],[5.994098,50.857083],[5.994658,50.857346],[5.995257,50.857572],[5.995888,50.857761],[5.996546,50.857909],[5.997223,50.858016],[5.997914,50.858081],[5.998611,50.858103]]]}},{"type":"Feature","properties":{"identifier":"5.89","name":"Industriegebied met risicos op zware ongevallen","restriction":"CONDITIONAL","rule":"OPEN cat. vluchten zijn hier verboden SPEC cat. vluchten vereisen een privilege op de exploitatievergunning","category":"industrie","source":"AIP Nederland ENR 5.3, ED-269, 22 juli 2024"},"geometry":{"type":"Polygon","coordinates":[[[5.713889,50.772547],[5.714585,50.772526],[5.715274,50.772461],[5.71595,50.772354],[5.716607,50.772205],[5.717237,50.772017],[5.717834,50.77179],[5.718394,50.771528],[5.718911,50.771232],[5.719379,50.770905],[5.719794,50.770551],[5.720152,50.770173],[5.72045,50.769774],[5.720685,50.769359],[5.720854,50.768932],[5.720956,50.768496],[5.720991,50.768056],[5.720956,50.767615],[5.720854,50.767179],[5.720685,50.766752],[5.72045,50.766337],[5.720152,50.765938],[5.719794,50.76556],[5.719379,50.765206],[5.718911,50.76488],[5.718394,50.764584],[5.717834,50.764321],[5.717237,50.764094],[5.716607,50.763906],[5.71595,50.763757],[5.715274,50.76365],[5.714585,50.763586],[5.713889,50.763564],[5.713193,50.763586],[5.712503,50.76365],[5.711827,50.763757],[5.711171,50.763906],[5.710541,50.764094],[5.709943,50.764321],[5.709384,50.764584],[5.708867,50.76488],[5.708399,50.765206],[5.707984,50.76556],[5.707626,50.765938],[5.707328,50.766337],[5.707093,50.766752],[5.706924,50.767179],[5.706821,50.767615],[5.706787,50.768056],[5.706821,50.768496],[5.706924,50.768932],[5.707093,50.769359],[5.707328,50.769774],[5.707626,50.770173],[5.707984,50.770551],[5.708399,50.770905],[5.708867,50.771232],[5.709384,50.771528],[5.709943,50.77179],[5.710541,50.772017],[5.711171,50.772205],[5.711827,50.772354],[5.712503,50.772461],[5.713193,50.772526],[5.713889,50.772547]]]}},{"type":"Feature","properties":{"identifier":"5.90","name":"Industriegebied met risicos op zware ongevallen","restriction":"CONDITIONAL","rule":"OPEN cat. vluchten zijn hier verboden SPEC cat. vluchten vereisen een privilege op de exploitatievergunning","category":"industrie","source":"AIP Nederland ENR 5.3, ED-269, 22 juli 2024"},"geometry":{"type":"Polygon","coordinates":[[[4.461111,51.897825],[4.461824,51.897803],[4.462531,51.897739],[4.463224,51.897632],[4.463896,51.897483],[4.464542,51.897295],[4.465155,51.897068],[4.465728,51.896805],[4.466258,51.896509],[4.466737,51.896183],[4.467163,51.895829],[4.46753,51.895451],[4.467835,51.895052],[4.468076,51.894637],[4.468249,51.89421],[4.468354,51.893774],[4.468389,51.893333],[4.468354,51.892893],[4.468249,51.892457],[4.468076,51.892029],[4.467835,51.891614],[4.46753,51.891216],[4.467163,51.890838],[4.466737,51.890484],[4.466258,51.890157],[4.465728,51.889861],[4.465155,51.889599],[4.464542,51.889372],[4.463896,51.889184],[4.463224,51.889035],[4.462531,51.888928],[4.461824,51.888863],[4.461111,51.888842],[4.460398,51.888863],[4.459691,51.888928],[4.458998,51.889035],[4.458326,51.889184],[4.45768,51.889372],[4.457068,51.889599],[4.456494,51.889861],[4.455965,51.890157],[4.455485,51.890484],[4.45506,51.890838],[4.454692,51.891216],[4.454387,51.891614],[4.454146,51.892029],[4.453973,51.892457],[4.453868,51.892893],[4.453833,51.893333],[4.453868,51.893774],[4.453973,51.89421],[4.454146,51.894637],[4.454387,51.895052],[4.454692,51.895451],[4.45506,51.895829],[4.455485,51.896183],[4.455965,51.896509],[4.456494,51.896805],[4.457068,51.897068],[4.45768,51.897295],[4.458326,51.897483],[4.458998,51.897632],[4.459691,51.897739],[4.460398,51.897803],[4.461111,51.897825]]]}},{"type":"Feature","properties":{"identifier":"5.91","name":"Industriegebied met risicos op zware ongevallen","restriction":"CONDITIONAL","rule":"OPEN cat. vluchten zijn hier verboden SPEC cat. vluchten vereisen een privilege op de exploitatievergunning","category":"industrie","source":"AIP Nederland ENR 5.3, ED-269, 22 juli 2024"},"geometry":{"type":"Polygon","coordinates":[[[5.718056,50.884214],[5.718753,50.884192],[5.719444,50.884127],[5.720122,50.88402],[5.72078,50.883872],[5.721411,50.883683],[5.722011,50.883457],[5.722572,50.883194],[5.723089,50.882898],[5.723558,50.882572],[5.723975,50.882218],[5.724334,50.88184],[5.724632,50.881441],[5.724868,50.881026],[5.725038,50.880598],[5.72514,50.880162],[5.725174,50.879722],[5.72514,50.879282],[5.725038,50.878846],[5.724868,50.878418],[5.724632,50.878003],[5.724334,50.877605],[5.723975,50.877227],[5.723558,50.876873],[5.723089,50.876546],[5.722572,50.87625],[5.722011,50.875988],[5.721411,50.875761],[5.72078,50.875573],[5.720122,50.875424],[5.719444,50.875317],[5.718753,50.875252],[5.718056,50.875231],[5.717358,50.875252],[5.716667,50.875317],[5.715989,50.875424],[5.715331,50.875573],[5.7147,50.875761],[5.714101,50.875988],[5.713539,50.87625],[5.713022,50.876546],[5.712553,50.876873],[5.712137,50.877227],[5.711777,50.877605],[5.711479,50.878003],[5.711243,50.878418],[5.711074,50.878846],[5.710971,50.879282],[5.710937,50.879722],[5.710971,50.880162],[5.711074,50.880598],[5.711243,50.881026],[5.711479,50.881441],[5.711777,50.88184],[5.712137,50.882218],[5.712553,50.882572],[5.713022,50.882898],[5.713539,50.883194],[5.714101,50.883457],[5.7147,50.883683],[5.715331,50.883872],[5.715989,50.88402],[5.716667,50.884127],[5.717358,50.884192],[5.718056,50.884214]]]}},{"type":"Feature","properties":{"identifier":"5.92","name":"Industriegebied met risicos op zware ongevallen","restriction":"CONDITIONAL","rule":"OPEN cat. vluchten zijn hier verboden SPEC cat. vluchten vereisen een privilege op de exploitatievergunning","category":"industrie","source":"AIP Nederland ENR 5.3, ED-269, 22 juli 2024"},"geometry":{"type":"Polygon","coordinates":[[[6.903889,53.317825],[6.904626,53.317803],[6.905356,53.317739],[6.906071,53.317632],[6.906766,53.317483],[6.907433,53.317295],[6.908066,53.317068],[6.908658,53.316805],[6.909205,53.316509],[6.9097,53.316183],[6.91014,53.315829],[6.910519,53.315451],[6.910835,53.315052],[6.911083,53.314637],[6.911262,53.31421],[6.911371,53.313774],[6.911407,53.313333],[6.911371,53.312893],[6.911262,53.312457],[6.911083,53.312029],[6.910835,53.311614],[6.910519,53.311216],[6.91014,53.310838],[6.9097,53.310484],[6.909205,53.310157],[6.908658,53.309861],[6.908066,53.309599],[6.907433,53.309372],[6.906766,53.309184],[6.906071,53.309035],[6.905356,53.308928],[6.904626,53.308863],[6.903889,53.308842],[6.903152,53.308863],[6.902422,53.308928],[6.901707,53.309035],[6.901012,53.309184],[6.900345,53.309372],[6.899712,53.309599],[6.899119,53.309861],[6.898573,53.310157],[6.898077,53.310484],[6.897638,53.310838],[6.897259,53.311216],[6.896943,53.311614],[6.896695,53.312029],[6.896515,53.312457],[6.896407,53.312893],[6.896371,53.313333],[6.896407,53.313774],[6.896515,53.31421],[6.896695,53.314637],[6.896943,53.315052],[6.897259,53.315451],[6.897638,53.315829],[6.898077,53.316183],[6.898573,53.316509],[6.899119,53.316805],[6.899712,53.317068],[6.900345,53.317295],[6.901012,53.317483],[6.901707,53.317632],[6.902422,53.317739],[6.903152,53.317803],[6.903889,53.317825]]]}},{"type":"Feature","properties":{"identifier":"5.93","name":"Industriegebied met risicos op zware ongevallen","restriction":"CONDITIONAL","rule":"OPEN cat. vluchten zijn hier verboden SPEC cat. vluchten vereisen een privilege op de exploitatievergunning","category":"industrie","source":"AIP Nederland ENR 5.3, ED-269, 22 juli 2024"},"geometry":{"type":"Polygon","coordinates":[[[4.783611,52.94588],[4.784342,52.945859],[4.785065,52.945794],[4.785775,52.945687],[4.786463,52.945539],[4.787125,52.94535],[4.787752,52.945123],[4.788339,52.944861],[4.788881,52.944565],[4.789373,52.944238],[4.789808,52.943884],[4.790184,52.943506],[4.790497,52.943108],[4.790743,52.942693],[4.790921,52.942265],[4.791028,52.941829],[4.791064,52.941389],[4.791028,52.940949],[4.790921,52.940513],[4.790743,52.940085],[4.790497,52.93967],[4.790184,52.939272],[4.789808,52.938894],[4.789373,52.938539],[4.788881,52.938213],[4.788339,52.937917],[4.787752,52.937654],[4.787125,52.937428],[4.786463,52.937239],[4.785775,52.937091],[4.785065,52.936984],[4.784342,52.936919],[4.783611,52.936897],[4.782881,52.936919],[4.782157,52.936984],[4.781448,52.937091],[4.780759,52.937239],[4.780098,52.937428],[4.77947,52.937654],[4.778883,52.937917],[4.778341,52.938213],[4.77785,52.938539],[4.777414,52.938894],[4.777038,52.939272],[4.776725,52.93967],[4.776479,52.940085],[4.776301,52.940513],[4.776194,52.940949],[4.776158,52.941389],[4.776194,52.941829],[4.776301,52.942265],[4.776479,52.942693],[4.776725,52.943108],[4.777038,52.943506],[4.777414,52.943884],[4.77785,52.944238],[4.778341,52.944565],[4.778883,52.944861],[4.77947,52.945123],[4.780098,52.94535],[4.780759,52.945539],[4.781448,52.945687],[4.782157,52.945794],[4.782881,52.945859],[4.783611,52.94588]]]}},{"type":"Feature","properties":{"identifier":"5.94","name":"Industriegebied met risicos op zware ongevallen","restriction":"CONDITIONAL","rule":"OPEN cat. vluchten zijn hier verboden SPEC cat. vluchten vereisen een privilege op de exploitatievergunning","category":"industrie","source":"AIP Nederland ENR 5.3, ED-269, 22 juli 2024"},"geometry":{"type":"Polygon","coordinates":[[[5.425,53.187547],[5.425735,53.187526],[5.426462,53.187461],[5.427176,53.187354],[5.427868,53.187205],[5.428533,53.187017],[5.429164,53.18679],[5.429755,53.186528],[5.4303,53.186232],[5.430794,53.185905],[5.431232,53.185551],[5.43161,53.185173],[5.431925,53.184774],[5.432172,53.184359],[5.432351,53.183932],[5.432459,53.183496],[5.432495,53.183056],[5.432459,53.182615],[5.432351,53.182179],[5.432172,53.181752],[5.431925,53.181337],[5.43161,53.180938],[5.431232,53.18056],[5.430794,53.180206],[5.4303,53.17988],[5.429755,53.179584],[5.429164,53.179321],[5.428533,53.179094],[5.427868,53.178906],[5.427176,53.178757],[5.426462,53.17865],[5.425735,53.178586],[5.425,53.178564],[5.424265,53.178586],[5.423538,53.17865],[5.422824,53.178757],[5.422132,53.178906],[5.421467,53.179094],[5.420836,53.179321],[5.420245,53.179584],[5.4197,53.17988],[5.419206,53.180206],[5.418768,53.18056],[5.41839,53.180938],[5.418075,53.181337],[5.417828,53.181752],[5.417649,53.182179],[5.417541,53.182615],[5.417505,53.183056],[5.417541,53.183496],[5.417649,53.183932],[5.417828,53.184359],[5.418075,53.184774],[5.41839,53.185173],[5.418768,53.185551],[5.419206,53.185905],[5.4197,53.186232],[5.420245,53.186528],[5.420836,53.18679],[5.421467,53.187017],[5.422132,53.187205],[5.422824,53.187354],[5.423538,53.187461],[5.424265,53.187526],[5.425,53.187547]]]}},{"type":"Feature","properties":{"identifier":"5.95","name":"Industriegebied met risicos op zware ongevallen","restriction":"CONDITIONAL","rule":"OPEN cat. vluchten zijn hier verboden SPEC cat. vluchten vereisen een privilege op de exploitatievergunning","category":"industrie","source":"AIP Nederland ENR 5.3, ED-269, 22 juli 2024"},"geometry":{"type":"Polygon","coordinates":[[[6.5625,53.244214],[6.563236,53.244192],[6.563964,53.244127],[6.564679,53.24402],[6.565372,53.243872],[6.566038,53.243683],[6.56667,53.243457],[6.567261,53.243194],[6.567807,53.242898],[6.568302,53.242572],[6.56874,53.242218],[6.569119,53.24184],[6.569434,53.241441],[6.569682,53.241026],[6.569861,53.240598],[6.569969,53.240162],[6.570005,53.239722],[6.569969,53.239282],[6.569861,53.238846],[6.569682,53.238418],[6.569434,53.238003],[6.569119,53.237605],[6.56874,53.237227],[6.568302,53.236873],[6.567807,53.236546],[6.567261,53.23625],[6.56667,53.235988],[6.566038,53.235761],[6.565372,53.235573],[6.564679,53.235424],[6.563964,53.235317],[6.563236,53.235252],[6.5625,53.235231],[6.561764,53.235252],[6.561036,53.235317],[6.560321,53.235424],[6.559628,53.235573],[6.558962,53.235761],[6.55833,53.235988],[6.557739,53.23625],[6.557193,53.236546],[6.556698,53.236873],[6.55626,53.237227],[6.555881,53.237605],[6.555566,53.238003],[6.555318,53.238418],[6.555139,53.238846],[6.555031,53.239282],[6.554995,53.239722],[6.555031,53.240162],[6.555139,53.240598],[6.555318,53.241026],[6.555566,53.241441],[6.555881,53.24184],[6.55626,53.242218],[6.556698,53.242572],[6.557193,53.242898],[6.557739,53.243194],[6.55833,53.243457],[6.558962,53.243683],[6.559628,53.243872],[6.560321,53.24402],[6.561036,53.244127],[6.561764,53.244192],[6.5625,53.244214]]]}},{"type":"Feature","properties":{"identifier":"5.96","name":"Industriegebied met risicos op zware ongevallen","restriction":"CONDITIONAL","rule":"OPEN cat. vluchten zijn hier verboden SPEC cat. vluchten vereisen een privilege op de exploitatievergunning","category":"industrie","source":"AIP Nederland ENR 5.3, ED-269, 22 juli 2024"},"geometry":{"type":"Polygon","coordinates":[[[5.664444,51.663658],[5.665154,51.663637],[5.665857,51.663572],[5.666546,51.663465],[5.667215,51.663316],[5.667858,51.663128],[5.668467,51.662901],[5.669038,51.662639],[5.669564,51.662343],[5.670041,51.662016],[5.670465,51.661662],[5.67083,51.661284],[5.671134,51.660886],[5.671373,51.660471],[5.671546,51.660043],[5.67165,51.659607],[5.671685,51.659167],[5.67165,51.658726],[5.671546,51.65829],[5.671373,51.657863],[5.671134,51.657448],[5.67083,51.657049],[5.670465,51.656671],[5.670041,51.656317],[5.669564,51.655991],[5.669038,51.655695],[5.668467,51.655432],[5.667858,51.655205],[5.667215,51.655017],[5.666546,51.654868],[5.665857,51.654761],[5.665154,51.654697],[5.664444,51.654675],[5.663735,51.654697],[5.663032,51.654761],[5.662343,51.654868],[5.661674,51.655017],[5.661031,51.655205],[5.660422,51.655432],[5.659851,51.655695],[5.659325,51.655991],[5.658847,51.656317],[5.658424,51.656671],[5.658059,51.657049],[5.657755,51.657448],[5.657516,51.657863],[5.657343,51.65829],[5.657239,51.658726],[5.657204,51.659167],[5.657239,51.659607],[5.657343,51.660043],[5.657516,51.660471],[5.657755,51.660886],[5.658059,51.661284],[5.658424,51.661662],[5.658847,51.662016],[5.659325,51.662343],[5.659851,51.662639],[5.660422,51.662901],[5.661031,51.663128],[5.661674,51.663316],[5.662343,51.663465],[5.663032,51.663572],[5.663735,51.663637],[5.664444,51.663658]]]}},{"type":"Feature","properties":{"identifier":"5.97","name":"Industriegebied met risicos op zware ongevallen","restriction":"CONDITIONAL","rule":"OPEN cat. vluchten zijn hier verboden SPEC cat. vluchten vereisen een privilege op de exploitatievergunning","category":"industrie","source":"AIP Nederland ENR 5.3, ED-269, 22 juli 2024"},"geometry":{"type":"Polygon","coordinates":[[[4.917222,52.381992],[4.917943,52.38197],[4.918658,52.381905],[4.919358,52.381798],[4.920038,52.38165],[4.920691,52.381461],[4.92131,52.381235],[4.92189,52.380972],[4.922425,52.380676],[4.92291,52.380349],[4.92334,52.379995],[4.923711,52.379617],[4.92402,52.379219],[4.924263,52.378804],[4.924439,52.378376],[4.924545,52.37794],[4.92458,52.3775],[4.924545,52.37706],[4.924439,52.376624],[4.924263,52.376196],[4.92402,52.375781],[4.923711,52.375383],[4.92334,52.375005],[4.92291,52.374651],[4.922425,52.374324],[4.92189,52.374028],[4.92131,52.373765],[4.920691,52.373539],[4.920038,52.37335],[4.919358,52.373202],[4.918658,52.373095],[4.917943,52.37303],[4.917222,52.373008],[4.916501,52.37303],[4.915787,52.373095],[4.915086,52.373202],[4.914407,52.37335],[4.913754,52.373539],[4.913134,52.373765],[4.912555,52.374028],[4.91202,52.374324],[4.911535,52.374651],[4.911104,52.375005],[4.910733,52.375383],[4.910425,52.375781],[4.910181,52.376196],[4.910006,52.376624],[4.9099,52.37706],[4.909864,52.3775],[4.9099,52.37794],[4.910006,52.378376],[4.910181,52.378804],[4.910425,52.379219],[4.910733,52.379617],[4.911104,52.379995],[4.911535,52.380349],[4.91202,52.380676],[4.912555,52.380972],[4.913134,52.381235],[4.913754,52.381461],[4.914407,52.38165],[4.915086,52.381798],[4.915787,52.381905],[4.916501,52.38197],[4.917222,52.381992]]]}},{"type":"Feature","properties":{"identifier":"5.98","name":"Industriegebied met risicos op zware ongevallen","restriction":"CONDITIONAL","rule":"OPEN cat. vluchten zijn hier verboden SPEC cat. vluchten vereisen een privilege op de exploitatievergunning","category":"industrie","source":"AIP Nederland ENR 5.3, ED-269, 22 juli 2024"},"geometry":{"type":"Polygon","coordinates":[[[4.679444,51.828936],[4.680157,51.828914],[4.680862,51.82885],[4.681554,51.828743],[4.682225,51.828594],[4.68287,51.828406],[4.683482,51.828179],[4.684055,51.827916],[4.684583,51.82762],[4.685062,51.827294],[4.685487,51.82694],[4.685853,51.826562],[4.686158,51.826163],[4.686399,51.825748],[4.686572,51.825321],[4.686677,51.824885],[4.686712,51.824444],[4.686677,51.824004],[4.686572,51.823568],[4.686399,51.823141],[4.686158,51.822726],[4.685853,51.822327],[4.685487,51.821949],[4.685062,51.821595],[4.684583,51.821268],[4.684055,51.820972],[4.683482,51.82071],[4.68287,51.820483],[4.682225,51.820295],[4.681554,51.820146],[4.680862,51.820039],[4.680157,51.819974],[4.679444,51.819953],[4.678732,51.819974],[4.678027,51.820039],[4.677335,51.820146],[4.676663,51.820295],[4.676019,51.820483],[4.675407,51.82071],[4.674834,51.820972],[4.674306,51.821268],[4.673827,51.821595],[4.673402,51.821949],[4.673035,51.822327],[4.672731,51.822726],[4.67249,51.823141],[4.672317,51.823568],[4.672212,51.824004],[4.672177,51.824444],[4.672212,51.824885],[4.672317,51.825321],[4.67249,51.825748],[4.672731,51.826163],[4.673035,51.826562],[4.673402,51.82694],[4.673827,51.827294],[4.674306,51.82762],[4.674834,51.827916],[4.675407,51.828179],[4.676019,51.828406],[4.676663,51.828594],[4.677335,51.828743],[4.678027,51.82885],[4.678732,51.828914],[4.679444,51.828936]]]}},{"type":"Feature","properties":{"identifier":"5.99","name":"Industriegebied met risicos op zware ongevallen","restriction":"CONDITIONAL","rule":"OPEN cat. vluchten zijn hier verboden SPEC cat. vluchten vereisen een privilege op de exploitatievergunning","category":"industrie","source":"AIP Nederland ENR 5.3, ED-269, 22 juli 2024"},"geometry":{"type":"Polygon","coordinates":[[[5.52,51.620325],[5.520709,51.620303],[5.521411,51.620239],[5.5221,51.620132],[5.522768,51.619983],[5.52341,51.619795],[5.524019,51.619568],[5.524589,51.619305],[5.525115,51.619009],[5.525592,51.618683],[5.526015,51.618329],[5.526379,51.617951],[5.526683,51.617552],[5.526922,51.617137],[5.527095,51.61671],[5.527199,51.616274],[5.527234,51.615833],[5.527199,51.615393],[5.527095,51.614957],[5.526922,51.614529],[5.526683,51.614114],[5.526379,51.613716],[5.526015,51.613338],[5.525592,51.612984],[5.525115,51.612657],[5.524589,51.612361],[5.524019,51.612099],[5.52341,51.611872],[5.522768,51.611684],[5.5221,51.611535],[5.521411,51.611428],[5.520709,51.611363],[5.52,51.611342],[5.519291,51.611363],[5.518589,51.611428],[5.5179,51.611535],[5.517232,51.611684],[5.51659,51.611872],[5.515981,51.612099],[5.515411,51.612361],[5.514885,51.612657],[5.514408,51.612984],[5.513985,51.613338],[5.513621,51.613716],[5.513317,51.614114],[5.513078,51.614529],[5.512905,51.614957],[5.512801,51.615393],[5.512766,51.615833],[5.512801,51.616274],[5.512905,51.61671],[5.513078,51.617137],[5.513317,51.617552],[5.513621,51.617951],[5.513985,51.618329],[5.514408,51.618683],[5.514885,51.619009],[5.515411,51.619305],[5.515981,51.619568],[5.51659,51.619795],[5.517232,51.619983],[5.5179,51.620132],[5.518589,51.620239],[5.519291,51.620303],[5.52,51.620325]]]}},{"type":"Feature","properties":{"identifier":"5.100","name":"Industriegebied met risicos op zware ongevallen","restriction":"CONDITIONAL","rule":"OPEN cat. vluchten zijn hier verboden SPEC cat. vluchten vereisen een privilege op de exploitatievergunning","category":"industrie","source":"AIP Nederland ENR 5.3, ED-269, 22 juli 2024"},"geometry":{"type":"Polygon","coordinates":[[[5.016944,51.599492],[5.017653,51.59947],[5.018355,51.599405],[5.019043,51.599298],[5.019711,51.59915],[5.020353,51.598961],[5.020961,51.598735],[5.021531,51.598472],[5.022057,51.598176],[5.022534,51.597849],[5.022956,51.597495],[5.023321,51.597117],[5.023624,51.596719],[5.023863,51.596304],[5.024036,51.595876],[5.02414,51.59544],[5.024175,51.595],[5.02414,51.59456],[5.024036,51.594124],[5.023863,51.593696],[5.023624,51.593281],[5.023321,51.592883],[5.022956,51.592505],[5.022534,51.592151],[5.022057,51.591824],[5.021531,51.591528],[5.020961,51.591265],[5.020353,51.591039],[5.019711,51.59085],[5.019043,51.590702],[5.018355,51.590595],[5.017653,51.59053],[5.016944,51.590508],[5.016236,51.59053],[5.015534,51.590595],[5.014846,51.590702],[5.014178,51.59085],[5.013536,51.591039],[5.012928,51.591265],[5.012358,51.591528],[5.011832,51.591824],[5.011355,51.592151],[5.010933,51.592505],[5.010568,51.592883],[5.010265,51.593281],[5.010025,51.593696],[5.009853,51.594124],[5.009749,51.59456],[5.009714,51.595],[5.009749,51.59544],[5.009853,51.595876],[5.010025,51.596304],[5.010265,51.596719],[5.010568,51.597117],[5.010933,51.597495],[5.011355,51.597849],[5.011832,51.598176],[5.012358,51.598472],[5.012928,51.598735],[5.013536,51.598961],[5.014178,51.59915],[5.014846,51.599298],[5.015534,51.599405],[5.016236,51.59947],[5.016944,51.599492]]]}},{"type":"Feature","properties":{"identifier":"5.101","name":"Industriegebied met risicos op zware ongevallen","restriction":"CONDITIONAL","rule":"OPEN cat. vluchten zijn hier verboden SPEC cat. vluchten vereisen een privilege op de exploitatievergunning","category":"industrie","source":"AIP Nederland ENR 5.3, ED-269, 22 juli 2024"},"geometry":{"type":"Polygon","coordinates":[[[5.821389,53.096714],[5.822122,53.096692],[5.822848,53.096627],[5.82356,53.09652],[5.824251,53.096372],[5.824915,53.096183],[5.825544,53.095957],[5.826134,53.095694],[5.826678,53.095398],[5.827171,53.095072],[5.827608,53.094718],[5.827985,53.09434],[5.828299,53.093941],[5.828546,53.093526],[5.828725,53.093098],[5.828832,53.092662],[5.828868,53.092222],[5.828832,53.091782],[5.828725,53.091346],[5.828546,53.090918],[5.828299,53.090503],[5.827985,53.090105],[5.827608,53.089727],[5.827171,53.089373],[5.826678,53.089046],[5.826134,53.08875],[5.825544,53.088488],[5.824915,53.088261],[5.824251,53.088073],[5.82356,53.087924],[5.822848,53.087817],[5.822122,53.087752],[5.821389,53.087731],[5.820656,53.087752],[5.81993,53.087817],[5.819218,53.087924],[5.818527,53.088073],[5.817863,53.088261],[5.817234,53.088488],[5.816644,53.08875],[5.8161,53.089046],[5.815607,53.089373],[5.81517,53.089727],[5.814793,53.090105],[5.814479,53.090503],[5.814232,53.090918],[5.814053,53.091346],[5.813946,53.091782],[5.81391,53.092222],[5.813946,53.092662],[5.814053,53.093098],[5.814232,53.093526],[5.814479,53.093941],[5.814793,53.09434],[5.81517,53.094718],[5.815607,53.095072],[5.8161,53.095398],[5.816644,53.095694],[5.817234,53.095957],[5.817863,53.096183],[5.818527,53.096372],[5.819218,53.09652],[5.81993,53.096627],[5.820656,53.096692],[5.821389,53.096714]]]}},{"type":"Feature","properties":{"identifier":"5.102","name":"Industriegebied met risicos op zware ongevallen","restriction":"CONDITIONAL","rule":"OPEN cat. vluchten zijn hier verboden SPEC cat. vluchten vereisen een privilege op de exploitatievergunning","category":"industrie","source":"AIP Nederland ENR 5.3, ED-269, 22 juli 2024"},"geometry":{"type":"Polygon","coordinates":[[[4.729167,52.596992],[4.729891,52.59697],[4.730609,52.596905],[4.731313,52.596798],[4.731996,52.59665],[4.732652,52.596461],[4.733274,52.596235],[4.733857,52.595972],[4.734395,52.595676],[4.734882,52.595349],[4.735314,52.594995],[4.735687,52.594617],[4.735998,52.594219],[4.736242,52.593804],[4.736418,52.593376],[4.736525,52.59294],[4.73656,52.5925],[4.736525,52.59206],[4.736418,52.591624],[4.736242,52.591196],[4.735998,52.590781],[4.735687,52.590383],[4.735314,52.590005],[4.734882,52.589651],[4.734395,52.589324],[4.733857,52.589028],[4.733274,52.588765],[4.732652,52.588539],[4.731996,52.58835],[4.731313,52.588202],[4.730609,52.588095],[4.729891,52.58803],[4.729167,52.588008],[4.728442,52.58803],[4.727724,52.588095],[4.72702,52.588202],[4.726337,52.58835],[4.725681,52.588539],[4.725059,52.588765],[4.724476,52.589028],[4.723938,52.589324],[4.723451,52.589651],[4.723019,52.590005],[4.722646,52.590383],[4.722336,52.590781],[4.722091,52.591196],[4.721915,52.591624],[4.721808,52.59206],[4.721773,52.5925],[4.721808,52.59294],[4.721915,52.593376],[4.722091,52.593804],[4.722336,52.594219],[4.722646,52.594617],[4.723019,52.594995],[4.723451,52.595349],[4.723938,52.595676],[4.724476,52.595972],[4.725059,52.596235],[4.725681,52.596461],[4.726337,52.59665],[4.72702,52.596798],[4.727724,52.596905],[4.728442,52.59697],[4.729167,52.596992]]]}},{"type":"Feature","properties":{"identifier":"5.103","name":"Industriegebied met risicos op zware ongevallen","restriction":"CONDITIONAL","rule":"OPEN cat. vluchten zijn hier verboden SPEC cat. vluchten vereisen een privilege op de exploitatievergunning","category":"industrie","source":"AIP Nederland ENR 5.3, ED-269, 22 juli 2024"},"geometry":{"type":"Polygon","coordinates":[[[6.304722,53.279769],[6.305458,53.279748],[6.306188,53.279683],[6.306903,53.279576],[6.307597,53.279427],[6.308263,53.279239],[6.308895,53.279012],[6.309487,53.27875],[6.310034,53.278454],[6.310529,53.278127],[6.310968,53.277773],[6.311347,53.277395],[6.311662,53.276997],[6.31191,53.276582],[6.312089,53.276154],[6.312197,53.275718],[6.312234,53.275278],[6.312197,53.274838],[6.312089,53.274402],[6.31191,53.273974],[6.311662,53.273559],[6.311347,53.27316],[6.310968,53.272782],[6.310529,53.272428],[6.310034,53.272102],[6.309487,53.271806],[6.308895,53.271543],[6.308263,53.271317],[6.307597,53.271128],[6.306903,53.27098],[6.306188,53.270873],[6.305458,53.270808],[6.304722,53.270786],[6.303986,53.270808],[6.303257,53.270873],[6.302542,53.27098],[6.301848,53.271128],[6.301181,53.271317],[6.300549,53.271543],[6.299957,53.271806],[6.299411,53.272102],[6.298916,53.272428],[6.298477,53.272782],[6.298098,53.27316],[6.297783,53.273559],[6.297534,53.273974],[6.297355,53.274402],[6.297247,53.274838],[6.297211,53.275278],[6.297247,53.275718],[6.297355,53.276154],[6.297534,53.276582],[6.297783,53.276997],[6.298098,53.277395],[6.298477,53.277773],[6.298916,53.278127],[6.299411,53.278454],[6.299957,53.27875],[6.300549,53.279012],[6.301181,53.279239],[6.301848,53.279427],[6.302542,53.279576],[6.303257,53.279683],[6.303986,53.279748],[6.304722,53.279769]]]}},{"type":"Feature","properties":{"identifier":"5.104","name":"Industriegebied met risicos op zware ongevallen","restriction":"CONDITIONAL","rule":"OPEN cat. vluchten zijn hier verboden SPEC cat. vluchten vereisen een privilege op de exploitatievergunning","category":"industrie","source":"AIP Nederland ENR 5.3, ED-269, 22 juli 2024"},"geometry":{"type":"Polygon","coordinates":[[[5.894722,53.061992],[5.895455,53.06197],[5.89618,53.061905],[5.896892,53.061798],[5.897582,53.06165],[5.898245,53.061461],[5.898874,53.061235],[5.899463,53.060972],[5.900007,53.060676],[5.900499,53.060349],[5.900936,53.059995],[5.901313,53.059617],[5.901627,53.059219],[5.901874,53.058804],[5.902052,53.058376],[5.90216,53.05794],[5.902196,53.0575],[5.90216,53.05706],[5.902052,53.056624],[5.901874,53.056196],[5.901627,53.055781],[5.901313,53.055383],[5.900936,53.055005],[5.900499,53.054651],[5.900007,53.054324],[5.899463,53.054028],[5.898874,53.053765],[5.898245,53.053539],[5.897582,53.05335],[5.896892,53.053202],[5.89618,53.053095],[5.895455,53.05303],[5.894722,53.053008],[5.89399,53.05303],[5.893264,53.053095],[5.892553,53.053202],[5.891862,53.05335],[5.891199,53.053539],[5.89057,53.053765],[5.889981,53.054028],[5.889438,53.054324],[5.888945,53.054651],[5.888508,53.055005],[5.888131,53.055383],[5.887818,53.055781],[5.887571,53.056196],[5.887392,53.056624],[5.887285,53.05706],[5.887249,53.0575],[5.887285,53.05794],[5.887392,53.058376],[5.887571,53.058804],[5.887818,53.059219],[5.888131,53.059617],[5.888508,53.059995],[5.888945,53.060349],[5.889438,53.060676],[5.889981,53.060972],[5.89057,53.061235],[5.891199,53.061461],[5.891862,53.06165],[5.892553,53.061798],[5.893264,53.061905],[5.89399,53.06197],[5.894722,53.061992]]]}},{"type":"Feature","properties":{"identifier":"5.105","name":"Industriegebied met risicos op zware ongevallen","restriction":"CONDITIONAL","rule":"OPEN cat. vluchten zijn hier verboden SPEC cat. vluchten vereisen een privilege op de exploitatievergunning","category":"industrie","source":"AIP Nederland ENR 5.3, ED-269, 22 juli 2024"},"geometry":{"type":"Polygon","coordinates":[[[6.356389,52.502547],[6.357112,52.502526],[6.357828,52.502461],[6.358531,52.502354],[6.359212,52.502205],[6.359867,52.502017],[6.360488,52.50179],[6.361069,52.501528],[6.361606,52.501232],[6.362092,52.500905],[6.362523,52.500551],[6.362896,52.500173],[6.363205,52.499774],[6.363449,52.499359],[6.363625,52.498932],[6.363731,52.498496],[6.363767,52.498056],[6.363731,52.497615],[6.363625,52.497179],[6.363449,52.496752],[6.363205,52.496337],[6.362896,52.495938],[6.362523,52.49556],[6.362092,52.495206],[6.361606,52.49488],[6.361069,52.494584],[6.360488,52.494321],[6.359867,52.494094],[6.359212,52.493906],[6.358531,52.493757],[6.357828,52.49365],[6.357112,52.493586],[6.356389,52.493564],[6.355666,52.493586],[6.35495,52.49365],[6.354247,52.493757],[6.353565,52.493906],[6.352911,52.494094],[6.35229,52.494321],[6.351708,52.494584],[6.351172,52.49488],[6.350686,52.495206],[6.350254,52.49556],[6.349882,52.495938],[6.349573,52.496337],[6.349329,52.496752],[6.349153,52.497179],[6.349047,52.497615],[6.349011,52.498056],[6.349047,52.498496],[6.349153,52.498932],[6.349329,52.499359],[6.349573,52.499774],[6.349882,52.500173],[6.350254,52.500551],[6.350686,52.500905],[6.351172,52.501232],[6.351708,52.501528],[6.35229,52.50179],[6.352911,52.502017],[6.353565,52.502205],[6.354247,52.502354],[6.35495,52.502461],[6.355666,52.502526],[6.356389,52.502547]]]}},{"type":"Feature","properties":{"identifier":"5.106","name":"Industriegebied met risicos op zware ongevallen","restriction":"CONDITIONAL","rule":"OPEN cat. vluchten zijn hier verboden SPEC cat. vluchten vereisen een privilege op de exploitatievergunning","category":"industrie","source":"AIP Nederland ENR 5.3, ED-269, 22 juli 2024"},"geometry":{"type":"Polygon","coordinates":[[[6.933889,53.176158],[6.934623,53.176137],[6.935351,53.176072],[6.936064,53.175965],[6.936756,53.175816],[6.937421,53.175628],[6.938052,53.175401],[6.938643,53.175139],[6.939187,53.174843],[6.939681,53.174516],[6.940119,53.174162],[6.940497,53.173784],[6.940812,53.173386],[6.941059,53.172971],[6.941238,53.172543],[6.941346,53.172107],[6.941382,53.171667],[6.941346,53.171226],[6.941238,53.17079],[6.941059,53.170363],[6.940812,53.169948],[6.940497,53.169549],[6.940119,53.169171],[6.939681,53.168817],[6.939187,53.168491],[6.938643,53.168195],[6.938052,53.167932],[6.937421,53.167705],[6.936756,53.167517],[6.936064,53.167368],[6.935351,53.167261],[6.934623,53.167197],[6.933889,53.167175],[6.933154,53.167197],[6.932427,53.167261],[6.931714,53.167368],[6.931021,53.167517],[6.930357,53.167705],[6.929726,53.167932],[6.929135,53.168195],[6.92859,53.168491],[6.928097,53.168817],[6.927659,53.169171],[6.92728,53.169549],[6.926966,53.169948],[6.926718,53.170363],[6.92654,53.17079],[6.926432,53.171226],[6.926396,53.171667],[6.926432,53.172107],[6.92654,53.172543],[6.926718,53.172971],[6.926966,53.173386],[6.92728,53.173784],[6.927659,53.174162],[6.928097,53.174516],[6.92859,53.174843],[6.929135,53.175139],[6.929726,53.175401],[6.930357,53.175628],[6.931021,53.175816],[6.931714,53.175965],[6.932427,53.176072],[6.933154,53.176137],[6.933889,53.176158]]]}},{"type":"Feature","properties":{"identifier":"5.107","name":"Industriegebied met risicos op zware ongevallen","restriction":"CONDITIONAL","rule":"OPEN cat. vluchten zijn hier verboden SPEC cat. vluchten vereisen een privilege op de exploitatievergunning","category":"industrie","source":"AIP Nederland ENR 5.3, ED-269, 22 juli 2024"},"geometry":{"type":"Polygon","coordinates":[[[6.859444,53.410603],[6.860183,53.410581],[6.860914,53.410516],[6.861632,53.410409],[6.862328,53.410261],[6.862996,53.410072],[6.86363,53.409846],[6.864224,53.409583],[6.864772,53.409287],[6.865269,53.408961],[6.865709,53.408606],[6.866089,53.408228],[6.866405,53.40783],[6.866654,53.407415],[6.866834,53.406987],[6.866943,53.406551],[6.866979,53.406111],[6.866943,53.405671],[6.866834,53.405235],[6.866654,53.404807],[6.866405,53.404392],[6.866089,53.403994],[6.865709,53.403616],[6.865269,53.403262],[6.864772,53.402935],[6.864224,53.402639],[6.86363,53.402377],[6.862996,53.40215],[6.862328,53.401961],[6.861632,53.401813],[6.860914,53.401706],[6.860183,53.401641],[6.859444,53.40162],[6.858706,53.401641],[6.857975,53.401706],[6.857257,53.401813],[6.856561,53.401961],[6.855893,53.40215],[6.855259,53.402377],[6.854665,53.402639],[6.854117,53.402935],[6.85362,53.403262],[6.85318,53.403616],[6.8528,53.403994],[6.852484,53.404392],[6.852234,53.404807],[6.852055,53.405235],[6.851946,53.405671],[6.85191,53.406111],[6.851946,53.406551],[6.852055,53.406987],[6.852234,53.407415],[6.852484,53.40783],[6.8528,53.408228],[6.85318,53.408606],[6.85362,53.408961],[6.854117,53.409287],[6.854665,53.409583],[6.855259,53.409846],[6.855893,53.410072],[6.856561,53.410261],[6.857257,53.410409],[6.857975,53.410516],[6.858706,53.410581],[6.859444,53.410603]]]}},{"type":"Feature","properties":{"identifier":"5.108","name":"Industriegebied met risicos op zware ongevallen","restriction":"CONDITIONAL","rule":"OPEN cat. vluchten zijn hier verboden SPEC cat. vluchten vereisen een privilege op de exploitatievergunning","category":"industrie","source":"AIP Nederland ENR 5.3, ED-269, 22 juli 2024"},"geometry":{"type":"Polygon","coordinates":[[[7.207222,53.196158],[7.207957,53.196137],[7.208685,53.196072],[7.209398,53.195965],[7.210091,53.195816],[7.210756,53.195628],[7.211387,53.195401],[7.211978,53.195139],[7.212523,53.194843],[7.213017,53.194516],[7.213456,53.194162],[7.213834,53.193784],[7.214148,53.193386],[7.214396,53.192971],[7.214575,53.192543],[7.214683,53.192107],[7.214719,53.191667],[7.214683,53.191226],[7.214575,53.19079],[7.214396,53.190363],[7.214148,53.189948],[7.213834,53.189549],[7.213456,53.189171],[7.213017,53.188817],[7.212523,53.188491],[7.211978,53.188195],[7.211387,53.187932],[7.210756,53.187705],[7.210091,53.187517],[7.209398,53.187368],[7.208685,53.187261],[7.207957,53.187197],[7.207222,53.187175],[7.206487,53.187197],[7.20576,53.187261],[7.205046,53.187368],[7.204353,53.187517],[7.203688,53.187705],[7.203057,53.187932],[7.202466,53.188195],[7.201921,53.188491],[7.201427,53.188817],[7.200989,53.189171],[7.200611,53.189549],[7.200296,53.189948],[7.200048,53.190363],[7.19987,53.19079],[7.199762,53.191226],[7.199726,53.191667],[7.199762,53.192107],[7.19987,53.192543],[7.200048,53.192971],[7.200296,53.193386],[7.200611,53.193784],[7.200989,53.194162],[7.201427,53.194516],[7.201921,53.194843],[7.202466,53.195139],[7.203057,53.195401],[7.203688,53.195628],[7.204353,53.195816],[7.205046,53.195965],[7.20576,53.196072],[7.206487,53.196137],[7.207222,53.196158]]]}},{"type":"Feature","properties":{"identifier":"5.109","name":"Industriegebied met risicos op zware ongevallen","restriction":"CONDITIONAL","rule":"OPEN cat. vluchten zijn hier verboden SPEC cat. vluchten vereisen een privilege op de exploitatievergunning","category":"industrie","source":"AIP Nederland ENR 5.3, ED-269, 22 juli 2024"},"geometry":{"type":"Polygon","coordinates":[[[6.888611,53.148658],[6.889345,53.148637],[6.890072,53.148572],[6.890785,53.148465],[6.891477,53.148316],[6.892141,53.148128],[6.892771,53.147901],[6.893362,53.147639],[6.893906,53.147343],[6.8944,53.147016],[6.894837,53.146662],[6.895215,53.146284],[6.89553,53.145886],[6.895777,53.145471],[6.895956,53.145043],[6.896063,53.144607],[6.8961,53.144167],[6.896063,53.143726],[6.895956,53.14329],[6.895777,53.142863],[6.89553,53.142448],[6.895215,53.142049],[6.894837,53.141671],[6.8944,53.141317],[6.893906,53.140991],[6.893362,53.140695],[6.892771,53.140432],[6.892141,53.140205],[6.891477,53.140017],[6.890785,53.139868],[6.890072,53.139761],[6.889345,53.139697],[6.888611,53.139675],[6.887877,53.139697],[6.88715,53.139761],[6.886437,53.139868],[6.885745,53.140017],[6.885081,53.140205],[6.884451,53.140432],[6.883861,53.140695],[6.883316,53.140991],[6.882822,53.141317],[6.882385,53.141671],[6.882007,53.142049],[6.881693,53.142448],[6.881445,53.142863],[6.881267,53.14329],[6.881159,53.143726],[6.881123,53.144167],[6.881159,53.144607],[6.881267,53.145043],[6.881445,53.145471],[6.881693,53.145886],[6.882007,53.146284],[6.882385,53.146662],[6.882822,53.147016],[6.883316,53.147343],[6.883861,53.147639],[6.884451,53.147901],[6.885081,53.148128],[6.885745,53.148316],[6.886437,53.148465],[6.88715,53.148572],[6.887877,53.148637],[6.888611,53.148658]]]}},{"type":"Feature","properties":{"identifier":"5.110","name":"Industriegebied met risicos op zware ongevallen","restriction":"CONDITIONAL","rule":"OPEN cat. vluchten zijn hier verboden SPEC cat. vluchten vereisen een privilege op de exploitatievergunning","category":"industrie","source":"AIP Nederland ENR 5.3, ED-269, 22 juli 2024"},"geometry":{"type":"Polygon","coordinates":[[[5.577222,52.008658],[5.577937,52.008637],[5.578646,52.008572],[5.57934,52.008465],[5.580014,52.008316],[5.580662,52.008128],[5.581276,52.007901],[5.581851,52.007639],[5.582381,52.007343],[5.582862,52.007016],[5.583289,52.006662],[5.583657,52.006284],[5.583963,52.005886],[5.584204,52.005471],[5.584378,52.005043],[5.584483,52.004607],[5.584518,52.004167],[5.584483,52.003726],[5.584378,52.00329],[5.584204,52.002863],[5.583963,52.002448],[5.583657,52.002049],[5.583289,52.001671],[5.582862,52.001317],[5.582381,52.000991],[5.581851,52.000695],[5.581276,52.000432],[5.580662,52.000205],[5.580014,52.000017],[5.57934,51.999868],[5.578646,51.999761],[5.577937,51.999697],[5.577222,51.999675],[5.576507,51.999697],[5.575799,51.999761],[5.575104,51.999868],[5.57443,52.000017],[5.573783,52.000205],[5.573169,52.000432],[5.572594,52.000695],[5.572063,52.000991],[5.571582,52.001317],[5.571156,52.001671],[5.570788,52.002049],[5.570481,52.002448],[5.57024,52.002863],[5.570066,52.00329],[5.569961,52.003726],[5.569926,52.004167],[5.569961,52.004607],[5.570066,52.005043],[5.57024,52.005471],[5.570481,52.005886],[5.570788,52.006284],[5.571156,52.006662],[5.571582,52.007016],[5.572063,52.007343],[5.572594,52.007639],[5.573169,52.007901],[5.573783,52.008128],[5.57443,52.008316],[5.575104,52.008465],[5.575799,52.008572],[5.576507,52.008637],[5.577222,52.008658]]]}},{"type":"Feature","properties":{"identifier":"5.111","name":"Industriegebied met risicos op zware ongevallen","restriction":"CONDITIONAL","rule":"OPEN cat. vluchten zijn hier verboden SPEC cat. vluchten vereisen een privilege op de exploitatievergunning","category":"industrie","source":"AIP Nederland ENR 5.3, ED-269, 22 juli 2024"},"geometry":{"type":"Polygon","coordinates":[[[6.503611,51.906436],[6.504325,51.906414],[6.505031,51.90635],[6.505724,51.906243],[6.506397,51.906094],[6.507043,51.905906],[6.507655,51.905679],[6.508229,51.905416],[6.508759,51.90512],[6.509238,51.904794],[6.509664,51.90444],[6.510031,51.904062],[6.510337,51.903663],[6.510577,51.903248],[6.510751,51.902821],[6.510856,51.902385],[6.510891,51.901944],[6.510856,51.901504],[6.510751,51.901068],[6.510577,51.900641],[6.510337,51.900226],[6.510031,51.899827],[6.509664,51.899449],[6.509238,51.899095],[6.508759,51.898768],[6.508229,51.898472],[6.507655,51.89821],[6.507043,51.897983],[6.506397,51.897795],[6.505724,51.897646],[6.505031,51.897539],[6.504325,51.897474],[6.503611,51.897453],[6.502898,51.897474],[6.502191,51.897539],[6.501498,51.897646],[6.500825,51.897795],[6.50018,51.897983],[6.499567,51.89821],[6.498993,51.898472],[6.498464,51.898768],[6.497984,51.899095],[6.497558,51.899449],[6.497191,51.899827],[6.496886,51.900226],[6.496645,51.900641],[6.496471,51.901068],[6.496367,51.901504],[6.496332,51.901944],[6.496367,51.902385],[6.496471,51.902821],[6.496645,51.903248],[6.496886,51.903663],[6.497191,51.904062],[6.497558,51.90444],[6.497984,51.904794],[6.498464,51.90512],[6.498993,51.905416],[6.499567,51.905679],[6.50018,51.905906],[6.500825,51.906094],[6.501498,51.906243],[6.502191,51.90635],[6.502898,51.906414],[6.503611,51.906436]]]}},{"type":"Feature","properties":{"identifier":"5.112","name":"Industriegebied met risicos op zware ongevallen","restriction":"CONDITIONAL","rule":"OPEN cat. vluchten zijn hier verboden SPEC cat. vluchten vereisen een privilege op de exploitatievergunning","category":"industrie","source":"AIP Nederland ENR 5.3, ED-269, 22 juli 2024"},"geometry":{"type":"Polygon","coordinates":[[[6.094722,51.402825],[6.095428,51.402803],[6.096127,51.402739],[6.096812,51.402632],[6.097477,51.402483],[6.098116,51.402295],[6.098722,51.402068],[6.099289,51.401805],[6.099813,51.401509],[6.100287,51.401183],[6.100708,51.400829],[6.101071,51.400451],[6.101373,51.400052],[6.101611,51.399637],[6.101783,51.39921],[6.101887,51.398774],[6.101921,51.398333],[6.101887,51.397893],[6.101783,51.397457],[6.101611,51.397029],[6.101373,51.396614],[6.101071,51.396216],[6.100708,51.395838],[6.100287,51.395484],[6.099813,51.395157],[6.099289,51.394861],[6.098722,51.394599],[6.098116,51.394372],[6.097477,51.394184],[6.096812,51.394035],[6.096127,51.393928],[6.095428,51.393863],[6.094722,51.393842],[6.094017,51.393863],[6.093318,51.393928],[6.092632,51.394035],[6.091967,51.394184],[6.091329,51.394372],[6.090723,51.394599],[6.090155,51.394861],[6.089632,51.395157],[6.089157,51.395484],[6.088736,51.395838],[6.088373,51.396216],[6.088071,51.396614],[6.087833,51.397029],[6.087661,51.397457],[6.087558,51.397893],[6.087523,51.398333],[6.087558,51.398774],[6.087661,51.39921],[6.087833,51.399637],[6.088071,51.400052],[6.088373,51.400451],[6.088736,51.400829],[6.089157,51.401183],[6.089632,51.401509],[6.090155,51.401805],[6.090723,51.402068],[6.091329,51.402295],[6.091967,51.402483],[6.092632,51.402632],[6.093318,51.402739],[6.094017,51.402803],[6.094722,51.402825]]]}},{"type":"Feature","properties":{"identifier":"5.113","name":"Industriegebied met risicos op zware ongevallen","restriction":"CONDITIONAL","rule":"OPEN cat. vluchten zijn hier verboden SPEC cat. vluchten vereisen een privilege op de exploitatievergunning","category":"industrie","source":"AIP Nederland ENR 5.3, ED-269, 22 juli 2024"},"geometry":{"type":"Polygon","coordinates":[[[5.143333,52.227825],[5.144052,52.227803],[5.144764,52.227739],[5.145462,52.227632],[5.146139,52.227483],[5.14679,52.227295],[5.147407,52.227068],[5.147985,52.226805],[5.148518,52.226509],[5.149001,52.226183],[5.14943,52.225829],[5.1498,52.225451],[5.150107,52.225052],[5.15035,52.224637],[5.150525,52.22421],[5.15063,52.223774],[5.150665,52.223333],[5.15063,52.222893],[5.150525,52.222457],[5.15035,52.222029],[5.150107,52.221614],[5.1498,52.221216],[5.14943,52.220838],[5.149001,52.220484],[5.148518,52.220157],[5.147985,52.219861],[5.147407,52.219599],[5.14679,52.219372],[5.146139,52.219184],[5.145462,52.219035],[5.144764,52.218928],[5.144052,52.218863],[5.143333,52.218842],[5.142615,52.218863],[5.141903,52.218928],[5.141205,52.219035],[5.140527,52.219184],[5.139877,52.219372],[5.13926,52.219599],[5.138682,52.219861],[5.138149,52.220157],[5.137665,52.220484],[5.137237,52.220838],[5.136867,52.221216],[5.136559,52.221614],[5.136317,52.222029],[5.136142,52.222457],[5.136036,52.222893],[5.136001,52.223333],[5.136036,52.223774],[5.136142,52.22421],[5.136317,52.224637],[5.136559,52.225052],[5.136867,52.225451],[5.137237,52.225829],[5.137665,52.226183],[5.138149,52.226509],[5.138682,52.226805],[5.13926,52.227068],[5.139877,52.227295],[5.140527,52.227483],[5.141205,52.227632],[5.141903,52.227739],[5.142615,52.227803],[5.143333,52.227825]]]}},{"type":"Feature","properties":{"identifier":"5.114","name":"Industriegebied met risicos op zware ongevallen","restriction":"CONDITIONAL","rule":"OPEN cat. vluchten zijn hier verboden SPEC cat. vluchten vereisen een privilege op de exploitatievergunning","category":"industrie","source":"AIP Nederland ENR 5.3, ED-269, 22 juli 2024"},"geometry":{"type":"Polygon","coordinates":[[[4.251111,51.505325],[4.251818,51.505303],[4.252519,51.505239],[4.253206,51.505132],[4.253872,51.504983],[4.254512,51.504795],[4.25512,51.504568],[4.255688,51.504305],[4.256213,51.504009],[4.256689,51.503683],[4.25711,51.503329],[4.257474,51.502951],[4.257777,51.502552],[4.258016,51.502137],[4.258188,51.50171],[4.258292,51.501274],[4.258326,51.500833],[4.258292,51.500393],[4.258188,51.499957],[4.258016,51.499529],[4.257777,51.499114],[4.257474,51.498716],[4.25711,51.498338],[4.256689,51.497984],[4.256213,51.497657],[4.255688,51.497361],[4.25512,51.497099],[4.254512,51.496872],[4.253872,51.496684],[4.253206,51.496535],[4.252519,51.496428],[4.251818,51.496363],[4.251111,51.496342],[4.250404,51.496363],[4.249703,51.496428],[4.249017,51.496535],[4.24835,51.496684],[4.24771,51.496872],[4.247102,51.497099],[4.246534,51.497361],[4.246009,51.497657],[4.245534,51.497984],[4.245112,51.498338],[4.244748,51.498716],[4.244445,51.499114],[4.244206,51.499529],[4.244034,51.499957],[4.243931,51.500393],[4.243896,51.500833],[4.243931,51.501274],[4.244034,51.50171],[4.244206,51.502137],[4.244445,51.502552],[4.244748,51.502951],[4.245112,51.503329],[4.245534,51.503683],[4.246009,51.504009],[4.246534,51.504305],[4.247102,51.504568],[4.24771,51.504795],[4.24835,51.504983],[4.249017,51.505132],[4.249703,51.505239],[4.250404,51.505303],[4.251111,51.505325]]]}},{"type":"Feature","properties":{"identifier":"5.115","name":"Industriegebied met risicos op zware ongevallen","restriction":"CONDITIONAL","rule":"OPEN cat. vluchten zijn hier verboden SPEC cat. vluchten vereisen een privilege op de exploitatievergunning","category":"industrie","source":"AIP Nederland ENR 5.3, ED-269, 22 juli 2024"},"geometry":{"type":"Polygon","coordinates":[[[4.261111,51.499492],[4.261818,51.49947],[4.262519,51.499405],[4.263205,51.499298],[4.263872,51.49915],[4.264512,51.498961],[4.265119,51.498735],[4.265688,51.498472],[4.266212,51.498176],[4.266688,51.497849],[4.26711,51.497495],[4.267474,51.497117],[4.267776,51.496719],[4.268015,51.496304],[4.268187,51.495876],[4.268291,51.49544],[4.268326,51.495],[4.268291,51.49456],[4.268187,51.494124],[4.268015,51.493696],[4.267776,51.493281],[4.267474,51.492883],[4.26711,51.492505],[4.266688,51.492151],[4.266212,51.491824],[4.265688,51.491528],[4.265119,51.491265],[4.264512,51.491039],[4.263872,51.49085],[4.263205,51.490702],[4.262519,51.490595],[4.261818,51.49053],[4.261111,51.490508],[4.260404,51.49053],[4.259704,51.490595],[4.259017,51.490702],[4.25835,51.49085],[4.25771,51.491039],[4.257103,51.491265],[4.256534,51.491528],[4.25601,51.491824],[4.255534,51.492151],[4.255113,51.492505],[4.254749,51.492883],[4.254446,51.493281],[4.254207,51.493696],[4.254035,51.494124],[4.253931,51.49456],[4.253897,51.495],[4.253931,51.49544],[4.254035,51.495876],[4.254207,51.496304],[4.254446,51.496719],[4.254749,51.497117],[4.255113,51.497495],[4.255534,51.497849],[4.25601,51.498176],[4.256534,51.498472],[4.257103,51.498735],[4.25771,51.498961],[4.25835,51.49915],[4.259017,51.499298],[4.259704,51.499405],[4.260404,51.49947],[4.261111,51.499492]]]}},{"type":"Feature","properties":{"identifier":"5.116","name":"Industriegebied met risicos op zware ongevallen","restriction":"CONDITIONAL","rule":"OPEN cat. vluchten zijn hier verboden SPEC cat. vluchten vereisen een privilege op de exploitatievergunning","category":"industrie","source":"AIP Nederland ENR 5.3, ED-269, 22 juli 2024"},"geometry":{"type":"Polygon","coordinates":[[[5.353333,52.177825],[5.354051,52.177803],[5.354762,52.177739],[5.355459,52.177632],[5.356136,52.177483],[5.356786,52.177295],[5.357402,52.177068],[5.35798,52.176805],[5.358512,52.176509],[5.358995,52.176183],[5.359423,52.175829],[5.359792,52.175451],[5.3601,52.175052],[5.360342,52.174637],[5.360517,52.17421],[5.360622,52.173774],[5.360657,52.173333],[5.360622,52.172893],[5.360517,52.172457],[5.360342,52.172029],[5.3601,52.171614],[5.359792,52.171216],[5.359423,52.170838],[5.358995,52.170484],[5.358512,52.170157],[5.35798,52.169861],[5.357402,52.169599],[5.356786,52.169372],[5.356136,52.169184],[5.355459,52.169035],[5.354762,52.168928],[5.354051,52.168863],[5.353333,52.168842],[5.352615,52.168863],[5.351905,52.168928],[5.351207,52.169035],[5.350531,52.169184],[5.349881,52.169372],[5.349264,52.169599],[5.348687,52.169861],[5.348155,52.170157],[5.347672,52.170484],[5.347244,52.170838],[5.346874,52.171216],[5.346567,52.171614],[5.346325,52.172029],[5.34615,52.172457],[5.346045,52.172893],[5.346009,52.173333],[5.346045,52.173774],[5.34615,52.17421],[5.346325,52.174637],[5.346567,52.175052],[5.346874,52.175451],[5.347244,52.175829],[5.347672,52.176183],[5.348155,52.176509],[5.348687,52.176805],[5.349264,52.177068],[5.349881,52.177295],[5.350531,52.177483],[5.351207,52.177632],[5.351905,52.177739],[5.352615,52.177803],[5.353333,52.177825]]]}},{"type":"Feature","properties":{"identifier":"5.117","name":"Industriegebied met risicos op zware ongevallen","restriction":"CONDITIONAL","rule":"OPEN cat. vluchten zijn hier verboden SPEC cat. vluchten vereisen een privilege op de exploitatievergunning","category":"industrie","source":"AIP Nederland ENR 5.3, ED-269, 22 juli 2024"},"geometry":{"type":"Polygon","coordinates":[[[4.534722,52.139492],[4.535439,52.13947],[4.53615,52.139405],[4.536846,52.139298],[4.537523,52.13915],[4.538172,52.138961],[4.538788,52.138735],[4.539364,52.138472],[4.539897,52.138176],[4.540379,52.137849],[4.540807,52.137495],[4.541176,52.137117],[4.541483,52.136719],[4.541725,52.136304],[4.541899,52.135876],[4.542005,52.13544],[4.54204,52.135],[4.542005,52.13456],[4.541899,52.134124],[4.541725,52.133696],[4.541483,52.133281],[4.541176,52.132883],[4.540807,52.132505],[4.540379,52.132151],[4.539897,52.131824],[4.539364,52.131528],[4.538788,52.131265],[4.538172,52.131039],[4.537523,52.13085],[4.536846,52.130702],[4.53615,52.130595],[4.535439,52.13053],[4.534722,52.130508],[4.534005,52.13053],[4.533295,52.130595],[4.532598,52.130702],[4.531922,52.13085],[4.531273,52.131039],[4.530657,52.131265],[4.53008,52.131528],[4.529548,52.131824],[4.529066,52.132151],[4.528638,52.132505],[4.528269,52.132883],[4.527962,52.133281],[4.52772,52.133696],[4.527545,52.134124],[4.52744,52.13456],[4.527405,52.135],[4.52744,52.13544],[4.527545,52.135876],[4.52772,52.136304],[4.527962,52.136719],[4.528269,52.137117],[4.528638,52.137495],[4.529066,52.137849],[4.529548,52.138176],[4.53008,52.138472],[4.530657,52.138735],[4.531273,52.138961],[4.531922,52.13915],[4.532598,52.139298],[4.533295,52.139405],[4.534005,52.13947],[4.534722,52.139492]]]}},{"type":"Feature","properties":{"identifier":"5.118","name":"Industriegebied met risicos op zware ongevallen","restriction":"CONDITIONAL","rule":"OPEN cat. vluchten zijn hier verboden SPEC cat. vluchten vereisen een privilege op de exploitatievergunning","category":"industrie","source":"AIP Nederland ENR 5.3, ED-269, 22 juli 2024"},"geometry":{"type":"Polygon","coordinates":[[[4.075,51.940603],[4.075714,51.940581],[4.076421,51.940516],[4.077115,51.940409],[4.077788,51.940261],[4.078434,51.940072],[4.079047,51.939846],[4.079622,51.939583],[4.080151,51.939287],[4.080631,51.938961],[4.081057,51.938606],[4.081425,51.938228],[4.081731,51.93783],[4.081971,51.937415],[4.082145,51.936987],[4.08225,51.936551],[4.082285,51.936111],[4.08225,51.935671],[4.082145,51.935235],[4.081971,51.934807],[4.081731,51.934392],[4.081425,51.933994],[4.081057,51.933616],[4.080631,51.933262],[4.080151,51.932935],[4.079622,51.932639],[4.079047,51.932377],[4.078434,51.93215],[4.077788,51.931961],[4.077115,51.931813],[4.076421,51.931706],[4.075714,51.931641],[4.075,51.93162],[4.074286,51.931641],[4.073579,51.931706],[4.072885,51.931813],[4.072212,51.931961],[4.071566,51.93215],[4.070953,51.932377],[4.070378,51.932639],[4.069849,51.932935],[4.069369,51.933262],[4.068943,51.933616],[4.068575,51.933994],[4.068269,51.934392],[4.068029,51.934807],[4.067855,51.935235],[4.06775,51.935671],[4.067715,51.936111],[4.06775,51.936551],[4.067855,51.936987],[4.068029,51.937415],[4.068269,51.93783],[4.068575,51.938228],[4.068943,51.938606],[4.069369,51.938961],[4.069849,51.939287],[4.070378,51.939583],[4.070953,51.939846],[4.071566,51.940072],[4.072212,51.940261],[4.072885,51.940409],[4.073579,51.940516],[4.074286,51.940581],[4.075,51.940603]]]}},{"type":"Feature","properties":{"identifier":"5.119","name":"Industriegebied met risicos op zware ongevallen","restriction":"CONDITIONAL","rule":"OPEN cat. vluchten zijn hier verboden SPEC cat. vluchten vereisen een privilege op de exploitatievergunning","category":"industrie","source":"AIP Nederland ENR 5.3, ED-269, 22 juli 2024"},"geometry":{"type":"Polygon","coordinates":[[[4.346667,51.880603],[4.34738,51.880581],[4.348086,51.880516],[4.348779,51.880409],[4.349451,51.880261],[4.350096,51.880072],[4.350709,51.879846],[4.351282,51.879583],[4.351811,51.879287],[4.352291,51.878961],[4.352716,51.878606],[4.353083,51.878228],[4.353388,51.87783],[4.353629,51.877415],[4.353802,51.876987],[4.353907,51.876551],[4.353942,51.876111],[4.353907,51.875671],[4.353802,51.875235],[4.353629,51.874807],[4.353388,51.874392],[4.353083,51.873994],[4.352716,51.873616],[4.352291,51.873262],[4.351811,51.872935],[4.351282,51.872639],[4.350709,51.872377],[4.350096,51.87215],[4.349451,51.871961],[4.348779,51.871813],[4.348086,51.871706],[4.34738,51.871641],[4.346667,51.87162],[4.345954,51.871641],[4.345247,51.871706],[4.344555,51.871813],[4.343882,51.871961],[4.343237,51.87215],[4.342625,51.872377],[4.342051,51.872639],[4.341522,51.872935],[4.341043,51.873262],[4.340617,51.873616],[4.34025,51.873994],[4.339945,51.874392],[4.339705,51.874807],[4.339531,51.875235],[4.339426,51.875671],[4.339391,51.876111],[4.339426,51.876551],[4.339531,51.876987],[4.339705,51.877415],[4.339945,51.87783],[4.34025,51.878228],[4.340617,51.878606],[4.341043,51.878961],[4.341522,51.879287],[4.342051,51.879583],[4.342625,51.879846],[4.343237,51.880072],[4.343882,51.880261],[4.344555,51.880409],[4.345247,51.880516],[4.345954,51.880581],[4.346667,51.880603]]]}},{"type":"Feature","properties":{"identifier":"5.120","name":"Industriegebied met risicos op zware ongevallen","restriction":"CONDITIONAL","rule":"OPEN cat. vluchten zijn hier verboden SPEC cat. vluchten vereisen een privilege op de exploitatievergunning","category":"industrie","source":"AIP Nederland ENR 5.3, ED-269, 22 juli 2024"},"geometry":{"type":"Polygon","coordinates":[[[5.245556,52.416158],[5.246277,52.416137],[5.246992,52.416072],[5.247693,52.415965],[5.248373,52.415816],[5.249027,52.415628],[5.249646,52.415401],[5.250227,52.415139],[5.250762,52.414843],[5.251248,52.414516],[5.251678,52.414162],[5.25205,52.413784],[5.252358,52.413386],[5.252602,52.412971],[5.252778,52.412543],[5.252884,52.412107],[5.252919,52.411667],[5.252884,52.411226],[5.252778,52.41079],[5.252602,52.410363],[5.252358,52.409948],[5.25205,52.409549],[5.251678,52.409171],[5.251248,52.408817],[5.250762,52.408491],[5.250227,52.408195],[5.249646,52.407932],[5.249027,52.407705],[5.248373,52.407517],[5.247693,52.407368],[5.246992,52.407261],[5.246277,52.407197],[5.245556,52.407175],[5.244834,52.407197],[5.244119,52.407261],[5.243418,52.407368],[5.242738,52.407517],[5.242084,52.407705],[5.241465,52.407932],[5.240884,52.408195],[5.240349,52.408491],[5.239864,52.408817],[5.239433,52.409171],[5.239062,52.409549],[5.238753,52.409948],[5.238509,52.410363],[5.238334,52.41079],[5.238228,52.411226],[5.238192,52.411667],[5.238228,52.412107],[5.238334,52.412543],[5.238509,52.412971],[5.238753,52.413386],[5.239062,52.413784],[5.239433,52.414162],[5.239864,52.414516],[5.240349,52.414843],[5.240884,52.415139],[5.241465,52.415401],[5.242084,52.415628],[5.242738,52.415816],[5.243418,52.415965],[5.244119,52.416072],[5.244834,52.416137],[5.245556,52.416158]]]}},{"type":"Feature","properties":{"identifier":"5.121","name":"Industriegebied met risicos op zware ongevallen","restriction":"CONDITIONAL","rule":"OPEN cat. vluchten zijn hier verboden SPEC cat. vluchten vereisen een privilege op de exploitatievergunning","category":"industrie","source":"AIP Nederland ENR 5.3, ED-269, 22 juli 2024"},"geometry":{"type":"Polygon","coordinates":[[[4.839722,51.66838],[4.840432,51.668359],[4.841135,51.668294],[4.841824,51.668187],[4.842493,51.668039],[4.843136,51.66785],[4.843745,51.667623],[4.844316,51.667361],[4.844843,51.667065],[4.84532,51.666738],[4.845743,51.666384],[4.846108,51.666006],[4.846412,51.665608],[4.846652,51.665193],[4.846824,51.664765],[4.846929,51.664329],[4.846964,51.663889],[4.846929,51.663449],[4.846824,51.663013],[4.846652,51.662585],[4.846412,51.66217],[4.846108,51.661772],[4.845743,51.661394],[4.84532,51.661039],[4.844843,51.660713],[4.844316,51.660417],[4.843745,51.660154],[4.843136,51.659928],[4.842493,51.659739],[4.841824,51.659591],[4.841135,51.659484],[4.840432,51.659419],[4.839722,51.659397],[4.839012,51.659419],[4.83831,51.659484],[4.83762,51.659591],[4.836951,51.659739],[4.836309,51.659928],[4.835699,51.660154],[4.835128,51.660417],[4.834602,51.660713],[4.834125,51.661039],[4.833701,51.661394],[4.833336,51.661772],[4.833032,51.66217],[4.832793,51.662585],[4.83262,51.663013],[4.832516,51.663449],[4.832481,51.663889],[4.832516,51.664329],[4.83262,51.664765],[4.832793,51.665193],[4.833032,51.665608],[4.833336,51.666006],[4.833701,51.666384],[4.834125,51.666738],[4.834602,51.667065],[4.835128,51.667361],[4.835699,51.667623],[4.836309,51.66785],[4.836951,51.668039],[4.83762,51.668187],[4.83831,51.668294],[4.839012,51.668359],[4.839722,51.66838]]]}},{"type":"Feature","properties":{"identifier":"5.122","name":"Industriegebied met risicos op zware ongevallen","restriction":"CONDITIONAL","rule":"OPEN cat. vluchten zijn hier verboden SPEC cat. vluchten vereisen een privilege op de exploitatievergunning","category":"industrie","source":"AIP Nederland ENR 5.3, ED-269, 22 juli 2024"},"geometry":{"type":"Polygon","coordinates":[[[6.491389,52.739492],[6.492116,52.73947],[6.492836,52.739405],[6.493542,52.739298],[6.494228,52.73915],[6.494886,52.738961],[6.49551,52.738735],[6.496095,52.738472],[6.496634,52.738176],[6.497123,52.737849],[6.497557,52.737495],[6.497931,52.737117],[6.498242,52.736719],[6.498487,52.736304],[6.498664,52.735876],[6.498771,52.73544],[6.498807,52.735],[6.498771,52.73456],[6.498664,52.734124],[6.498487,52.733696],[6.498242,52.733281],[6.497931,52.732883],[6.497557,52.732505],[6.497123,52.732151],[6.496634,52.731824],[6.496095,52.731528],[6.49551,52.731265],[6.494886,52.731039],[6.494228,52.73085],[6.493542,52.730702],[6.492836,52.730595],[6.492116,52.73053],[6.491389,52.730508],[6.490662,52.73053],[6.489942,52.730595],[6.489236,52.730702],[6.48855,52.73085],[6.487892,52.731039],[6.487268,52.731265],[6.486683,52.731528],[6.486144,52.731824],[6.485655,52.732151],[6.485221,52.732505],[6.484847,52.732883],[6.484536,52.733281],[6.48429,52.733696],[6.484113,52.734124],[6.484007,52.73456],[6.483971,52.735],[6.484007,52.73544],[6.484113,52.735876],[6.48429,52.736304],[6.484536,52.736719],[6.484847,52.737117],[6.485221,52.737495],[6.485655,52.737849],[6.486144,52.738176],[6.486683,52.738472],[6.487268,52.738735],[6.487892,52.738961],[6.48855,52.73915],[6.489236,52.739298],[6.489942,52.739405],[6.490662,52.73947],[6.491389,52.739492]]]}},{"type":"Feature","properties":{"identifier":"5.123","name":"Industriegebied met risicos op zware ongevallen","restriction":"CONDITIONAL","rule":"OPEN cat. vluchten zijn hier verboden SPEC cat. vluchten vereisen een privilege op de exploitatievergunning","category":"industrie","source":"AIP Nederland ENR 5.3, ED-269, 22 juli 2024"},"geometry":{"type":"Polygon","coordinates":[[[3.835556,51.303936],[3.83626,51.303914],[3.836957,51.30385],[3.837641,51.303743],[3.838305,51.303594],[3.838942,51.303406],[3.839547,51.303179],[3.840113,51.302916],[3.840635,51.30262],[3.841109,51.302294],[3.841529,51.30194],[3.841891,51.301562],[3.842192,51.301163],[3.84243,51.300748],[3.842601,51.300321],[3.842705,51.299885],[3.842739,51.299444],[3.842705,51.299004],[3.842601,51.298568],[3.84243,51.298141],[3.842192,51.297726],[3.841891,51.297327],[3.841529,51.296949],[3.841109,51.296595],[3.840635,51.296268],[3.840113,51.295972],[3.839547,51.29571],[3.838942,51.295483],[3.838305,51.295295],[3.837641,51.295146],[3.836957,51.295039],[3.83626,51.294974],[3.835556,51.294953],[3.834851,51.294974],[3.834154,51.295039],[3.83347,51.295146],[3.832806,51.295295],[3.832169,51.295483],[3.831565,51.29571],[3.830998,51.295972],[3.830476,51.296268],[3.830003,51.296595],[3.829583,51.296949],[3.82922,51.297327],[3.828919,51.297726],[3.828681,51.298141],[3.82851,51.298568],[3.828407,51.299004],[3.828372,51.299444],[3.828407,51.299885],[3.82851,51.300321],[3.828681,51.300748],[3.828919,51.301163],[3.82922,51.301562],[3.829583,51.30194],[3.830003,51.302294],[3.830476,51.30262],[3.830998,51.302916],[3.831565,51.303179],[3.832169,51.303406],[3.832806,51.303594],[3.83347,51.303743],[3.834154,51.30385],[3.834851,51.303914],[3.835556,51.303936]]]}},{"type":"Feature","properties":{"identifier":"5.124","name":"Industriegebied met risicos op zware ongevallen","restriction":"CONDITIONAL","rule":"OPEN cat. vluchten zijn hier verboden SPEC cat. vluchten vereisen een privilege op de exploitatievergunning","category":"industrie","source":"AIP Nederland ENR 5.3, ED-269, 22 juli 2024"},"geometry":{"type":"Polygon","coordinates":[[[4.573611,51.911158],[4.574325,51.911137],[4.575031,51.911072],[4.575724,51.910965],[4.576397,51.910816],[4.577043,51.910628],[4.577656,51.910401],[4.57823,51.910139],[4.578759,51.909843],[4.579239,51.909516],[4.579665,51.909162],[4.580032,51.908784],[4.580337,51.908386],[4.580578,51.907971],[4.580752,51.907543],[4.580856,51.907107],[4.580891,51.906667],[4.580856,51.906226],[4.580752,51.90579],[4.580578,51.905363],[4.580337,51.904948],[4.580032,51.904549],[4.579665,51.904171],[4.579239,51.903817],[4.578759,51.903491],[4.57823,51.903195],[4.577656,51.902932],[4.577043,51.902705],[4.576397,51.902517],[4.575724,51.902368],[4.575031,51.902261],[4.574325,51.902197],[4.573611,51.902175],[4.572898,51.902197],[4.572191,51.902261],[4.571498,51.902368],[4.570825,51.902517],[4.570179,51.902705],[4.569566,51.902932],[4.568992,51.903195],[4.568463,51.903491],[4.567983,51.903817],[4.567558,51.904171],[4.56719,51.904549],[4.566885,51.904948],[4.566644,51.905363],[4.566471,51.90579],[4.566366,51.906226],[4.566331,51.906667],[4.566366,51.907107],[4.566471,51.907543],[4.566644,51.907971],[4.566885,51.908386],[4.56719,51.908784],[4.567558,51.909162],[4.567983,51.909516],[4.568463,51.909843],[4.568992,51.910139],[4.569566,51.910401],[4.570179,51.910628],[4.570825,51.910816],[4.571498,51.910965],[4.572191,51.911072],[4.572898,51.911137],[4.573611,51.911158]]]}},{"type":"Feature","properties":{"identifier":"5.125","name":"Industriegebied met risicos op zware ongevallen","restriction":"CONDITIONAL","rule":"OPEN cat. vluchten zijn hier verboden SPEC cat. vluchten vereisen een privilege op de exploitatievergunning","category":"industrie","source":"AIP Nederland ENR 5.3, ED-269, 22 juli 2024"},"geometry":{"type":"Polygon","coordinates":[[[5.459167,51.507825],[5.459874,51.507803],[5.460574,51.507739],[5.461261,51.507632],[5.461928,51.507483],[5.462568,51.507295],[5.463176,51.507068],[5.463744,51.506805],[5.464269,51.506509],[5.464745,51.506183],[5.465166,51.505829],[5.46553,51.505451],[5.465833,51.505052],[5.466072,51.504637],[5.466244,51.50421],[5.466348,51.503774],[5.466382,51.503333],[5.466348,51.502893],[5.466244,51.502457],[5.466072,51.502029],[5.465833,51.501614],[5.46553,51.501216],[5.465166,51.500838],[5.464745,51.500484],[5.464269,51.500157],[5.463744,51.499861],[5.463176,51.499599],[5.462568,51.499372],[5.461928,51.499184],[5.461261,51.499035],[5.460574,51.498928],[5.459874,51.498863],[5.459167,51.498842],[5.458459,51.498863],[5.457759,51.498928],[5.457072,51.499035],[5.456405,51.499184],[5.455765,51.499372],[5.455158,51.499599],[5.454589,51.499861],[5.454064,51.500157],[5.453589,51.500484],[5.453167,51.500838],[5.452803,51.501216],[5.4525,51.501614],[5.452262,51.502029],[5.45209,51.502457],[5.451986,51.502893],[5.451951,51.503333],[5.451986,51.503774],[5.45209,51.50421],[5.452262,51.504637],[5.4525,51.505052],[5.452803,51.505451],[5.453167,51.505829],[5.453589,51.506183],[5.454064,51.506509],[5.454589,51.506805],[5.455158,51.507068],[5.455765,51.507295],[5.456405,51.507483],[5.457072,51.507632],[5.457759,51.507739],[5.458459,51.507803],[5.459167,51.507825]]]}},{"type":"Feature","properties":{"identifier":"5.126","name":"Industriegebied met risicos op zware ongevallen","restriction":"CONDITIONAL","rule":"OPEN cat. vluchten zijn hier verboden SPEC cat. vluchten vereisen een privilege op de exploitatievergunning","category":"industrie","source":"AIP Nederland ENR 5.3, ED-269, 22 juli 2024"},"geometry":{"type":"Polygon","coordinates":[[[4.464444,51.559769],[4.465153,51.559748],[4.465854,51.559683],[4.466541,51.559576],[4.467209,51.559427],[4.46785,51.559239],[4.468458,51.559012],[4.469027,51.55875],[4.469553,51.558454],[4.470029,51.558127],[4.470451,51.557773],[4.470815,51.557395],[4.471119,51.556997],[4.471357,51.556582],[4.47153,51.556154],[4.471634,51.555718],[4.471668,51.555278],[4.471634,51.554838],[4.47153,51.554402],[4.471357,51.553974],[4.471119,51.553559],[4.470815,51.55316],[4.470451,51.552782],[4.470029,51.552428],[4.469553,51.552102],[4.469027,51.551806],[4.468458,51.551543],[4.46785,51.551317],[4.467209,51.551128],[4.466541,51.55098],[4.465854,51.550873],[4.465153,51.550808],[4.464444,51.550786],[4.463736,51.550808],[4.463035,51.550873],[4.462347,51.55098],[4.46168,51.551128],[4.461039,51.551317],[4.460431,51.551543],[4.459862,51.551806],[4.459336,51.552102],[4.45886,51.552428],[4.458438,51.552782],[4.458073,51.55316],[4.45777,51.553559],[4.457532,51.553974],[4.457359,51.554402],[4.457255,51.554838],[4.45722,51.555278],[4.457255,51.555718],[4.457359,51.556154],[4.457532,51.556582],[4.45777,51.556997],[4.458073,51.557395],[4.458438,51.557773],[4.45886,51.558127],[4.459336,51.558454],[4.459862,51.55875],[4.460431,51.559012],[4.461039,51.559239],[4.46168,51.559427],[4.462347,51.559576],[4.463035,51.559683],[4.463736,51.559748],[4.464444,51.559769]]]}},{"type":"Feature","properties":{"identifier":"5.127","name":"Industriegebied met risicos op zware ongevallen","restriction":"CONDITIONAL","rule":"OPEN cat. vluchten zijn hier verboden SPEC cat. vluchten vereisen een privilege op de exploitatievergunning","category":"industrie","source":"AIP Nederland ENR 5.3, ED-269, 22 juli 2024"},"geometry":{"type":"Polygon","coordinates":[[[3.796389,51.339492],[3.797094,51.33947],[3.797791,51.339405],[3.798476,51.339298],[3.79914,51.33915],[3.799778,51.338961],[3.800383,51.338735],[3.80095,51.338472],[3.801472,51.338176],[3.801946,51.337849],[3.802367,51.337495],[3.802729,51.337117],[3.803031,51.336719],[3.803269,51.336304],[3.80344,51.335876],[3.803543,51.33544],[3.803578,51.335],[3.803543,51.33456],[3.80344,51.334124],[3.803269,51.333696],[3.803031,51.333281],[3.802729,51.332883],[3.802367,51.332505],[3.801946,51.332151],[3.801472,51.331824],[3.80095,51.331528],[3.800383,51.331265],[3.799778,51.331039],[3.79914,51.33085],[3.798476,51.330702],[3.797791,51.330595],[3.797094,51.33053],[3.796389,51.330508],[3.795684,51.33053],[3.794986,51.330595],[3.794302,51.330702],[3.793638,51.33085],[3.793,51.331039],[3.792395,51.331265],[3.791828,51.331528],[3.791305,51.331824],[3.790832,51.332151],[3.790411,51.332505],[3.790049,51.332883],[3.789747,51.333281],[3.789509,51.333696],[3.789338,51.334124],[3.789234,51.33456],[3.7892,51.335],[3.789234,51.33544],[3.789338,51.335876],[3.789509,51.336304],[3.789747,51.336719],[3.790049,51.337117],[3.790411,51.337495],[3.790832,51.337849],[3.791305,51.338176],[3.791828,51.338472],[3.792395,51.338735],[3.793,51.338961],[3.793638,51.33915],[3.794302,51.339298],[3.794986,51.339405],[3.795684,51.33947],[3.796389,51.339492]]]}},{"type":"Feature","properties":{"identifier":"5.128","name":"Industriegebied met risicos op zware ongevallen","restriction":"CONDITIONAL","rule":"OPEN cat. vluchten zijn hier verboden SPEC cat. vluchten vereisen een privilege op de exploitatievergunning","category":"industrie","source":"AIP Nederland ENR 5.3, ED-269, 22 juli 2024"},"geometry":{"type":"Polygon","coordinates":[[[5.731111,51.859492],[5.731824,51.85947],[5.73253,51.859405],[5.733222,51.859298],[5.733894,51.85915],[5.734539,51.858961],[5.735151,51.858735],[5.735724,51.858472],[5.736253,51.858176],[5.736732,51.857849],[5.737158,51.857495],[5.737524,51.857117],[5.73783,51.856719],[5.73807,51.856304],[5.738243,51.855876],[5.738348,51.85544],[5.738383,51.855],[5.738348,51.85456],[5.738243,51.854124],[5.73807,51.853696],[5.73783,51.853281],[5.737524,51.852883],[5.737158,51.852505],[5.736732,51.852151],[5.736253,51.851824],[5.735724,51.851528],[5.735151,51.851265],[5.734539,51.851039],[5.733894,51.85085],[5.733222,51.850702],[5.73253,51.850595],[5.731824,51.85053],[5.731111,51.850508],[5.730398,51.85053],[5.729692,51.850595],[5.729,51.850702],[5.728328,51.85085],[5.727683,51.851039],[5.727071,51.851265],[5.726498,51.851528],[5.725969,51.851824],[5.72549,51.852151],[5.725065,51.852505],[5.724698,51.852883],[5.724393,51.853281],[5.724152,51.853696],[5.723979,51.854124],[5.723874,51.85456],[5.723839,51.855],[5.723874,51.85544],[5.723979,51.855876],[5.724152,51.856304],[5.724393,51.856719],[5.724698,51.857117],[5.725065,51.857495],[5.72549,51.857849],[5.725969,51.858176],[5.726498,51.858472],[5.727071,51.858735],[5.727683,51.858961],[5.728328,51.85915],[5.729,51.859298],[5.729692,51.859405],[5.730398,51.85947],[5.731111,51.859492]]]}},{"type":"Feature","properties":{"identifier":"5.129","name":"Industriegebied met risicos op zware ongevallen","restriction":"CONDITIONAL","rule":"OPEN cat. vluchten zijn hier verboden SPEC cat. vluchten vereisen een privilege op de exploitatievergunning","category":"industrie","source":"AIP Nederland ENR 5.3, ED-269, 22 juli 2024"},"geometry":{"type":"Polygon","coordinates":[[[5.048333,51.590047],[5.049042,51.590026],[5.049744,51.589961],[5.050432,51.589854],[5.0511,51.589705],[5.051741,51.589517],[5.052349,51.58929],[5.052919,51.589028],[5.053445,51.588732],[5.053921,51.588405],[5.054344,51.588051],[5.054709,51.587673],[5.055012,51.587274],[5.055251,51.586859],[5.055423,51.586432],[5.055527,51.585996],[5.055562,51.585556],[5.055527,51.585115],[5.055423,51.584679],[5.055251,51.584252],[5.055012,51.583837],[5.054709,51.583438],[5.054344,51.58306],[5.053921,51.582706],[5.053445,51.58238],[5.052919,51.582084],[5.052349,51.581821],[5.051741,51.581594],[5.0511,51.581406],[5.050432,51.581257],[5.049744,51.58115],[5.049042,51.581086],[5.048333,51.581064],[5.047625,51.581086],[5.046923,51.58115],[5.046235,51.581257],[5.045567,51.581406],[5.044926,51.581594],[5.044317,51.581821],[5.043747,51.582084],[5.043222,51.58238],[5.042745,51.582706],[5.042323,51.58306],[5.041958,51.583438],[5.041655,51.583837],[5.041416,51.584252],[5.041243,51.584679],[5.041139,51.585115],[5.041105,51.585556],[5.041139,51.585996],[5.041243,51.586432],[5.041416,51.586859],[5.041655,51.587274],[5.041958,51.587673],[5.042323,51.588051],[5.042745,51.588405],[5.043222,51.588732],[5.043747,51.589028],[5.044317,51.58929],[5.044926,51.589517],[5.045567,51.589705],[5.046235,51.589854],[5.046923,51.589961],[5.047625,51.590026],[5.048333,51.590047]]]}},{"type":"Feature","properties":{"identifier":"5.130","name":"Industriegebied met risicos op zware ongevallen","restriction":"CONDITIONAL","rule":"OPEN cat. vluchten zijn hier verboden SPEC cat. vluchten vereisen een privilege op de exploitatievergunning","category":"industrie","source":"AIP Nederland ENR 5.3, ED-269, 22 juli 2024"},"geometry":{"type":"Polygon","coordinates":[[[5.055,52.07838],[5.055716,52.078359],[5.056426,52.078294],[5.057121,52.078187],[5.057796,52.078039],[5.058445,52.07785],[5.05906,52.077623],[5.059636,52.077361],[5.060167,52.077065],[5.060649,52.076738],[5.061076,52.076384],[5.061445,52.076006],[5.061751,52.075608],[5.061993,52.075193],[5.062167,52.074765],[5.062272,52.074329],[5.062308,52.073889],[5.062272,52.073449],[5.062167,52.073013],[5.061993,52.072585],[5.061751,52.07217],[5.061445,52.071772],[5.061076,52.071394],[5.060649,52.071039],[5.060167,52.070713],[5.059636,52.070417],[5.05906,52.070154],[5.058445,52.069928],[5.057796,52.069739],[5.057121,52.069591],[5.056426,52.069484],[5.055716,52.069419],[5.055,52.069397],[5.054284,52.069419],[5.053574,52.069484],[5.052879,52.069591],[5.052204,52.069739],[5.051555,52.069928],[5.05094,52.070154],[5.050364,52.070417],[5.049833,52.070713],[5.049351,52.071039],[5.048924,52.071394],[5.048555,52.071772],[5.048249,52.07217],[5.048007,52.072585],[5.047833,52.073013],[5.047728,52.073449],[5.047692,52.073889],[5.047728,52.074329],[5.047833,52.074765],[5.048007,52.075193],[5.048249,52.075608],[5.048555,52.076006],[5.048924,52.076384],[5.049351,52.076738],[5.049833,52.077065],[5.050364,52.077361],[5.05094,52.077623],[5.051555,52.07785],[5.052204,52.078039],[5.052879,52.078187],[5.053574,52.078294],[5.054284,52.078359],[5.055,52.07838]]]}},{"type":"Feature","properties":{"identifier":"5.131","name":"Industriegebied met risicos op zware ongevallen","restriction":"CONDITIONAL","rule":"OPEN cat. vluchten zijn hier verboden SPEC cat. vluchten vereisen een privilege op de exploitatievergunning","category":"industrie","source":"AIP Nederland ENR 5.3, ED-269, 22 juli 2024"},"geometry":{"type":"Polygon","coordinates":[[[6.729167,53.171714],[6.729901,53.171692],[6.730628,53.171627],[6.731342,53.17152],[6.732034,53.171372],[6.732699,53.171183],[6.733329,53.170957],[6.73392,53.170694],[6.734465,53.170398],[6.734958,53.170072],[6.735396,53.169718],[6.735774,53.16934],[6.736089,53.168941],[6.736336,53.168526],[6.736515,53.168098],[6.736623,53.167662],[6.736659,53.167222],[6.736623,53.166782],[6.736515,53.166346],[6.736336,53.165918],[6.736089,53.165503],[6.735774,53.165105],[6.735396,53.164727],[6.734958,53.164373],[6.734465,53.164046],[6.73392,53.16375],[6.733329,53.163488],[6.732699,53.163261],[6.732034,53.163073],[6.731342,53.162924],[6.730628,53.162817],[6.729901,53.162752],[6.729167,53.162731],[6.728432,53.162752],[6.727705,53.162817],[6.726992,53.162924],[6.726299,53.163073],[6.725635,53.163261],[6.725004,53.163488],[6.724414,53.16375],[6.723869,53.164046],[6.723375,53.164373],[6.722937,53.164727],[6.722559,53.165105],[6.722245,53.165503],[6.721997,53.165918],[6.721818,53.166346],[6.72171,53.166782],[6.721674,53.167222],[6.72171,53.167662],[6.721818,53.168098],[6.721997,53.168526],[6.722245,53.168941],[6.722559,53.16934],[6.722937,53.169718],[6.723375,53.170072],[6.723869,53.170398],[6.724414,53.170694],[6.725004,53.170957],[6.725635,53.171183],[6.726299,53.171372],[6.726992,53.17152],[6.727705,53.171627],[6.728432,53.171692],[6.729167,53.171714]]]}},{"type":"Feature","properties":{"identifier":"5.132","name":"Industriegebied met risicos op zware ongevallen","restriction":"CONDITIONAL","rule":"OPEN cat. vluchten zijn hier verboden SPEC cat. vluchten vereisen een privilege op de exploitatievergunning","category":"industrie","source":"AIP Nederland ENR 5.3, ED-269, 22 juli 2024"},"geometry":{"type":"Polygon","coordinates":[[[5.176111,51.703103],[5.176821,51.703081],[5.177525,51.703016],[5.178215,51.702909],[5.178884,51.702761],[5.179527,51.702572],[5.180137,51.702346],[5.180708,51.702083],[5.181235,51.701787],[5.181713,51.701461],[5.182137,51.701106],[5.182502,51.700728],[5.182806,51.70033],[5.183046,51.699915],[5.183219,51.699487],[5.183323,51.699051],[5.183358,51.698611],[5.183323,51.698171],[5.183219,51.697735],[5.183046,51.697307],[5.182806,51.696892],[5.182502,51.696494],[5.182137,51.696116],[5.181713,51.695762],[5.181235,51.695435],[5.180708,51.695139],[5.180137,51.694877],[5.179527,51.69465],[5.178884,51.694461],[5.178215,51.694313],[5.177525,51.694206],[5.176821,51.694141],[5.176111,51.69412],[5.175401,51.694141],[5.174697,51.694206],[5.174007,51.694313],[5.173338,51.694461],[5.172695,51.69465],[5.172085,51.694877],[5.171514,51.695139],[5.170987,51.695435],[5.170509,51.695762],[5.170086,51.696116],[5.16972,51.696494],[5.169416,51.696892],[5.169176,51.697307],[5.169004,51.697735],[5.168899,51.698171],[5.168864,51.698611],[5.168899,51.699051],[5.169004,51.699487],[5.169176,51.699915],[5.169416,51.70033],[5.16972,51.700728],[5.170086,51.701106],[5.170509,51.701461],[5.170987,51.701787],[5.171514,51.702083],[5.172085,51.702346],[5.172695,51.702572],[5.173338,51.702761],[5.174007,51.702909],[5.174697,51.703016],[5.175401,51.703081],[5.176111,51.703103]]]}},{"type":"Feature","properties":{"identifier":"5.133","name":"Industriegebied met risicos op zware ongevallen","restriction":"CONDITIONAL","rule":"OPEN cat. vluchten zijn hier verboden SPEC cat. vluchten vereisen een privilege op de exploitatievergunning","category":"industrie","source":"AIP Nederland ENR 5.3, ED-269, 22 juli 2024"},"geometry":{"type":"Polygon","coordinates":[[[6.276667,51.880047],[6.27738,51.880026],[6.278086,51.879961],[6.278779,51.879854],[6.279451,51.879705],[6.280096,51.879517],[6.280709,51.87929],[6.281282,51.879028],[6.281811,51.878732],[6.282291,51.878405],[6.282716,51.878051],[6.283083,51.877673],[6.283388,51.877274],[6.283629,51.876859],[6.283802,51.876432],[6.283907,51.875996],[6.283942,51.875556],[6.283907,51.875115],[6.283802,51.874679],[6.283629,51.874252],[6.283388,51.873837],[6.283083,51.873438],[6.282716,51.87306],[6.282291,51.872706],[6.281811,51.87238],[6.281282,51.872084],[6.280709,51.871821],[6.280096,51.871594],[6.279451,51.871406],[6.278779,51.871257],[6.278086,51.87115],[6.27738,51.871086],[6.276667,51.871064],[6.275954,51.871086],[6.275247,51.87115],[6.274555,51.871257],[6.273883,51.871406],[6.273237,51.871594],[6.272625,51.871821],[6.272051,51.872084],[6.271522,51.87238],[6.271043,51.872706],[6.270617,51.87306],[6.27025,51.873438],[6.269945,51.873837],[6.269705,51.874252],[6.269531,51.874679],[6.269426,51.875115],[6.269391,51.875556],[6.269426,51.875996],[6.269531,51.876432],[6.269705,51.876859],[6.269945,51.877274],[6.27025,51.877673],[6.270617,51.878051],[6.271043,51.878405],[6.271522,51.878732],[6.272051,51.879028],[6.272625,51.87929],[6.273237,51.879517],[6.273883,51.879705],[6.274555,51.879854],[6.275247,51.879961],[6.275954,51.880026],[6.276667,51.880047]]]}},{"type":"Feature","properties":{"identifier":"5.134","name":"Industriegebied met risicos op zware ongevallen","restriction":"CONDITIONAL","rule":"OPEN cat. vluchten zijn hier verboden SPEC cat. vluchten vereisen een privilege op de exploitatievergunning","category":"industrie","source":"AIP Nederland ENR 5.3, ED-269, 22 juli 2024"},"geometry":{"type":"Polygon","coordinates":[[[6.083889,51.544492],[6.084597,51.54447],[6.085298,51.544405],[6.085985,51.544298],[6.086652,51.54415],[6.087293,51.543961],[6.087901,51.543735],[6.08847,51.543472],[6.088995,51.543176],[6.089471,51.542849],[6.089893,51.542495],[6.090258,51.542117],[6.090561,51.541719],[6.090799,51.541304],[6.090972,51.540876],[6.091076,51.54044],[6.09111,51.54],[6.091076,51.53956],[6.090972,51.539124],[6.090799,51.538696],[6.090561,51.538281],[6.090258,51.537883],[6.089893,51.537505],[6.089471,51.537151],[6.088995,51.536824],[6.08847,51.536528],[6.087901,51.536265],[6.087293,51.536039],[6.086652,51.53585],[6.085985,51.535702],[6.085298,51.535595],[6.084597,51.53553],[6.083889,51.535508],[6.083181,51.53553],[6.08248,51.535595],[6.081793,51.535702],[6.081125,51.53585],[6.080485,51.536039],[6.079877,51.536265],[6.079308,51.536528],[6.078782,51.536824],[6.078307,51.537151],[6.077884,51.537505],[6.07752,51.537883],[6.077217,51.538281],[6.076978,51.538696],[6.076806,51.539124],[6.076702,51.53956],[6.076667,51.54],[6.076702,51.54044],[6.076806,51.540876],[6.076978,51.541304],[6.077217,51.541719],[6.07752,51.542117],[6.077884,51.542495],[6.078307,51.542849],[6.078782,51.543176],[6.079308,51.543472],[6.079877,51.543735],[6.080485,51.543961],[6.081125,51.54415],[6.081793,51.544298],[6.08248,51.544405],[6.083181,51.54447],[6.083889,51.544492]]]}},{"type":"Feature","properties":{"identifier":"5.135","name":"Industriegebied met risicos op zware ongevallen","restriction":"CONDITIONAL","rule":"OPEN cat. vluchten zijn hier verboden SPEC cat. vluchten vereisen een privilege op de exploitatievergunning","category":"industrie","source":"AIP Nederland ENR 5.3, ED-269, 22 juli 2024"},"geometry":{"type":"Polygon","coordinates":[[[6.180833,52.703658],[6.18156,52.703637],[6.182279,52.703572],[6.182985,52.703465],[6.18367,52.703316],[6.184327,52.703128],[6.184951,52.702901],[6.185535,52.702639],[6.186074,52.702343],[6.186563,52.702016],[6.186996,52.701662],[6.18737,52.701284],[6.187681,52.700886],[6.187926,52.700471],[6.188103,52.700043],[6.188209,52.699607],[6.188245,52.699167],[6.188209,52.698726],[6.188103,52.69829],[6.187926,52.697863],[6.187681,52.697448],[6.18737,52.697049],[6.186996,52.696671],[6.186563,52.696317],[6.186074,52.695991],[6.185535,52.695695],[6.184951,52.695432],[6.184327,52.695205],[6.18367,52.695017],[6.182985,52.694868],[6.182279,52.694761],[6.18156,52.694697],[6.180833,52.694675],[6.180107,52.694697],[6.179387,52.694761],[6.178682,52.694868],[6.177997,52.695017],[6.177339,52.695205],[6.176716,52.695432],[6.176131,52.695695],[6.175592,52.695991],[6.175104,52.696317],[6.174671,52.696671],[6.174297,52.697049],[6.173986,52.697448],[6.173741,52.697863],[6.173564,52.69829],[6.173457,52.698726],[6.173421,52.699167],[6.173457,52.699607],[6.173564,52.700043],[6.173741,52.700471],[6.173986,52.700886],[6.174297,52.701284],[6.174671,52.701662],[6.175104,52.702016],[6.175592,52.702343],[6.176131,52.702639],[6.176716,52.702901],[6.177339,52.703128],[6.177997,52.703316],[6.178682,52.703465],[6.179387,52.703572],[6.180107,52.703637],[6.180833,52.703658]]]}},{"type":"Feature","properties":{"identifier":"5.136","name":"Industriegebied met risicos op zware ongevallen","restriction":"CONDITIONAL","rule":"OPEN cat. vluchten zijn hier verboden SPEC cat. vluchten vereisen een privilege op de exploitatievergunning","category":"industrie","source":"AIP Nederland ENR 5.3, ED-269, 22 juli 2024"},"geometry":{"type":"Polygon","coordinates":[[[6.975278,53.297547],[6.976014,53.297526],[6.976744,53.297461],[6.977459,53.297354],[6.978153,53.297205],[6.97882,53.297017],[6.979453,53.29679],[6.980045,53.296528],[6.980591,53.296232],[6.981087,53.295905],[6.981526,53.295551],[6.981905,53.295173],[6.98222,53.294774],[6.982469,53.294359],[6.982648,53.293932],[6.982756,53.293496],[6.982792,53.293056],[6.982756,53.292615],[6.982648,53.292179],[6.982469,53.291752],[6.98222,53.291337],[6.981905,53.290938],[6.981526,53.29056],[6.981087,53.290206],[6.980591,53.28988],[6.980045,53.289584],[6.979453,53.289321],[6.97882,53.289094],[6.978153,53.288906],[6.977459,53.288757],[6.976744,53.28865],[6.976014,53.288586],[6.975278,53.288564],[6.974541,53.288586],[6.973812,53.28865],[6.973096,53.288757],[6.972402,53.288906],[6.971735,53.289094],[6.971103,53.289321],[6.970511,53.289584],[6.969964,53.28988],[6.969469,53.290206],[6.96903,53.29056],[6.968651,53.290938],[6.968335,53.291337],[6.968087,53.291752],[6.967908,53.292179],[6.967799,53.292615],[6.967763,53.293056],[6.967799,53.293496],[6.967908,53.293932],[6.968087,53.294359],[6.968335,53.294774],[6.968651,53.295173],[6.96903,53.295551],[6.969469,53.295905],[6.969964,53.296232],[6.970511,53.296528],[6.971103,53.29679],[6.971735,53.297017],[6.972402,53.297205],[6.973096,53.297354],[6.973812,53.297461],[6.974541,53.297526],[6.975278,53.297547]]]}},{"type":"Feature","properties":{"identifier":"5.137","name":"Industriegebied met risicos op zware ongevallen","restriction":"CONDITIONAL","rule":"OPEN cat. vluchten zijn hier verboden SPEC cat. vluchten vereisen een privilege op de exploitatievergunning","category":"industrie","source":"AIP Nederland ENR 5.3, ED-269, 22 juli 2024"},"geometry":{"type":"Polygon","coordinates":[[[7.057222,53.140047],[7.057956,53.140026],[7.058683,53.139961],[7.059396,53.139854],[7.060087,53.139705],[7.060752,53.139517],[7.061382,53.13929],[7.061972,53.139028],[7.062516,53.138732],[7.06301,53.138405],[7.063447,53.138051],[7.063825,53.137673],[7.064139,53.137274],[7.064387,53.136859],[7.064565,53.136432],[7.064673,53.135996],[7.064709,53.135556],[7.064673,53.135115],[7.064565,53.134679],[7.064387,53.134252],[7.064139,53.133837],[7.063825,53.133438],[7.063447,53.13306],[7.06301,53.132706],[7.062516,53.13238],[7.061972,53.132084],[7.061382,53.131821],[7.060752,53.131594],[7.060087,53.131406],[7.059396,53.131257],[7.058683,53.13115],[7.057956,53.131086],[7.057222,53.131064],[7.056488,53.131086],[7.055762,53.13115],[7.055049,53.131257],[7.054357,53.131406],[7.053693,53.131594],[7.053063,53.131821],[7.052473,53.132084],[7.051928,53.13238],[7.051435,53.132706],[7.050997,53.13306],[7.050619,53.133438],[7.050305,53.133837],[7.050058,53.134252],[7.049879,53.134679],[7.049771,53.135115],[7.049735,53.135556],[7.049771,53.135996],[7.049879,53.136432],[7.050058,53.136859],[7.050305,53.137274],[7.050619,53.137673],[7.050997,53.138051],[7.051435,53.138405],[7.051928,53.138732],[7.052473,53.139028],[7.053063,53.13929],[7.053693,53.139517],[7.054357,53.139705],[7.055049,53.139854],[7.055762,53.139961],[7.056488,53.140026],[7.057222,53.140047]]]}},{"type":"Feature","properties":{"identifier":"5.138","name":"Industriegebied met risicos op zware ongevallen","restriction":"CONDITIONAL","rule":"OPEN cat. vluchten zijn hier verboden SPEC cat. vluchten vereisen een privilege op de exploitatievergunning","category":"industrie","source":"AIP Nederland ENR 5.3, ED-269, 22 juli 2024"},"geometry":{"type":"Polygon","coordinates":[[[4.438889,52.20588],[4.439607,52.205859],[4.440319,52.205794],[4.441016,52.205687],[4.441693,52.205539],[4.442344,52.20535],[4.44296,52.205123],[4.443538,52.204861],[4.444071,52.204565],[4.444554,52.204238],[4.444982,52.203884],[4.445352,52.203506],[4.44566,52.203108],[4.445902,52.202693],[4.446077,52.202265],[4.446182,52.201829],[4.446217,52.201389],[4.446182,52.200949],[4.446077,52.200513],[4.445902,52.200085],[4.44566,52.19967],[4.445352,52.199272],[4.444982,52.198894],[4.444554,52.198539],[4.444071,52.198213],[4.443538,52.197917],[4.44296,52.197654],[4.442344,52.197428],[4.441693,52.197239],[4.441016,52.197091],[4.440319,52.196984],[4.439607,52.196919],[4.438889,52.196897],[4.438171,52.196919],[4.437459,52.196984],[4.436762,52.197091],[4.436084,52.197239],[4.435434,52.197428],[4.434817,52.197654],[4.43424,52.197917],[4.433707,52.198213],[4.433224,52.198539],[4.432795,52.198894],[4.432426,52.199272],[4.432118,52.19967],[4.431876,52.200085],[4.431701,52.200513],[4.431596,52.200949],[4.43156,52.201389],[4.431596,52.201829],[4.431701,52.202265],[4.431876,52.202693],[4.432118,52.203108],[4.432426,52.203506],[4.432795,52.203884],[4.433224,52.204238],[4.433707,52.204565],[4.43424,52.204861],[4.434817,52.205123],[4.435434,52.20535],[4.436084,52.205539],[4.436762,52.205687],[4.437459,52.205794],[4.438171,52.205859],[4.438889,52.20588]]]}},{"type":"Feature","properties":{"identifier":"5.139","name":"Industriegebied met risicos op zware ongevallen","restriction":"CONDITIONAL","rule":"OPEN cat. vluchten zijn hier verboden SPEC cat. vluchten vereisen een privilege op de exploitatievergunning","category":"industrie","source":"AIP Nederland ENR 5.3, ED-269, 22 juli 2024"},"geometry":{"type":"Polygon","coordinates":[[[5.605833,52.066158],[5.606549,52.066137],[5.607259,52.066072],[5.607954,52.065965],[5.608629,52.065816],[5.609277,52.065628],[5.609892,52.065401],[5.610468,52.065139],[5.610999,52.064843],[5.611481,52.064516],[5.611908,52.064162],[5.612276,52.063784],[5.612583,52.063386],[5.612824,52.062971],[5.612999,52.062543],[5.613104,52.062107],[5.613139,52.061667],[5.613104,52.061226],[5.612999,52.06079],[5.612824,52.060363],[5.612583,52.059948],[5.612276,52.059549],[5.611908,52.059171],[5.611481,52.058817],[5.610999,52.058491],[5.610468,52.058195],[5.609892,52.057932],[5.609277,52.057705],[5.608629,52.057517],[5.607954,52.057368],[5.607259,52.057261],[5.606549,52.057197],[5.605833,52.057175],[5.605117,52.057197],[5.604408,52.057261],[5.603713,52.057368],[5.603038,52.057517],[5.602389,52.057705],[5.601775,52.057932],[5.601199,52.058195],[5.600667,52.058491],[5.600186,52.058817],[5.599759,52.059171],[5.59939,52.059549],[5.599084,52.059948],[5.598842,52.060363],[5.598668,52.06079],[5.598563,52.061226],[5.598528,52.061667],[5.598563,52.062107],[5.598668,52.062543],[5.598842,52.062971],[5.599084,52.063386],[5.59939,52.063784],[5.599759,52.064162],[5.600186,52.064516],[5.600667,52.064843],[5.601199,52.065139],[5.601775,52.065401],[5.602389,52.065628],[5.603038,52.065816],[5.603713,52.065965],[5.604408,52.066072],[5.605117,52.066137],[5.605833,52.066158]]]}},{"type":"Feature","properties":{"identifier":"5.140","name":"Industriegebied met risicos op zware ongevallen","restriction":"CONDITIONAL","rule":"OPEN cat. vluchten zijn hier verboden SPEC cat. vluchten vereisen een privilege op de exploitatievergunning","category":"industrie","source":"AIP Nederland ENR 5.3, ED-269, 22 juli 2024"},"geometry":{"type":"Polygon","coordinates":[[[6.893889,53.116714],[6.894622,53.116692],[6.895349,53.116627],[6.896061,53.11652],[6.896752,53.116372],[6.897416,53.116183],[6.898046,53.115957],[6.898636,53.115694],[6.89918,53.115398],[6.899673,53.115072],[6.900111,53.114718],[6.900488,53.11434],[6.900802,53.113941],[6.90105,53.113526],[6.901228,53.113098],[6.901336,53.112662],[6.901372,53.112222],[6.901336,53.111782],[6.901228,53.111346],[6.90105,53.110918],[6.900802,53.110503],[6.900488,53.110105],[6.900111,53.109727],[6.899673,53.109373],[6.89918,53.109046],[6.898636,53.10875],[6.898046,53.108488],[6.897416,53.108261],[6.896752,53.108073],[6.896061,53.107924],[6.895349,53.107817],[6.894622,53.107752],[6.893889,53.107731],[6.893155,53.107752],[6.892429,53.107817],[6.891717,53.107924],[6.891025,53.108073],[6.890361,53.108261],[6.889732,53.108488],[6.889142,53.10875],[6.888598,53.109046],[6.888105,53.109373],[6.887667,53.109727],[6.88729,53.110105],[6.886976,53.110503],[6.886728,53.110918],[6.88655,53.111346],[6.886442,53.111782],[6.886406,53.112222],[6.886442,53.112662],[6.88655,53.113098],[6.886728,53.113526],[6.886976,53.113941],[6.88729,53.11434],[6.887667,53.114718],[6.888105,53.115072],[6.888598,53.115398],[6.889142,53.115694],[6.889732,53.115957],[6.890361,53.116183],[6.891025,53.116372],[6.891717,53.11652],[6.892429,53.116627],[6.893155,53.116692],[6.893889,53.116714]]]}},{"type":"Feature","properties":{"identifier":"5.141","name":"Industriegebied met risicos op zware ongevallen","restriction":"CONDITIONAL","rule":"OPEN cat. vluchten zijn hier verboden SPEC cat. vluchten vereisen een privilege op de exploitatievergunning","category":"industrie","source":"AIP Nederland ENR 5.3, ED-269, 22 juli 2024"},"geometry":{"type":"Polygon","coordinates":[[[6.678056,52.26088],[6.678775,52.260859],[6.679487,52.260794],[6.680186,52.260687],[6.680864,52.260539],[6.681514,52.26035],[6.682132,52.260123],[6.68271,52.259861],[6.683244,52.259565],[6.683728,52.259238],[6.684157,52.258884],[6.684527,52.258506],[6.684835,52.258108],[6.685077,52.257693],[6.685252,52.257265],[6.685358,52.256829],[6.685393,52.256389],[6.685358,52.255949],[6.685252,52.255513],[6.685077,52.255085],[6.684835,52.25467],[6.684527,52.254272],[6.684157,52.253894],[6.683728,52.253539],[6.683244,52.253213],[6.68271,52.252917],[6.682132,52.252654],[6.681514,52.252428],[6.680864,52.252239],[6.680186,52.252091],[6.679487,52.251984],[6.678775,52.251919],[6.678056,52.251897],[6.677336,52.251919],[6.676624,52.251984],[6.675926,52.252091],[6.675248,52.252239],[6.674597,52.252428],[6.673979,52.252654],[6.673401,52.252917],[6.672867,52.253213],[6.672383,52.253539],[6.671955,52.253894],[6.671584,52.254272],[6.671276,52.25467],[6.671034,52.255085],[6.670859,52.255513],[6.670753,52.255949],[6.670718,52.256389],[6.670753,52.256829],[6.670859,52.257265],[6.671034,52.257693],[6.671276,52.258108],[6.671584,52.258506],[6.671955,52.258884],[6.672383,52.259238],[6.672867,52.259565],[6.673401,52.259861],[6.673979,52.260123],[6.674597,52.26035],[6.675248,52.260539],[6.675926,52.260687],[6.676624,52.260794],[6.677336,52.260859],[6.678056,52.26088]]]}},{"type":"Feature","properties":{"identifier":"5.142","name":"Industriegebied met risicos op zware ongevallen","restriction":"CONDITIONAL","rule":"OPEN cat. vluchten zijn hier verboden SPEC cat. vluchten vereisen een privilege op de exploitatievergunning","category":"industrie","source":"AIP Nederland ENR 5.3, ED-269, 22 juli 2024"},"geometry":{"type":"Polygon","coordinates":[[[4.8125,52.315325],[4.81322,52.315303],[4.813933,52.315239],[4.814633,52.315132],[4.815311,52.314983],[4.815963,52.314795],[4.816582,52.314568],[4.817161,52.314305],[4.817695,52.314009],[4.818179,52.313683],[4.818609,52.313329],[4.818979,52.312951],[4.819287,52.312552],[4.81953,52.312137],[4.819705,52.31171],[4.819811,52.311274],[4.819847,52.310833],[4.819811,52.310393],[4.819705,52.309957],[4.81953,52.309529],[4.819287,52.309114],[4.818979,52.308716],[4.818609,52.308338],[4.818179,52.307984],[4.817695,52.307657],[4.817161,52.307361],[4.816582,52.307099],[4.815963,52.306872],[4.815311,52.306684],[4.814633,52.306535],[4.813933,52.306428],[4.81322,52.306363],[4.8125,52.306342],[4.81178,52.306363],[4.811067,52.306428],[4.810367,52.306535],[4.809689,52.306684],[4.809037,52.306872],[4.808418,52.307099],[4.807839,52.307361],[4.807305,52.307657],[4.806821,52.307984],[4.806391,52.308338],[4.806021,52.308716],[4.805713,52.309114],[4.80547,52.309529],[4.805295,52.309957],[4.805189,52.310393],[4.805153,52.310833],[4.805189,52.311274],[4.805295,52.31171],[4.80547,52.312137],[4.805713,52.312552],[4.806021,52.312951],[4.806391,52.313329],[4.806821,52.313683],[4.807305,52.314009],[4.807839,52.314305],[4.808418,52.314568],[4.809037,52.314795],[4.809689,52.314983],[4.810367,52.315132],[4.811067,52.315239],[4.81178,52.315303],[4.8125,52.315325]]]}},{"type":"Feature","properties":{"identifier":"5.143","name":"Industriegebied met risicos op zware ongevallen","restriction":"CONDITIONAL","rule":"OPEN cat. vluchten zijn hier verboden SPEC cat. vluchten vereisen een privilege op de exploitatievergunning","category":"industrie","source":"AIP Nederland ENR 5.3, ED-269, 22 juli 2024"},"geometry":{"type":"Polygon","coordinates":[[[5.190278,51.69338],[5.190988,51.693359],[5.191691,51.693294],[5.192381,51.693187],[5.19305,51.693039],[5.193693,51.69285],[5.194303,51.692623],[5.194874,51.692361],[5.195401,51.692065],[5.195878,51.691738],[5.196302,51.691384],[5.196668,51.691006],[5.196972,51.690608],[5.197211,51.690193],[5.197384,51.689765],[5.197488,51.689329],[5.197523,51.688889],[5.197488,51.688449],[5.197384,51.688013],[5.197211,51.687585],[5.196972,51.68717],[5.196668,51.686772],[5.196302,51.686394],[5.195878,51.686039],[5.195401,51.685713],[5.194874,51.685417],[5.194303,51.685154],[5.193693,51.684928],[5.19305,51.684739],[5.192381,51.684591],[5.191691,51.684484],[5.190988,51.684419],[5.190278,51.684397],[5.189568,51.684419],[5.188864,51.684484],[5.188175,51.684591],[5.187505,51.684739],[5.186862,51.684928],[5.186253,51.685154],[5.185681,51.685417],[5.185155,51.685713],[5.184677,51.686039],[5.184254,51.686394],[5.183888,51.686772],[5.183584,51.68717],[5.183344,51.687585],[5.183172,51.688013],[5.183067,51.688449],[5.183032,51.688889],[5.183067,51.689329],[5.183172,51.689765],[5.183344,51.690193],[5.183584,51.690608],[5.183888,51.691006],[5.184254,51.691384],[5.184677,51.691738],[5.185155,51.692065],[5.185681,51.692361],[5.186253,51.692623],[5.186862,51.69285],[5.187505,51.693039],[5.188175,51.693187],[5.188864,51.693294],[5.189568,51.693359],[5.190278,51.69338]]]}},{"type":"Feature","properties":{"identifier":"5.144","name":"Industriegebied met risicos op zware ongevallen","restriction":"CONDITIONAL","rule":"OPEN cat. vluchten zijn hier verboden SPEC cat. vluchten vereisen een privilege op de exploitatievergunning","category":"industrie","source":"AIP Nederland ENR 5.3, ED-269, 22 juli 2024"},"geometry":{"type":"Polygon","coordinates":[[[5.818889,51.851158],[5.819602,51.851137],[5.820307,51.851072],[5.820999,51.850965],[5.821671,51.850816],[5.822316,51.850628],[5.822928,51.850401],[5.823501,51.850139],[5.82403,51.849843],[5.824509,51.849516],[5.824934,51.849162],[5.825301,51.848784],[5.825606,51.848386],[5.825846,51.847971],[5.82602,51.847543],[5.826125,51.847107],[5.82616,51.846667],[5.826125,51.846226],[5.82602,51.84579],[5.825846,51.845363],[5.825606,51.844948],[5.825301,51.844549],[5.824934,51.844171],[5.824509,51.843817],[5.82403,51.843491],[5.823501,51.843195],[5.822928,51.842932],[5.822316,51.842705],[5.821671,51.842517],[5.820999,51.842368],[5.820307,51.842261],[5.819602,51.842197],[5.818889,51.842175],[5.818176,51.842197],[5.81747,51.842261],[5.816778,51.842368],[5.816107,51.842517],[5.815462,51.842705],[5.81485,51.842932],[5.814276,51.843195],[5.813748,51.843491],[5.813269,51.843817],[5.812844,51.844171],[5.812477,51.844549],[5.812172,51.844948],[5.811931,51.845363],[5.811758,51.84579],[5.811653,51.846226],[5.811618,51.846667],[5.811653,51.847107],[5.811758,51.847543],[5.811931,51.847971],[5.812172,51.848386],[5.812477,51.848784],[5.812844,51.849162],[5.813269,51.849516],[5.813748,51.849843],[5.814276,51.850139],[5.81485,51.850401],[5.815462,51.850628],[5.816107,51.850816],[5.816778,51.850965],[5.81747,51.851072],[5.818176,51.851137],[5.818889,51.851158]]]}},{"type":"Feature","properties":{"identifier":"5.145","name":"Industriegebied met risicos op zware ongevallen","restriction":"CONDITIONAL","rule":"OPEN cat. vluchten zijn hier verboden SPEC cat. vluchten vereisen een privilege op de exploitatievergunning","category":"industrie","source":"AIP Nederland ENR 5.3, ED-269, 22 juli 2024"},"geometry":{"type":"Polygon","coordinates":[[[5.470278,51.913936],[5.470991,51.913914],[5.471698,51.91385],[5.472391,51.913743],[5.473064,51.913594],[5.47371,51.913406],[5.474323,51.913179],[5.474897,51.912916],[5.475426,51.91262],[5.475906,51.912294],[5.476332,51.91194],[5.476699,51.911562],[5.477004,51.911163],[5.477245,51.910748],[5.477419,51.910321],[5.477524,51.909885],[5.477559,51.909444],[5.477524,51.909004],[5.477419,51.908568],[5.477245,51.908141],[5.477004,51.907726],[5.476699,51.907327],[5.476332,51.906949],[5.475906,51.906595],[5.475426,51.906268],[5.474897,51.905972],[5.474323,51.90571],[5.47371,51.905483],[5.473064,51.905295],[5.472391,51.905146],[5.471698,51.905039],[5.470991,51.904974],[5.470278,51.904953],[5.469564,51.904974],[5.468857,51.905039],[5.468164,51.905146],[5.467492,51.905295],[5.466846,51.905483],[5.466233,51.90571],[5.465659,51.905972],[5.465129,51.906268],[5.46465,51.906595],[5.464224,51.906949],[5.463857,51.907327],[5.463551,51.907726],[5.46331,51.908141],[5.463137,51.908568],[5.463032,51.909004],[5.462997,51.909444],[5.463032,51.909885],[5.463137,51.910321],[5.46331,51.910748],[5.463551,51.911163],[5.463857,51.911562],[5.464224,51.91194],[5.46465,51.912294],[5.465129,51.91262],[5.465659,51.912916],[5.466233,51.913179],[5.466846,51.913406],[5.467492,51.913594],[5.468164,51.913743],[5.468857,51.91385],[5.469564,51.913914],[5.470278,51.913936]]]}},{"type":"Feature","properties":{"identifier":"5.146","name":"Industriegebied met risicos op zware ongevallen","restriction":"CONDITIONAL","rule":"OPEN cat. vluchten zijn hier verboden SPEC cat. vluchten vereisen een privilege op de exploitatievergunning","category":"industrie","source":"AIP Nederland ENR 5.3, ED-269, 22 juli 2024"},"geometry":{"type":"Polygon","coordinates":[[[5.486389,51.581714],[5.487097,51.581692],[5.487799,51.581627],[5.488487,51.58152],[5.489155,51.581372],[5.489796,51.581183],[5.490404,51.580957],[5.490974,51.580694],[5.491499,51.580398],[5.491976,51.580072],[5.492398,51.579718],[5.492763,51.57934],[5.493066,51.578941],[5.493305,51.578526],[5.493477,51.578098],[5.493582,51.577662],[5.493616,51.577222],[5.493582,51.576782],[5.493477,51.576346],[5.493305,51.575918],[5.493066,51.575503],[5.492763,51.575105],[5.492398,51.574727],[5.491976,51.574373],[5.491499,51.574046],[5.490974,51.57375],[5.490404,51.573488],[5.489796,51.573261],[5.489155,51.573073],[5.488487,51.572924],[5.487799,51.572817],[5.487097,51.572752],[5.486389,51.572731],[5.48568,51.572752],[5.484979,51.572817],[5.484291,51.572924],[5.483623,51.573073],[5.482982,51.573261],[5.482374,51.573488],[5.481804,51.57375],[5.481278,51.574046],[5.480802,51.574373],[5.480379,51.574727],[5.480015,51.575105],[5.479712,51.575503],[5.479473,51.575918],[5.4793,51.576346],[5.479196,51.576782],[5.479161,51.577222],[5.479196,51.577662],[5.4793,51.578098],[5.479473,51.578526],[5.479712,51.578941],[5.480015,51.57934],[5.480379,51.579718],[5.480802,51.580072],[5.481278,51.580398],[5.481804,51.580694],[5.482374,51.580957],[5.482982,51.581183],[5.483623,51.581372],[5.484291,51.58152],[5.484979,51.581627],[5.48568,51.581692],[5.486389,51.581714]]]}},{"type":"Feature","properties":{"identifier":"5.147","name":"Industriegebied met risicos op zware ongevallen","restriction":"CONDITIONAL","rule":"OPEN cat. vluchten zijn hier verboden SPEC cat. vluchten vereisen een privilege op de exploitatievergunning","category":"industrie","source":"AIP Nederland ENR 5.3, ED-269, 22 juli 2024"},"geometry":{"type":"Polygon","coordinates":[[[6.589722,51.999492],[6.590437,51.99947],[6.591145,51.999405],[6.59184,51.999298],[6.592514,51.99915],[6.593161,51.998961],[6.593775,51.998735],[6.59435,51.998472],[6.59488,51.998176],[6.595361,51.997849],[6.595788,51.997495],[6.596156,51.997117],[6.596462,51.996719],[6.596703,51.996304],[6.596877,51.995876],[6.596982,51.99544],[6.597017,51.995],[6.596982,51.99456],[6.596877,51.994124],[6.596703,51.993696],[6.596462,51.993281],[6.596156,51.992883],[6.595788,51.992505],[6.595361,51.992151],[6.59488,51.991824],[6.59435,51.991528],[6.593775,51.991265],[6.593161,51.991039],[6.592514,51.99085],[6.59184,51.990702],[6.591145,51.990595],[6.590437,51.99053],[6.589722,51.990508],[6.589007,51.99053],[6.588299,51.990595],[6.587605,51.990702],[6.586931,51.99085],[6.586284,51.991039],[6.585669,51.991265],[6.585095,51.991528],[6.584564,51.991824],[6.584083,51.992151],[6.583657,51.992505],[6.583289,51.992883],[6.582983,51.993281],[6.582742,51.993696],[6.582568,51.994124],[6.582463,51.99456],[6.582428,51.995],[6.582463,51.99544],[6.582568,51.995876],[6.582742,51.996304],[6.582983,51.996719],[6.583289,51.997117],[6.583657,51.997495],[6.584083,51.997849],[6.584564,51.998176],[6.585095,51.998472],[6.585669,51.998735],[6.586284,51.998961],[6.586931,51.99915],[6.587605,51.999298],[6.588299,51.999405],[6.589007,51.99947],[6.589722,51.999492]]]}},{"type":"Feature","properties":{"identifier":"5.148","name":"Industriegebied met risicos op zware ongevallen","restriction":"CONDITIONAL","rule":"OPEN cat. vluchten zijn hier verboden SPEC cat. vluchten vereisen een privilege op de exploitatievergunning","category":"industrie","source":"AIP Nederland ENR 5.3, ED-269, 22 juli 2024"},"geometry":{"type":"Polygon","coordinates":[[[4.620556,52.47838],[4.621278,52.478359],[4.621994,52.478294],[4.622696,52.478187],[4.623377,52.478039],[4.624032,52.47785],[4.624652,52.477623],[4.625233,52.477361],[4.62577,52.477065],[4.626256,52.476738],[4.626687,52.476384],[4.627059,52.476006],[4.627368,52.475608],[4.627612,52.475193],[4.627788,52.474765],[4.627894,52.474329],[4.627929,52.473889],[4.627894,52.473449],[4.627788,52.473013],[4.627612,52.472585],[4.627368,52.47217],[4.627059,52.471772],[4.626687,52.471394],[4.626256,52.471039],[4.62577,52.470713],[4.625233,52.470417],[4.624652,52.470154],[4.624032,52.469928],[4.623377,52.469739],[4.622696,52.469591],[4.621994,52.469484],[4.621278,52.469419],[4.620556,52.469397],[4.619833,52.469419],[4.619117,52.469484],[4.618415,52.469591],[4.617734,52.469739],[4.61708,52.469928],[4.616459,52.470154],[4.615878,52.470417],[4.615341,52.470713],[4.614855,52.471039],[4.614424,52.471394],[4.614052,52.471772],[4.613743,52.47217],[4.613499,52.472585],[4.613323,52.473013],[4.613217,52.473449],[4.613182,52.473889],[4.613217,52.474329],[4.613323,52.474765],[4.613499,52.475193],[4.613743,52.475608],[4.614052,52.476006],[4.614424,52.476384],[4.614855,52.476738],[4.615341,52.477065],[4.615878,52.477361],[4.616459,52.477623],[4.61708,52.47785],[4.617734,52.478039],[4.618415,52.478187],[4.619117,52.478294],[4.619833,52.478359],[4.620556,52.47838]]]}},{"type":"Feature","properties":{"identifier":"5.149","name":"Industriegebied met risicos op zware ongevallen","restriction":"CONDITIONAL","rule":"OPEN cat. vluchten zijn hier verboden SPEC cat. vluchten vereisen een privilege op de exploitatievergunning","category":"industrie","source":"AIP Nederland ENR 5.3, ED-269, 22 juli 2024"},"geometry":{"type":"Polygon","coordinates":[[[6.109444,52.056714],[6.11016,52.056692],[6.110869,52.056627],[6.111565,52.05652],[6.11224,52.056372],[6.112888,52.056183],[6.113502,52.055957],[6.114078,52.055694],[6.114609,52.055398],[6.115091,52.055072],[6.115518,52.054718],[6.115886,52.05434],[6.116193,52.053941],[6.116434,52.053526],[6.116608,52.053098],[6.116713,52.052662],[6.116748,52.052222],[6.116713,52.051782],[6.116608,52.051346],[6.116434,52.050918],[6.116193,52.050503],[6.115886,52.050105],[6.115518,52.049727],[6.115091,52.049373],[6.114609,52.049046],[6.114078,52.04875],[6.113502,52.048488],[6.112888,52.048261],[6.11224,52.048073],[6.111565,52.047924],[6.110869,52.047817],[6.11016,52.047752],[6.109444,52.047731],[6.108729,52.047752],[6.108019,52.047817],[6.107324,52.047924],[6.106649,52.048073],[6.106001,52.048261],[6.105387,52.048488],[6.104811,52.04875],[6.10428,52.049046],[6.103798,52.049373],[6.103371,52.049727],[6.103003,52.050105],[6.102696,52.050503],[6.102455,52.050918],[6.102281,52.051346],[6.102176,52.051782],[6.10214,52.052222],[6.102176,52.052662],[6.102281,52.053098],[6.102455,52.053526],[6.102696,52.053941],[6.103003,52.05434],[6.103371,52.054718],[6.103798,52.055072],[6.10428,52.055398],[6.104811,52.055694],[6.105387,52.055957],[6.106001,52.056183],[6.106649,52.056372],[6.107324,52.05652],[6.108019,52.056627],[6.108729,52.056692],[6.109444,52.056714]]]}},{"type":"Feature","properties":{"identifier":"5.150","name":"Industriegebied met risicos op zware ongevallen","restriction":"CONDITIONAL","rule":"OPEN cat. vluchten zijn hier verboden SPEC cat. vluchten vereisen een privilege op de exploitatievergunning","category":"industrie","source":"AIP Nederland ENR 5.3, ED-269, 22 juli 2024"},"geometry":{"type":"Polygon","coordinates":[[[5.411111,51.473103],[5.411818,51.473081],[5.412518,51.473016],[5.413204,51.472909],[5.41387,51.472761],[5.41451,51.472572],[5.415117,51.472346],[5.415685,51.472083],[5.41621,51.471787],[5.416685,51.471461],[5.417106,51.471106],[5.41747,51.470728],[5.417773,51.47033],[5.418011,51.469915],[5.418183,51.469487],[5.418287,51.469051],[5.418321,51.468611],[5.418287,51.468171],[5.418183,51.467735],[5.418011,51.467307],[5.417773,51.466892],[5.41747,51.466494],[5.417106,51.466116],[5.416685,51.465762],[5.41621,51.465435],[5.415685,51.465139],[5.415117,51.464877],[5.41451,51.46465],[5.41387,51.464461],[5.413204,51.464313],[5.412518,51.464206],[5.411818,51.464141],[5.411111,51.46412],[5.410404,51.464141],[5.409704,51.464206],[5.409018,51.464313],[5.408352,51.464461],[5.407712,51.46465],[5.407105,51.464877],[5.406537,51.465139],[5.406013,51.465435],[5.405538,51.465762],[5.405116,51.466116],[5.404752,51.466494],[5.40445,51.466892],[5.404211,51.467307],[5.404039,51.467735],[5.403936,51.468171],[5.403901,51.468611],[5.403936,51.469051],[5.404039,51.469487],[5.404211,51.469915],[5.40445,51.47033],[5.404752,51.470728],[5.405116,51.471106],[5.405538,51.471461],[5.406013,51.471787],[5.406537,51.472083],[5.407105,51.472346],[5.407712,51.472572],[5.408352,51.472761],[5.409018,51.472909],[5.409704,51.473016],[5.410404,51.473081],[5.411111,51.473103]]]}},{"type":"Feature","properties":{"identifier":"5.151","name":"Industriegebied met risicos op zware ongevallen","restriction":"CONDITIONAL","rule":"OPEN cat. vluchten zijn hier verboden SPEC cat. vluchten vereisen een privilege op de exploitatievergunning","category":"industrie","source":"AIP Nederland ENR 5.3, ED-269, 22 juli 2024"},"geometry":{"type":"Polygon","coordinates":[[[4.748333,51.505603],[4.749041,51.505581],[4.749741,51.505516],[4.750428,51.505409],[4.751095,51.505261],[4.751735,51.505072],[4.752342,51.504846],[4.752911,51.504583],[4.753435,51.504287],[4.753911,51.503961],[4.754333,51.503606],[4.754697,51.503228],[4.754999,51.50283],[4.755238,51.502415],[4.75541,51.501987],[4.755514,51.501551],[4.755549,51.501111],[4.755514,51.500671],[4.75541,51.500235],[4.755238,51.499807],[4.754999,51.499392],[4.754697,51.498994],[4.754333,51.498616],[4.753911,51.498262],[4.753435,51.497935],[4.752911,51.497639],[4.752342,51.497377],[4.751735,51.49715],[4.751095,51.496961],[4.750428,51.496813],[4.749741,51.496706],[4.749041,51.496641],[4.748333,51.49662],[4.747626,51.496641],[4.746926,51.496706],[4.746239,51.496813],[4.745572,51.496961],[4.744932,51.49715],[4.744325,51.497377],[4.743756,51.497639],[4.743231,51.497935],[4.742756,51.498262],[4.742334,51.498616],[4.74197,51.498994],[4.741667,51.499392],[4.741429,51.499807],[4.741257,51.500235],[4.741153,51.500671],[4.741118,51.501111],[4.741153,51.501551],[4.741257,51.501987],[4.741429,51.502415],[4.741667,51.50283],[4.74197,51.503228],[4.742334,51.503606],[4.742756,51.503961],[4.743231,51.504287],[4.743756,51.504583],[4.744325,51.504846],[4.744932,51.505072],[4.745572,51.505261],[4.746239,51.505409],[4.746926,51.505516],[4.747626,51.505581],[4.748333,51.505603]]]}},{"type":"Feature","properties":{"identifier":"5.152","name":"Industriegebied met risicos op zware ongevallen","restriction":"CONDITIONAL","rule":"OPEN cat. vluchten zijn hier verboden SPEC cat. vluchten vereisen een privilege op de exploitatievergunning","category":"industrie","source":"AIP Nederland ENR 5.3, ED-269, 22 juli 2024"},"geometry":{"type":"Polygon","coordinates":[[[5.711389,50.891158],[5.712087,50.891137],[5.712778,50.891072],[5.713456,50.890965],[5.714114,50.890816],[5.714745,50.890628],[5.715344,50.890401],[5.715906,50.890139],[5.716423,50.889843],[5.716893,50.889516],[5.717309,50.889162],[5.717668,50.888784],[5.717967,50.888386],[5.718202,50.887971],[5.718372,50.887543],[5.718474,50.887107],[5.718509,50.886667],[5.718474,50.886226],[5.718372,50.88579],[5.718202,50.885363],[5.717967,50.884948],[5.717668,50.884549],[5.717309,50.884171],[5.716893,50.883817],[5.716423,50.883491],[5.715906,50.883195],[5.715344,50.882932],[5.714745,50.882705],[5.714114,50.882517],[5.713456,50.882368],[5.712778,50.882261],[5.712087,50.882197],[5.711389,50.882175],[5.710691,50.882197],[5.71,50.882261],[5.709322,50.882368],[5.708664,50.882517],[5.708033,50.882705],[5.707433,50.882932],[5.706872,50.883195],[5.706354,50.883491],[5.705885,50.883817],[5.705469,50.884171],[5.70511,50.884549],[5.704811,50.884948],[5.704576,50.885363],[5.704406,50.88579],[5.704303,50.886226],[5.704269,50.886667],[5.704303,50.887107],[5.704406,50.887543],[5.704576,50.887971],[5.704811,50.888386],[5.70511,50.888784],[5.705469,50.889162],[5.705885,50.889516],[5.706354,50.889843],[5.706872,50.890139],[5.707433,50.890401],[5.708033,50.890628],[5.708664,50.890816],[5.709322,50.890965],[5.71,50.891072],[5.710691,50.891137],[5.711389,50.891158]]]}},{"type":"Feature","properties":{"identifier":"5.153","name":"Industriegebied met risicos op zware ongevallen","restriction":"CONDITIONAL","rule":"OPEN cat. vluchten zijn hier verboden SPEC cat. vluchten vereisen een privilege op de exploitatievergunning","category":"industrie","source":"AIP Nederland ENR 5.3, ED-269, 22 juli 2024"},"geometry":{"type":"Polygon","coordinates":[[[6.266111,51.879492],[6.266824,51.87947],[6.26753,51.879405],[6.268223,51.879298],[6.268895,51.87915],[6.269541,51.878961],[6.270153,51.878735],[6.270726,51.878472],[6.271255,51.878176],[6.271735,51.877849],[6.27216,51.877495],[6.272527,51.877117],[6.272833,51.876719],[6.273073,51.876304],[6.273247,51.875876],[6.273351,51.87544],[6.273386,51.875],[6.273351,51.87456],[6.273247,51.874124],[6.273073,51.873696],[6.272833,51.873281],[6.272527,51.872883],[6.27216,51.872505],[6.271735,51.872151],[6.271255,51.871824],[6.270726,51.871528],[6.270153,51.871265],[6.269541,51.871039],[6.268895,51.87085],[6.268223,51.870702],[6.26753,51.870595],[6.266824,51.87053],[6.266111,51.870508],[6.265398,51.87053],[6.264692,51.870595],[6.263999,51.870702],[6.263327,51.87085],[6.262682,51.871039],[6.262069,51.871265],[6.261496,51.871528],[6.260967,51.871824],[6.260487,51.872151],[6.260062,51.872505],[6.259695,51.872883],[6.25939,51.873281],[6.259149,51.873696],[6.258976,51.874124],[6.258871,51.87456],[6.258836,51.875],[6.258871,51.87544],[6.258976,51.875876],[6.259149,51.876304],[6.25939,51.876719],[6.259695,51.877117],[6.260062,51.877495],[6.260487,51.877849],[6.260967,51.878176],[6.261496,51.878472],[6.262069,51.878735],[6.262682,51.878961],[6.263327,51.87915],[6.263999,51.879298],[6.264692,51.879405],[6.265398,51.87947],[6.266111,51.879492]]]}},{"type":"Feature","properties":{"identifier":"5.154","name":"Industriegebied met risicos op zware ongevallen","restriction":"CONDITIONAL","rule":"OPEN cat. vluchten zijn hier verboden SPEC cat. vluchten vereisen een privilege op de exploitatievergunning","category":"industrie","source":"AIP Nederland ENR 5.3, ED-269, 22 juli 2024"},"geometry":{"type":"Polygon","coordinates":[[[6.289444,51.878103],[6.290158,51.878081],[6.290864,51.878016],[6.291556,51.877909],[6.292228,51.877761],[6.292874,51.877572],[6.293486,51.877346],[6.29406,51.877083],[6.294589,51.876787],[6.295068,51.876461],[6.295493,51.876106],[6.29586,51.875728],[6.296166,51.87533],[6.296406,51.874915],[6.29658,51.874487],[6.296684,51.874051],[6.296719,51.873611],[6.296684,51.873171],[6.29658,51.872735],[6.296406,51.872307],[6.296166,51.871892],[6.29586,51.871494],[6.295493,51.871116],[6.295068,51.870762],[6.294589,51.870435],[6.29406,51.870139],[6.293486,51.869877],[6.292874,51.86965],[6.292228,51.869461],[6.291556,51.869313],[6.290864,51.869206],[6.290158,51.869141],[6.289444,51.86912],[6.288731,51.869141],[6.288025,51.869206],[6.287333,51.869313],[6.28666,51.869461],[6.286015,51.86965],[6.285403,51.869877],[6.284829,51.870139],[6.2843,51.870435],[6.283821,51.870762],[6.283395,51.871116],[6.283028,51.871494],[6.282723,51.871892],[6.282483,51.872307],[6.282309,51.872735],[6.282204,51.873171],[6.282169,51.873611],[6.282204,51.874051],[6.282309,51.874487],[6.282483,51.874915],[6.282723,51.87533],[6.283028,51.875728],[6.283395,51.876106],[6.283821,51.876461],[6.2843,51.876787],[6.284829,51.877083],[6.285403,51.877346],[6.286015,51.877572],[6.28666,51.877761],[6.287333,51.877909],[6.288025,51.878016],[6.288731,51.878081],[6.289444,51.878103]]]}},{"type":"Feature","properties":{"identifier":"5.155","name":"Industriegebied met risicos op zware ongevallen","restriction":"CONDITIONAL","rule":"OPEN cat. vluchten zijn hier verboden SPEC cat. vluchten vereisen een privilege op de exploitatievergunning","category":"industrie","source":"AIP Nederland ENR 5.3, ED-269, 22 juli 2024"},"geometry":{"type":"Polygon","coordinates":[[[5.276944,51.801436],[5.277656,51.801414],[5.278361,51.80135],[5.279053,51.801243],[5.279724,51.801094],[5.280368,51.800906],[5.280979,51.800679],[5.281552,51.800416],[5.28208,51.80012],[5.282559,51.799794],[5.282983,51.79944],[5.28335,51.799062],[5.283654,51.798663],[5.283894,51.798248],[5.284068,51.797821],[5.284172,51.797385],[5.284207,51.796944],[5.284172,51.796504],[5.284068,51.796068],[5.283894,51.795641],[5.283654,51.795226],[5.28335,51.794827],[5.282983,51.794449],[5.282559,51.794095],[5.28208,51.793768],[5.281552,51.793472],[5.280979,51.79321],[5.280368,51.792983],[5.279724,51.792795],[5.279053,51.792646],[5.278361,51.792539],[5.277656,51.792474],[5.276944,51.792453],[5.276233,51.792474],[5.275528,51.792539],[5.274836,51.792646],[5.274165,51.792795],[5.273521,51.792983],[5.27291,51.79321],[5.272337,51.793472],[5.271809,51.793768],[5.27133,51.794095],[5.270906,51.794449],[5.270539,51.794827],[5.270235,51.795226],[5.269995,51.795641],[5.269821,51.796068],[5.269717,51.796504],[5.269682,51.796944],[5.269717,51.797385],[5.269821,51.797821],[5.269995,51.798248],[5.270235,51.798663],[5.270539,51.799062],[5.270906,51.79944],[5.27133,51.799794],[5.271809,51.80012],[5.272337,51.800416],[5.27291,51.800679],[5.273521,51.800906],[5.274165,51.801094],[5.274836,51.801243],[5.275528,51.80135],[5.276233,51.801414],[5.276944,51.801436]]]}},{"type":"Feature","properties":{"identifier":"5.156","name":"Industriegebied met risicos op zware ongevallen","restriction":"CONDITIONAL","rule":"OPEN cat. vluchten zijn hier verboden SPEC cat. vluchten vereisen een privilege op de exploitatievergunning","category":"industrie","source":"AIP Nederland ENR 5.3, ED-269, 22 juli 2024"},"geometry":{"type":"Polygon","coordinates":[[[5.738889,51.512547],[5.739596,51.512526],[5.740297,51.512461],[5.740984,51.512354],[5.741651,51.512205],[5.742291,51.512017],[5.742898,51.51179],[5.743467,51.511528],[5.743992,51.511232],[5.744467,51.510905],[5.744889,51.510551],[5.745253,51.510173],[5.745556,51.509774],[5.745795,51.509359],[5.745967,51.508932],[5.746071,51.508496],[5.746105,51.508056],[5.746071,51.507615],[5.745967,51.507179],[5.745795,51.506752],[5.745556,51.506337],[5.745253,51.505938],[5.744889,51.50556],[5.744467,51.505206],[5.743992,51.50488],[5.743467,51.504584],[5.742898,51.504321],[5.742291,51.504094],[5.741651,51.503906],[5.740984,51.503757],[5.740297,51.50365],[5.739596,51.503586],[5.738889,51.503564],[5.738182,51.503586],[5.737481,51.50365],[5.736794,51.503757],[5.736127,51.503906],[5.735487,51.504094],[5.73488,51.504321],[5.734311,51.504584],[5.733786,51.50488],[5.73331,51.505206],[5.732889,51.50556],[5.732525,51.505938],[5.732222,51.506337],[5.731983,51.506752],[5.731811,51.507179],[5.731707,51.507615],[5.731672,51.508056],[5.731707,51.508496],[5.731811,51.508932],[5.731983,51.509359],[5.732222,51.509774],[5.732525,51.510173],[5.732889,51.510551],[5.73331,51.510905],[5.733786,51.511232],[5.734311,51.511528],[5.73488,51.51179],[5.735487,51.512017],[5.736127,51.512205],[5.736794,51.512354],[5.737481,51.512461],[5.738182,51.512526],[5.738889,51.512547]]]}},{"type":"Feature","properties":{"identifier":"5.157","name":"Industriegebied met risicos op zware ongevallen","restriction":"CONDITIONAL","rule":"OPEN cat. vluchten zijn hier verboden SPEC cat. vluchten vereisen een privilege op de exploitatievergunning","category":"industrie","source":"AIP Nederland ENR 5.3, ED-269, 22 juli 2024"},"geometry":{"type":"Polygon","coordinates":[[[3.779722,51.335603],[3.780427,51.335581],[3.781125,51.335516],[3.781809,51.335409],[3.782473,51.335261],[3.783111,51.335072],[3.783716,51.334846],[3.784283,51.334583],[3.784805,51.334287],[3.785279,51.333961],[3.785699,51.333606],[3.786062,51.333228],[3.786364,51.33283],[3.786601,51.332415],[3.786773,51.331987],[3.786876,51.331551],[3.786911,51.331111],[3.786876,51.330671],[3.786773,51.330235],[3.786601,51.329807],[3.786364,51.329392],[3.786062,51.328994],[3.785699,51.328616],[3.785279,51.328262],[3.784805,51.327935],[3.784283,51.327639],[3.783716,51.327377],[3.783111,51.32715],[3.782473,51.326961],[3.781809,51.326813],[3.781125,51.326706],[3.780427,51.326641],[3.779722,51.32662],[3.779018,51.326641],[3.77832,51.326706],[3.777635,51.326813],[3.776971,51.326961],[3.776334,51.32715],[3.775728,51.327377],[3.775162,51.327639],[3.774639,51.327935],[3.774165,51.328262],[3.773745,51.328616],[3.773382,51.328994],[3.773081,51.329392],[3.772843,51.329807],[3.772672,51.330235],[3.772568,51.330671],[3.772534,51.331111],[3.772568,51.331551],[3.772672,51.331987],[3.772843,51.332415],[3.773081,51.33283],[3.773382,51.333228],[3.773745,51.333606],[3.774165,51.333961],[3.774639,51.334287],[3.775162,51.334583],[3.775728,51.334846],[3.776334,51.335072],[3.776971,51.335261],[3.777635,51.335409],[3.77832,51.335516],[3.779018,51.335581],[3.779722,51.335603]]]}},{"type":"Feature","properties":{"identifier":"5.158","name":"Industriegebied met risicos op zware ongevallen","restriction":"CONDITIONAL","rule":"OPEN cat. vluchten zijn hier verboden SPEC cat. vluchten vereisen een privilege op de exploitatievergunning","category":"industrie","source":"AIP Nederland ENR 5.3, ED-269, 22 juli 2024"},"geometry":{"type":"Polygon","coordinates":[[[5.801667,51.453103],[5.802373,51.453081],[5.803073,51.453016],[5.803759,51.452909],[5.804425,51.452761],[5.805064,51.452572],[5.805671,51.452346],[5.806239,51.452083],[5.806763,51.451787],[5.807238,51.451461],[5.807659,51.451106],[5.808023,51.450728],[5.808325,51.45033],[5.808563,51.449915],[5.808735,51.449487],[5.808839,51.449051],[5.808874,51.448611],[5.808839,51.448171],[5.808735,51.447735],[5.808563,51.447307],[5.808325,51.446892],[5.808023,51.446494],[5.807659,51.446116],[5.807238,51.445762],[5.806763,51.445435],[5.806239,51.445139],[5.805671,51.444877],[5.805064,51.44465],[5.804425,51.444461],[5.803759,51.444313],[5.803073,51.444206],[5.802373,51.444141],[5.801667,51.44412],[5.80096,51.444141],[5.800261,51.444206],[5.799575,51.444313],[5.798909,51.444461],[5.798269,51.44465],[5.797663,51.444877],[5.797095,51.445139],[5.79657,51.445435],[5.796096,51.445762],[5.795674,51.446116],[5.795311,51.446494],[5.795008,51.446892],[5.79477,51.447307],[5.794598,51.447735],[5.794494,51.448171],[5.79446,51.448611],[5.794494,51.449051],[5.794598,51.449487],[5.79477,51.449915],[5.795008,51.45033],[5.795311,51.450728],[5.795674,51.451106],[5.796096,51.451461],[5.79657,51.451787],[5.797095,51.452083],[5.797663,51.452346],[5.798269,51.452572],[5.798909,51.452761],[5.799575,51.452909],[5.800261,51.453016],[5.80096,51.453081],[5.801667,51.453103]]]}},{"type":"Feature","properties":{"identifier":"5.159","name":"Industriegebied met risicos op zware ongevallen","restriction":"CONDITIONAL","rule":"OPEN cat. vluchten zijn hier verboden SPEC cat. vluchten vereisen een privilege op de exploitatievergunning","category":"industrie","source":"AIP Nederland ENR 5.3, ED-269, 22 juli 2024"},"geometry":{"type":"Polygon","coordinates":[[[5.713889,50.891436],[5.714587,50.891414],[5.715278,50.89135],[5.715956,50.891243],[5.716614,50.891094],[5.717245,50.890906],[5.717844,50.890679],[5.718406,50.890416],[5.718923,50.89012],[5.719393,50.889794],[5.719809,50.88944],[5.720168,50.889062],[5.720467,50.888663],[5.720702,50.888248],[5.720872,50.887821],[5.720974,50.887385],[5.721009,50.886944],[5.720974,50.886504],[5.720872,50.886068],[5.720702,50.885641],[5.720467,50.885226],[5.720168,50.884827],[5.719809,50.884449],[5.719393,50.884095],[5.718923,50.883768],[5.718406,50.883472],[5.717844,50.88321],[5.717245,50.882983],[5.716614,50.882795],[5.715956,50.882646],[5.715278,50.882539],[5.714587,50.882474],[5.713889,50.882453],[5.713191,50.882474],[5.7125,50.882539],[5.711822,50.882646],[5.711164,50.882795],[5.710533,50.882983],[5.709933,50.88321],[5.709372,50.883472],[5.708854,50.883768],[5.708385,50.884095],[5.707969,50.884449],[5.70761,50.884827],[5.707311,50.885226],[5.707076,50.885641],[5.706906,50.886068],[5.706803,50.886504],[5.706769,50.886944],[5.706803,50.887385],[5.706906,50.887821],[5.707076,50.888248],[5.707311,50.888663],[5.70761,50.889062],[5.707969,50.88944],[5.708385,50.889794],[5.708854,50.89012],[5.709372,50.890416],[5.709933,50.890679],[5.710533,50.890906],[5.711164,50.891094],[5.711822,50.891243],[5.7125,50.89135],[5.713191,50.891414],[5.713889,50.891436]]]}},{"type":"Feature","properties":{"identifier":"5.160","name":"Industriegebied met risicos op zware ongevallen","restriction":"CONDITIONAL","rule":"OPEN cat. vluchten zijn hier verboden SPEC cat. vluchten vereisen een privilege op de exploitatievergunning","category":"industrie","source":"AIP Nederland ENR 5.3, ED-269, 22 juli 2024"},"geometry":{"type":"Polygon","coordinates":[[[5.998056,50.851436],[5.998753,50.851414],[5.999443,50.85135],[6.000121,50.851243],[6.000778,50.851094],[6.001409,50.850906],[6.002008,50.850679],[6.002568,50.850416],[6.003086,50.85012],[6.003555,50.849794],[6.00397,50.84944],[6.004329,50.849062],[6.004628,50.848663],[6.004863,50.848248],[6.005033,50.847821],[6.005135,50.847385],[6.005169,50.846944],[6.005135,50.846504],[6.005033,50.846068],[6.004863,50.845641],[6.004628,50.845226],[6.004329,50.844827],[6.00397,50.844449],[6.003555,50.844095],[6.003086,50.843768],[6.002568,50.843472],[6.002008,50.84321],[6.001409,50.842983],[6.000778,50.842795],[6.000121,50.842646],[5.999443,50.842539],[5.998753,50.842474],[5.998056,50.842453],[5.997358,50.842474],[5.996668,50.842539],[5.995991,50.842646],[5.995333,50.842795],[5.994702,50.842983],[5.994103,50.84321],[5.993543,50.843472],[5.993025,50.843768],[5.992557,50.844095],[5.992141,50.844449],[5.991782,50.844827],[5.991483,50.845226],[5.991248,50.845641],[5.991079,50.846068],[5.990976,50.846504],[5.990942,50.846944],[5.990976,50.847385],[5.991079,50.847821],[5.991248,50.848248],[5.991483,50.848663],[5.991782,50.849062],[5.992141,50.84944],[5.992557,50.849794],[5.993025,50.85012],[5.993543,50.850416],[5.994103,50.850679],[5.994702,50.850906],[5.995333,50.851094],[5.995991,50.851243],[5.996668,50.85135],[5.997358,50.851414],[5.998056,50.851436]]]}},{"type":"Feature","properties":{"identifier":"5.161","name":"Industriegebied met risicos op zware ongevallen","restriction":"CONDITIONAL","rule":"OPEN cat. vluchten zijn hier verboden SPEC cat. vluchten vereisen een privilege op de exploitatievergunning","category":"industrie","source":"AIP Nederland ENR 5.3, ED-269, 22 juli 2024"},"geometry":{"type":"Polygon","coordinates":[[[5.935556,51.974492],[5.93627,51.97447],[5.936978,51.974405],[5.937672,51.974298],[5.938346,51.97415],[5.938992,51.973961],[5.939606,51.973735],[5.940181,51.973472],[5.940711,51.973176],[5.941191,51.972849],[5.941618,51.972495],[5.941985,51.972117],[5.942291,51.971719],[5.942532,51.971304],[5.942706,51.970876],[5.942811,51.97044],[5.942846,51.97],[5.942811,51.96956],[5.942706,51.969124],[5.942532,51.968696],[5.942291,51.968281],[5.941985,51.967883],[5.941618,51.967505],[5.941191,51.967151],[5.940711,51.966824],[5.940181,51.966528],[5.939606,51.966265],[5.938992,51.966039],[5.938346,51.96585],[5.937672,51.965702],[5.936978,51.965595],[5.93627,51.96553],[5.935556,51.965508],[5.934841,51.96553],[5.934133,51.965595],[5.933439,51.965702],[5.932766,51.96585],[5.932119,51.966039],[5.931505,51.966265],[5.93093,51.966528],[5.9304,51.966824],[5.92992,51.967151],[5.929494,51.967505],[5.929126,51.967883],[5.92882,51.968281],[5.928579,51.968696],[5.928405,51.969124],[5.9283,51.96956],[5.928265,51.97],[5.9283,51.97044],[5.928405,51.970876],[5.928579,51.971304],[5.92882,51.971719],[5.929126,51.972117],[5.929494,51.972495],[5.92992,51.972849],[5.9304,51.973176],[5.93093,51.973472],[5.931505,51.973735],[5.932119,51.973961],[5.932766,51.97415],[5.933439,51.974298],[5.934133,51.974405],[5.934841,51.97447],[5.935556,51.974492]]]}},{"type":"Feature","properties":{"identifier":"5.162","name":"Industriegebied met risicos op zware ongevallen","restriction":"CONDITIONAL","rule":"OPEN cat. vluchten zijn hier verboden SPEC cat. vluchten vereisen een privilege op de exploitatievergunning","category":"industrie","source":"AIP Nederland ENR 5.3, ED-269, 22 juli 2024"},"geometry":{"type":"Polygon","coordinates":[[[6.612222,52.387269],[6.612943,52.387248],[6.613658,52.387183],[6.614358,52.387076],[6.615038,52.386927],[6.615691,52.386739],[6.61631,52.386512],[6.61689,52.38625],[6.617426,52.385954],[6.617911,52.385627],[6.618341,52.385273],[6.618712,52.384895],[6.619021,52.384497],[6.619264,52.384082],[6.619439,52.383654],[6.619545,52.383218],[6.619581,52.382778],[6.619545,52.382338],[6.619439,52.381902],[6.619264,52.381474],[6.619021,52.381059],[6.618712,52.38066],[6.618341,52.380282],[6.617911,52.379928],[6.617426,52.379602],[6.61689,52.379306],[6.61631,52.379043],[6.615691,52.378817],[6.615038,52.378628],[6.614358,52.37848],[6.613658,52.378373],[6.612943,52.378308],[6.612222,52.378286],[6.611501,52.378308],[6.610787,52.378373],[6.610086,52.37848],[6.609406,52.378628],[6.608753,52.378817],[6.608134,52.379043],[6.607554,52.379306],[6.607019,52.379602],[6.606534,52.379928],[6.606104,52.380282],[6.605733,52.38066],[6.605424,52.381059],[6.60518,52.381474],[6.605005,52.381902],[6.604899,52.382338],[6.604864,52.382778],[6.604899,52.383218],[6.605005,52.383654],[6.60518,52.384082],[6.605424,52.384497],[6.605733,52.384895],[6.606104,52.385273],[6.606534,52.385627],[6.607019,52.385954],[6.607554,52.38625],[6.608134,52.386512],[6.608753,52.386739],[6.609406,52.386927],[6.610086,52.387076],[6.610787,52.387183],[6.611501,52.387248],[6.612222,52.387269]]]}},{"type":"Feature","properties":{"identifier":"5.163","name":"Industriegebied met risicos op zware ongevallen","restriction":"CONDITIONAL","rule":"OPEN cat. vluchten zijn hier verboden SPEC cat. vluchten vereisen een privilege op de exploitatievergunning","category":"industrie","source":"AIP Nederland ENR 5.3, ED-269, 22 juli 2024"},"geometry":{"type":"Polygon","coordinates":[[[4.740278,51.855047],[4.74099,51.855026],[4.741696,51.854961],[4.742389,51.854854],[4.74306,51.854705],[4.743705,51.854517],[4.744317,51.85429],[4.744891,51.854028],[4.745419,51.853732],[4.745899,51.853405],[4.746324,51.853051],[4.74669,51.852673],[4.746996,51.852274],[4.747236,51.851859],[4.747409,51.851432],[4.747514,51.850996],[4.747549,51.850556],[4.747514,51.850115],[4.747409,51.849679],[4.747236,51.849252],[4.746996,51.848837],[4.74669,51.848438],[4.746324,51.84806],[4.745899,51.847706],[4.745419,51.84738],[4.744891,51.847084],[4.744317,51.846821],[4.743705,51.846594],[4.74306,51.846406],[4.742389,51.846257],[4.741696,51.84615],[4.74099,51.846086],[4.740278,51.846064],[4.739565,51.846086],[4.738859,51.84615],[4.738167,51.846257],[4.737495,51.846406],[4.73685,51.846594],[4.736238,51.846821],[4.735665,51.847084],[4.735136,51.84738],[4.734657,51.847706],[4.734232,51.84806],[4.733865,51.848438],[4.73356,51.848837],[4.73332,51.849252],[4.733146,51.849679],[4.733042,51.850115],[4.733006,51.850556],[4.733042,51.850996],[4.733146,51.851432],[4.73332,51.851859],[4.73356,51.852274],[4.733865,51.852673],[4.734232,51.853051],[4.734657,51.853405],[4.735136,51.853732],[4.735665,51.854028],[4.736238,51.85429],[4.73685,51.854517],[4.737495,51.854705],[4.738167,51.854854],[4.738859,51.854961],[4.739565,51.855026],[4.740278,51.855047]]]}},{"type":"Feature","properties":{"identifier":"5.164","name":"Industriegebied met risicos op zware ongevallen","restriction":"CONDITIONAL","rule":"OPEN cat. vluchten zijn hier verboden SPEC cat. vluchten vereisen een privilege op de exploitatievergunning","category":"industrie","source":"AIP Nederland ENR 5.3, ED-269, 22 juli 2024"},"geometry":{"type":"Polygon","coordinates":[[[5.050278,52.761158],[5.051005,52.761137],[5.051726,52.761072],[5.052432,52.760965],[5.053118,52.760816],[5.053776,52.760628],[5.054401,52.760401],[5.054986,52.760139],[5.055526,52.759843],[5.056015,52.759516],[5.056449,52.759162],[5.056823,52.758784],[5.057134,52.758386],[5.05738,52.757971],[5.057557,52.757543],[5.057664,52.757107],[5.057699,52.756667],[5.057664,52.756226],[5.057557,52.75579],[5.05738,52.755363],[5.057134,52.754948],[5.056823,52.754549],[5.056449,52.754171],[5.056015,52.753817],[5.055526,52.753491],[5.054986,52.753195],[5.054401,52.752932],[5.053776,52.752705],[5.053118,52.752517],[5.052432,52.752368],[5.051726,52.752261],[5.051005,52.752197],[5.050278,52.752175],[5.04955,52.752197],[5.04883,52.752261],[5.048123,52.752368],[5.047438,52.752517],[5.046779,52.752705],[5.046155,52.752932],[5.04557,52.753195],[5.04503,52.753491],[5.044541,52.753817],[5.044107,52.754171],[5.043732,52.754549],[5.043421,52.754948],[5.043176,52.755363],[5.042999,52.75579],[5.042892,52.756226],[5.042856,52.756667],[5.042892,52.757107],[5.042999,52.757543],[5.043176,52.757971],[5.043421,52.758386],[5.043732,52.758784],[5.044107,52.759162],[5.044541,52.759516],[5.04503,52.759843],[5.04557,52.760139],[5.046155,52.760401],[5.046779,52.760628],[5.047438,52.760816],[5.048123,52.760965],[5.04883,52.761072],[5.04955,52.761137],[5.050278,52.761158]]]}},{"type":"Feature","properties":{"identifier":"5.165","name":"Industriegebied met risicos op zware ongevallen","restriction":"CONDITIONAL","rule":"OPEN cat. vluchten zijn hier verboden SPEC cat. vluchten vereisen een privilege op de exploitatievergunning","category":"industrie","source":"AIP Nederland ENR 5.3, ED-269, 22 juli 2024"},"geometry":{"type":"Polygon","coordinates":[[[6.215,51.383658],[6.215705,51.383637],[6.216404,51.383572],[6.217089,51.383465],[6.217754,51.383316],[6.218392,51.383128],[6.218998,51.382901],[6.219565,51.382639],[6.220088,51.382343],[6.220563,51.382016],[6.220983,51.381662],[6.221346,51.381284],[6.221648,51.380886],[6.221886,51.380471],[6.222058,51.380043],[6.222161,51.379607],[6.222196,51.379167],[6.222161,51.378726],[6.222058,51.37829],[6.221886,51.377863],[6.221648,51.377448],[6.221346,51.377049],[6.220983,51.376671],[6.220563,51.376317],[6.220088,51.375991],[6.219565,51.375695],[6.218998,51.375432],[6.218392,51.375205],[6.217754,51.375017],[6.217089,51.374868],[6.216404,51.374761],[6.215705,51.374697],[6.215,51.374675],[6.214295,51.374697],[6.213596,51.374761],[6.212911,51.374868],[6.212246,51.375017],[6.211608,51.375205],[6.211002,51.375432],[6.210435,51.375695],[6.209912,51.375991],[6.209437,51.376317],[6.209017,51.376671],[6.208654,51.377049],[6.208352,51.377448],[6.208114,51.377863],[6.207942,51.37829],[6.207839,51.378726],[6.207804,51.379167],[6.207839,51.379607],[6.207942,51.380043],[6.208114,51.380471],[6.208352,51.380886],[6.208654,51.381284],[6.209017,51.381662],[6.209437,51.382016],[6.209912,51.382343],[6.210435,51.382639],[6.211002,51.382901],[6.211608,51.383128],[6.212246,51.383316],[6.212911,51.383465],[6.213596,51.383572],[6.214295,51.383637],[6.215,51.383658]]]}},{"type":"Feature","properties":{"identifier":"5.166","name":"Industriegebied met risicos op zware ongevallen","restriction":"CONDITIONAL","rule":"OPEN cat. vluchten zijn hier verboden SPEC cat. vluchten vereisen een privilege op de exploitatievergunning","category":"industrie","source":"AIP Nederland ENR 5.3, ED-269, 22 juli 2024"},"geometry":{"type":"Polygon","coordinates":[[[6.304722,53.287547],[6.305459,53.287526],[6.306188,53.287461],[6.306903,53.287354],[6.307597,53.287205],[6.308264,53.287017],[6.308896,53.28679],[6.309488,53.286528],[6.310035,53.286232],[6.31053,53.285905],[6.310969,53.285551],[6.311348,53.285173],[6.311663,53.284774],[6.311911,53.284359],[6.312091,53.283932],[6.312199,53.283496],[6.312235,53.283056],[6.312199,53.282615],[6.312091,53.282179],[6.311911,53.281752],[6.311663,53.281337],[6.311348,53.280938],[6.310969,53.28056],[6.31053,53.280206],[6.310035,53.27988],[6.309488,53.279584],[6.308896,53.279321],[6.308264,53.279094],[6.307597,53.278906],[6.306903,53.278757],[6.306188,53.27865],[6.305459,53.278586],[6.304722,53.278564],[6.303986,53.278586],[6.303257,53.27865],[6.302541,53.278757],[6.301847,53.278906],[6.301181,53.279094],[6.300548,53.279321],[6.299956,53.279584],[6.29941,53.27988],[6.298915,53.280206],[6.298476,53.28056],[6.298097,53.280938],[6.297781,53.281337],[6.297533,53.281752],[6.297354,53.282179],[6.297246,53.282615],[6.297209,53.283056],[6.297246,53.283496],[6.297354,53.283932],[6.297533,53.284359],[6.297781,53.284774],[6.298097,53.285173],[6.298476,53.285551],[6.298915,53.285905],[6.29941,53.286232],[6.299956,53.286528],[6.300548,53.28679],[6.301181,53.287017],[6.301847,53.287205],[6.302541,53.287354],[6.303257,53.287461],[6.303986,53.287526],[6.304722,53.287547]]]}},{"type":"Feature","properties":{"identifier":"5.167","name":"Industriegebied met risicos op zware ongevallen","restriction":"CONDITIONAL","rule":"OPEN cat. vluchten zijn hier verboden SPEC cat. vluchten vereisen een privilege op de exploitatievergunning","category":"industrie","source":"AIP Nederland ENR 5.3, ED-269, 22 juli 2024"},"geometry":{"type":"Polygon","coordinates":[[[6.430833,53.094492],[6.431566,53.09447],[6.432292,53.094405],[6.433004,53.094298],[6.433695,53.09415],[6.434359,53.093961],[6.434988,53.093735],[6.435578,53.093472],[6.436122,53.093176],[6.436615,53.092849],[6.437052,53.092495],[6.437429,53.092117],[6.437743,53.091719],[6.43799,53.091304],[6.438169,53.090876],[6.438276,53.09044],[6.438312,53.09],[6.438276,53.08956],[6.438169,53.089124],[6.43799,53.088696],[6.437743,53.088281],[6.437429,53.087883],[6.437052,53.087505],[6.436615,53.087151],[6.436122,53.086824],[6.435578,53.086528],[6.434988,53.086265],[6.434359,53.086039],[6.433695,53.08585],[6.433004,53.085702],[6.432292,53.085595],[6.431566,53.08553],[6.430833,53.085508],[6.4301,53.08553],[6.429374,53.085595],[6.428662,53.085702],[6.427971,53.08585],[6.427308,53.086039],[6.426678,53.086265],[6.426089,53.086528],[6.425545,53.086824],[6.425052,53.087151],[6.424615,53.087505],[6.424237,53.087883],[6.423924,53.088281],[6.423676,53.088696],[6.423498,53.089124],[6.42339,53.08956],[6.423354,53.09],[6.42339,53.09044],[6.423498,53.090876],[6.423676,53.091304],[6.423924,53.091719],[6.424237,53.092117],[6.424615,53.092495],[6.425052,53.092849],[6.425545,53.093176],[6.426089,53.093472],[6.426678,53.093735],[6.427308,53.093961],[6.427971,53.09415],[6.428662,53.094298],[6.429374,53.094405],[6.4301,53.09447],[6.430833,53.094492]]]}},{"type":"Feature","properties":{"identifier":"5.168","name":"Industriegebied met risicos op zware ongevallen","restriction":"CONDITIONAL","rule":"OPEN cat. vluchten zijn hier verboden SPEC cat. vluchten vereisen een privilege op de exploitatievergunning","category":"industrie","source":"AIP Nederland ENR 5.3, ED-269, 22 juli 2024"},"geometry":{"type":"Polygon","coordinates":[[[4.967778,51.518103],[4.968485,51.518081],[4.969186,51.518016],[4.969873,51.517909],[4.97054,51.517761],[4.97118,51.517572],[4.971788,51.517346],[4.972356,51.517083],[4.972881,51.516787],[4.973357,51.516461],[4.973779,51.516106],[4.974143,51.515728],[4.974446,51.51533],[4.974684,51.514915],[4.974856,51.514487],[4.97496,51.514051],[4.974995,51.513611],[4.97496,51.513171],[4.974856,51.512735],[4.974684,51.512307],[4.974446,51.511892],[4.974143,51.511494],[4.973779,51.511116],[4.973357,51.510762],[4.972881,51.510435],[4.972356,51.510139],[4.971788,51.509877],[4.97118,51.50965],[4.97054,51.509461],[4.969873,51.509313],[4.969186,51.509206],[4.968485,51.509141],[4.967778,51.50912],[4.96707,51.509141],[4.96637,51.509206],[4.965683,51.509313],[4.965016,51.509461],[4.964376,51.50965],[4.963768,51.509877],[4.963199,51.510139],[4.962674,51.510435],[4.962199,51.510762],[4.961777,51.511116],[4.961413,51.511494],[4.96111,51.511892],[4.960871,51.512307],[4.960699,51.512735],[4.960595,51.513171],[4.96056,51.513611],[4.960595,51.514051],[4.960699,51.514487],[4.960871,51.514915],[4.96111,51.51533],[4.961413,51.515728],[4.961777,51.516106],[4.962199,51.516461],[4.962674,51.516787],[4.963199,51.517083],[4.963768,51.517346],[4.964376,51.517572],[4.965016,51.517761],[4.965683,51.517909],[4.96637,51.518016],[4.96707,51.518081],[4.967778,51.518103]]]}},{"type":"Feature","properties":{"identifier":"5.169","name":"Industriegebied met risicos op zware ongevallen","restriction":"CONDITIONAL","rule":"OPEN cat. vluchten zijn hier verboden SPEC cat. vluchten vereisen een privilege op de exploitatievergunning","category":"industrie","source":"AIP Nederland ENR 5.3, ED-269, 22 juli 2024"},"geometry":{"type":"Polygon","coordinates":[[[5.660833,51.787269],[5.661545,51.787248],[5.66225,51.787183],[5.662941,51.787076],[5.663612,51.786927],[5.664256,51.786739],[5.664867,51.786512],[5.665439,51.78625],[5.665967,51.785954],[5.666446,51.785627],[5.66687,51.785273],[5.667236,51.784895],[5.667541,51.784497],[5.667781,51.784082],[5.667954,51.783654],[5.668059,51.783218],[5.668094,51.782778],[5.668059,51.782338],[5.667954,51.781902],[5.667781,51.781474],[5.667541,51.781059],[5.667236,51.78066],[5.66687,51.780282],[5.666446,51.779928],[5.665967,51.779602],[5.665439,51.779306],[5.664867,51.779043],[5.664256,51.778817],[5.663612,51.778628],[5.662941,51.77848],[5.66225,51.778373],[5.661545,51.778308],[5.660833,51.778286],[5.660122,51.778308],[5.659417,51.778373],[5.658726,51.77848],[5.658055,51.778628],[5.657411,51.778817],[5.6568,51.779043],[5.656227,51.779306],[5.655699,51.779602],[5.655221,51.779928],[5.654797,51.780282],[5.65443,51.78066],[5.654126,51.781059],[5.653886,51.781474],[5.653712,51.781902],[5.653608,51.782338],[5.653573,51.782778],[5.653608,51.783218],[5.653712,51.783654],[5.653886,51.784082],[5.654126,51.784497],[5.65443,51.784895],[5.654797,51.785273],[5.655221,51.785627],[5.655699,51.785954],[5.656227,51.78625],[5.6568,51.786512],[5.657411,51.786739],[5.658055,51.786927],[5.658726,51.787076],[5.659417,51.787183],[5.660122,51.787248],[5.660833,51.787269]]]}},{"type":"Feature","properties":{"identifier":"5.170","name":"Industriegebied met risicos op zware ongevallen","restriction":"CONDITIONAL","rule":"OPEN cat. vluchten zijn hier verboden SPEC cat. vluchten vereisen een privilege op de exploitatievergunning","category":"industrie","source":"AIP Nederland ENR 5.3, ED-269, 22 juli 2024"},"geometry":{"type":"Polygon","coordinates":[[[6.084444,51.968658],[6.085159,51.968637],[6.085867,51.968572],[6.086561,51.968465],[6.087234,51.968316],[6.087881,51.968128],[6.088494,51.967901],[6.089069,51.967639],[6.089599,51.967343],[6.090079,51.967016],[6.090506,51.966662],[6.090873,51.966284],[6.091179,51.965886],[6.09142,51.965471],[6.091594,51.965043],[6.091699,51.964607],[6.091734,51.964167],[6.091699,51.963726],[6.091594,51.96329],[6.09142,51.962863],[6.091179,51.962448],[6.090873,51.962049],[6.090506,51.961671],[6.090079,51.961317],[6.089599,51.960991],[6.089069,51.960695],[6.088494,51.960432],[6.087881,51.960205],[6.087234,51.960017],[6.086561,51.959868],[6.085867,51.959761],[6.085159,51.959697],[6.084444,51.959675],[6.08373,51.959697],[6.083022,51.959761],[6.082328,51.959868],[6.081655,51.960017],[6.081008,51.960205],[6.080395,51.960432],[6.07982,51.960695],[6.07929,51.960991],[6.078809,51.961317],[6.078383,51.961671],[6.078016,51.962049],[6.07771,51.962448],[6.077469,51.962863],[6.077295,51.96329],[6.07719,51.963726],[6.077155,51.964167],[6.07719,51.964607],[6.077295,51.965043],[6.077469,51.965471],[6.07771,51.965886],[6.078016,51.966284],[6.078383,51.966662],[6.078809,51.967016],[6.07929,51.967343],[6.07982,51.967639],[6.080395,51.967901],[6.081008,51.968128],[6.081655,51.968316],[6.082328,51.968465],[6.083022,51.968572],[6.08373,51.968637],[6.084444,51.968658]]]}},{"type":"Feature","properties":{"identifier":"5.171","name":"Industriegebied met risicos op zware ongevallen","restriction":"CONDITIONAL","rule":"OPEN cat. vluchten zijn hier verboden SPEC cat. vluchten vereisen een privilege op de exploitatievergunning","category":"industrie","source":"AIP Nederland ENR 5.3, ED-269, 22 juli 2024"},"geometry":{"type":"Polygon","coordinates":[[[5.4375,51.920047],[5.438214,51.920026],[5.438921,51.919961],[5.439614,51.919854],[5.440287,51.919705],[5.440933,51.919517],[5.441546,51.91929],[5.44212,51.919028],[5.442649,51.918732],[5.443129,51.918405],[5.443555,51.918051],[5.443922,51.917673],[5.444228,51.917274],[5.444468,51.916859],[5.444642,51.916432],[5.444747,51.915996],[5.444782,51.915556],[5.444747,51.915115],[5.444642,51.914679],[5.444468,51.914252],[5.444228,51.913837],[5.443922,51.913438],[5.443555,51.91306],[5.443129,51.912706],[5.442649,51.91238],[5.44212,51.912084],[5.441546,51.911821],[5.440933,51.911594],[5.440287,51.911406],[5.439614,51.911257],[5.438921,51.91115],[5.438214,51.911086],[5.4375,51.911064],[5.436786,51.911086],[5.436079,51.91115],[5.435386,51.911257],[5.434713,51.911406],[5.434067,51.911594],[5.433454,51.911821],[5.43288,51.912084],[5.432351,51.91238],[5.431871,51.912706],[5.431445,51.91306],[5.431078,51.913438],[5.430772,51.913837],[5.430532,51.914252],[5.430358,51.914679],[5.430253,51.915115],[5.430218,51.915556],[5.430253,51.915996],[5.430358,51.916432],[5.430532,51.916859],[5.430772,51.917274],[5.431078,51.917673],[5.431445,51.918051],[5.431871,51.918405],[5.432351,51.918732],[5.43288,51.919028],[5.433454,51.91929],[5.434067,51.919517],[5.434713,51.919705],[5.435386,51.919854],[5.436079,51.919961],[5.436786,51.920026],[5.4375,51.920047]]]}},{"type":"Feature","properties":{"identifier":"5.172","name":"Industriegebied met risicos op zware ongevallen","restriction":"CONDITIONAL","rule":"OPEN cat. vluchten zijn hier verboden SPEC cat. vluchten vereisen een privilege op de exploitatievergunning","category":"industrie","source":"AIP Nederland ENR 5.3, ED-269, 22 juli 2024"},"geometry":{"type":"Polygon","coordinates":[[[6.841111,52.22338],[6.84183,52.223359],[6.842541,52.223294],[6.843239,52.223187],[6.843917,52.223039],[6.844567,52.22285],[6.845184,52.222623],[6.845762,52.222361],[6.846295,52.222065],[6.846778,52.221738],[6.847207,52.221384],[6.847577,52.221006],[6.847884,52.220608],[6.848127,52.220193],[6.848302,52.219765],[6.848407,52.219329],[6.848443,52.218889],[6.848407,52.218449],[6.848302,52.218013],[6.848127,52.217585],[6.847884,52.21717],[6.847577,52.216772],[6.847207,52.216394],[6.846778,52.216039],[6.846295,52.215713],[6.845762,52.215417],[6.845184,52.215154],[6.844567,52.214928],[6.843917,52.214739],[6.843239,52.214591],[6.842541,52.214484],[6.84183,52.214419],[6.841111,52.214397],[6.840393,52.214419],[6.839681,52.214484],[6.838983,52.214591],[6.838305,52.214739],[6.837655,52.214928],[6.837038,52.215154],[6.83646,52.215417],[6.835927,52.215713],[6.835444,52.216039],[6.835015,52.216394],[6.834645,52.216772],[6.834338,52.21717],[6.834095,52.217585],[6.833921,52.218013],[6.833815,52.218449],[6.83378,52.218889],[6.833815,52.219329],[6.833921,52.219765],[6.834095,52.220193],[6.834338,52.220608],[6.834645,52.221006],[6.835015,52.221384],[6.835444,52.221738],[6.835927,52.222065],[6.83646,52.222361],[6.837038,52.222623],[6.837655,52.22285],[6.838305,52.223039],[6.838983,52.223187],[6.839681,52.223294],[6.840393,52.223359],[6.841111,52.22338]]]}},{"type":"Feature","properties":{"identifier":"5.173","name":"Industriegebied met risicos op zware ongevallen","restriction":"CONDITIONAL","rule":"OPEN cat. vluchten zijn hier verboden SPEC cat. vluchten vereisen een privilege op de exploitatievergunning","category":"industrie","source":"AIP Nederland ENR 5.3, ED-269, 22 juli 2024"},"geometry":{"type":"Polygon","coordinates":[[[4.318056,51.905047],[4.318769,51.905026],[4.319476,51.904961],[4.320169,51.904854],[4.320841,51.904705],[4.321487,51.904517],[4.3221,51.90429],[4.322674,51.904028],[4.323203,51.903732],[4.323683,51.903405],[4.324108,51.903051],[4.324475,51.902673],[4.324781,51.902274],[4.325021,51.901859],[4.325195,51.901432],[4.3253,51.900996],[4.325335,51.900556],[4.3253,51.900115],[4.325195,51.899679],[4.325021,51.899252],[4.324781,51.898837],[4.324475,51.898438],[4.324108,51.89806],[4.323683,51.897706],[4.323203,51.89738],[4.322674,51.897084],[4.3221,51.896821],[4.321487,51.896594],[4.320841,51.896406],[4.320169,51.896257],[4.319476,51.89615],[4.318769,51.896086],[4.318056,51.896064],[4.317342,51.896086],[4.316635,51.89615],[4.315942,51.896257],[4.31527,51.896406],[4.314624,51.896594],[4.314011,51.896821],[4.313438,51.897084],[4.312908,51.89738],[4.312429,51.897706],[4.312003,51.89806],[4.311636,51.898438],[4.31133,51.898837],[4.31109,51.899252],[4.310916,51.899679],[4.310811,51.900115],[4.310776,51.900556],[4.310811,51.900996],[4.310916,51.901432],[4.31109,51.901859],[4.31133,51.902274],[4.311636,51.902673],[4.312003,51.903051],[4.312429,51.903405],[4.312908,51.903732],[4.313438,51.904028],[4.314011,51.90429],[4.314624,51.904517],[4.31527,51.904705],[4.315942,51.904854],[4.316635,51.904961],[4.317342,51.905026],[4.318056,51.905047]]]}},{"type":"Feature","properties":{"identifier":"5.174","name":"Industriegebied met risicos op zware ongevallen","restriction":"CONDITIONAL","rule":"OPEN cat. vluchten zijn hier verboden SPEC cat. vluchten vereisen een privilege op de exploitatievergunning","category":"industrie","source":"AIP Nederland ENR 5.3, ED-269, 22 juli 2024"},"geometry":{"type":"Polygon","coordinates":[[[5.686667,53.02588],[5.687399,53.025859],[5.688123,53.025794],[5.688834,53.025687],[5.689524,53.025539],[5.690187,53.02535],[5.690815,53.025123],[5.691404,53.024861],[5.691947,53.024565],[5.692439,53.024238],[5.692875,53.023884],[5.693252,53.023506],[5.693565,53.023108],[5.693812,53.022693],[5.69399,53.022265],[5.694098,53.021829],[5.694134,53.021389],[5.694098,53.020949],[5.69399,53.020513],[5.693812,53.020085],[5.693565,53.01967],[5.693252,53.019272],[5.692875,53.018894],[5.692439,53.018539],[5.691947,53.018213],[5.691404,53.017917],[5.690815,53.017654],[5.690187,53.017428],[5.689524,53.017239],[5.688834,53.017091],[5.688123,53.016984],[5.687399,53.016919],[5.686667,53.016897],[5.685935,53.016919],[5.68521,53.016984],[5.684499,53.017091],[5.683809,53.017239],[5.683147,53.017428],[5.682518,53.017654],[5.68193,53.017917],[5.681387,53.018213],[5.680895,53.018539],[5.680458,53.018894],[5.680081,53.019272],[5.679768,53.01967],[5.679521,53.020085],[5.679343,53.020513],[5.679236,53.020949],[5.6792,53.021389],[5.679236,53.021829],[5.679343,53.022265],[5.679521,53.022693],[5.679768,53.023108],[5.680081,53.023506],[5.680458,53.023884],[5.680895,53.024238],[5.681387,53.024565],[5.68193,53.024861],[5.682518,53.025123],[5.683147,53.02535],[5.683809,53.025539],[5.684499,53.025687],[5.68521,53.025794],[5.685935,53.025859],[5.686667,53.02588]]]}},{"type":"Feature","properties":{"identifier":"5.175","name":"Industriegebied met risicos op zware ongevallen","restriction":"CONDITIONAL","rule":"OPEN cat. vluchten zijn hier verboden SPEC cat. vluchten vereisen een privilege op de exploitatievergunning","category":"industrie","source":"AIP Nederland ENR 5.3, ED-269, 22 juli 2024"},"geometry":{"type":"Polygon","coordinates":[[[6.173889,52.244769],[6.174608,52.244748],[6.17532,52.244683],[6.176018,52.244576],[6.176696,52.244427],[6.177347,52.244239],[6.177964,52.244012],[6.178542,52.24375],[6.179075,52.243454],[6.179559,52.243127],[6.179988,52.242773],[6.180358,52.242395],[6.180666,52.241997],[6.180908,52.241582],[6.181083,52.241154],[6.181189,52.240718],[6.181224,52.240278],[6.181189,52.239838],[6.181083,52.239402],[6.180908,52.238974],[6.180666,52.238559],[6.180358,52.23816],[6.179988,52.237782],[6.179559,52.237428],[6.179075,52.237102],[6.178542,52.236806],[6.177964,52.236543],[6.177347,52.236317],[6.176696,52.236128],[6.176018,52.23598],[6.17532,52.235873],[6.174608,52.235808],[6.173889,52.235786],[6.17317,52.235808],[6.172458,52.235873],[6.17176,52.23598],[6.171082,52.236128],[6.170431,52.236317],[6.169814,52.236543],[6.169236,52.236806],[6.168702,52.237102],[6.168219,52.237428],[6.16779,52.237782],[6.16742,52.23816],[6.167112,52.238559],[6.16687,52.238974],[6.166695,52.239402],[6.166589,52.239838],[6.166554,52.240278],[6.166589,52.240718],[6.166695,52.241154],[6.16687,52.241582],[6.167112,52.241997],[6.16742,52.242395],[6.16779,52.242773],[6.168219,52.243127],[6.168702,52.243454],[6.169236,52.24375],[6.169814,52.244012],[6.170431,52.244239],[6.171082,52.244427],[6.17176,52.244576],[6.172458,52.244683],[6.17317,52.244748],[6.173889,52.244769]]]}},{"type":"Feature","properties":{"identifier":"5.176","name":"Industriegebied met risicos op zware ongevallen","restriction":"CONDITIONAL","rule":"OPEN cat. vluchten zijn hier verboden SPEC cat. vluchten vereisen een privilege op de exploitatievergunning","category":"industrie","source":"AIP Nederland ENR 5.3, ED-269, 22 juli 2024"},"geometry":{"type":"Polygon","coordinates":[[[6.063611,51.161714],[6.064313,51.161692],[6.065008,51.161627],[6.06569,51.16152],[6.066352,51.161372],[6.066987,51.161183],[6.06759,51.160957],[6.068154,51.160694],[6.068675,51.160398],[6.069147,51.160072],[6.069566,51.159718],[6.069927,51.15934],[6.070227,51.158941],[6.070464,51.158526],[6.070635,51.158098],[6.070738,51.157662],[6.070773,51.157222],[6.070738,51.156782],[6.070635,51.156346],[6.070464,51.155918],[6.070227,51.155503],[6.069927,51.155105],[6.069566,51.154727],[6.069147,51.154373],[6.068675,51.154046],[6.068154,51.15375],[6.06759,51.153488],[6.066987,51.153261],[6.066352,51.153073],[6.06569,51.152924],[6.065008,51.152817],[6.064313,51.152752],[6.063611,51.152731],[6.062909,51.152752],[6.062214,51.152817],[6.061532,51.152924],[6.060871,51.153073],[6.060235,51.153261],[6.059632,51.153488],[6.059068,51.15375],[6.058547,51.154046],[6.058075,51.154373],[6.057657,51.154727],[6.057295,51.155105],[6.056995,51.155503],[6.056758,51.155918],[6.056587,51.156346],[6.056484,51.156782],[6.05645,51.157222],[6.056484,51.157662],[6.056587,51.158098],[6.056758,51.158526],[6.056995,51.158941],[6.057295,51.15934],[6.057657,51.159718],[6.058075,51.160072],[6.058547,51.160398],[6.059068,51.160694],[6.059632,51.160957],[6.060235,51.161183],[6.060871,51.161372],[6.061532,51.16152],[6.062214,51.161627],[6.062909,51.161692],[6.063611,51.161714]]]}},{"type":"Feature","properties":{"identifier":"5.177","name":"Industriegebied met risicos op zware ongevallen","restriction":"CONDITIONAL","rule":"OPEN cat. vluchten zijn hier verboden SPEC cat. vluchten vereisen een privilege op de exploitatievergunning","category":"industrie","source":"AIP Nederland ENR 5.3, ED-269, 22 juli 2024"},"geometry":{"type":"Polygon","coordinates":[[[6.790278,52.250047],[6.790997,52.250026],[6.791709,52.249961],[6.792407,52.249854],[6.793085,52.249705],[6.793736,52.249517],[6.794353,52.24929],[6.794932,52.249028],[6.795465,52.248732],[6.795948,52.248405],[6.796377,52.248051],[6.796747,52.247673],[6.797055,52.247274],[6.797298,52.246859],[6.797473,52.246432],[6.797578,52.245996],[6.797614,52.245556],[6.797578,52.245115],[6.797473,52.244679],[6.797298,52.244252],[6.797055,52.243837],[6.796747,52.243438],[6.796377,52.24306],[6.795948,52.242706],[6.795465,52.24238],[6.794932,52.242084],[6.794353,52.241821],[6.793736,52.241594],[6.793085,52.241406],[6.792407,52.241257],[6.791709,52.24115],[6.790997,52.241086],[6.790278,52.241064],[6.789559,52.241086],[6.788847,52.24115],[6.788148,52.241257],[6.78747,52.241406],[6.78682,52.241594],[6.786202,52.241821],[6.785624,52.242084],[6.785091,52.24238],[6.784607,52.242706],[6.784178,52.24306],[6.783808,52.243438],[6.7835,52.243837],[6.783258,52.244252],[6.783083,52.244679],[6.782977,52.245115],[6.782942,52.245556],[6.782977,52.245996],[6.783083,52.246432],[6.783258,52.246859],[6.7835,52.247274],[6.783808,52.247673],[6.784178,52.248051],[6.784607,52.248405],[6.785091,52.248732],[6.785624,52.249028],[6.786202,52.24929],[6.78682,52.249517],[6.78747,52.249705],[6.788148,52.249854],[6.788847,52.249961],[6.789559,52.250026],[6.790278,52.250047]]]}},{"type":"Feature","properties":{"identifier":"5.178","name":"Industriegebied met risicos op zware ongevallen","restriction":"CONDITIONAL","rule":"OPEN cat. vluchten zijn hier verboden SPEC cat. vluchten vereisen een privilege op de exploitatievergunning","category":"industrie","source":"AIP Nederland ENR 5.3, ED-269, 22 juli 2024"},"geometry":{"type":"Polygon","coordinates":[[[6.550833,53.205603],[6.551568,53.205581],[6.552296,53.205516],[6.55301,53.205409],[6.553703,53.205261],[6.554368,53.205072],[6.554999,53.204846],[6.55559,53.204583],[6.556135,53.204287],[6.55663,53.203961],[6.557068,53.203606],[6.557446,53.203228],[6.557761,53.20283],[6.558009,53.202415],[6.558188,53.201987],[6.558296,53.201551],[6.558332,53.201111],[6.558296,53.200671],[6.558188,53.200235],[6.558009,53.199807],[6.557761,53.199392],[6.557446,53.198994],[6.557068,53.198616],[6.55663,53.198262],[6.556135,53.197935],[6.55559,53.197639],[6.554999,53.197377],[6.554368,53.19715],[6.553703,53.196961],[6.55301,53.196813],[6.552296,53.196706],[6.551568,53.196641],[6.550833,53.19662],[6.550098,53.196641],[6.54937,53.196706],[6.548657,53.196813],[6.547964,53.196961],[6.547299,53.19715],[6.546667,53.197377],[6.546076,53.197639],[6.545531,53.197935],[6.545037,53.198262],[6.544599,53.198616],[6.54422,53.198994],[6.543906,53.199392],[6.543658,53.199807],[6.543479,53.200235],[6.543371,53.200671],[6.543335,53.201111],[6.543371,53.201551],[6.543479,53.201987],[6.543658,53.202415],[6.543906,53.20283],[6.54422,53.203228],[6.544599,53.203606],[6.545037,53.203961],[6.545531,53.204287],[6.546076,53.204583],[6.546667,53.204846],[6.547299,53.205072],[6.547964,53.205261],[6.548657,53.205409],[6.54937,53.205516],[6.550098,53.205581],[6.550833,53.205603]]]}},{"type":"Feature","properties":{"identifier":"5.179","name":"Industriegebied met risicos op zware ongevallen","restriction":"CONDITIONAL","rule":"OPEN cat. vluchten zijn hier verboden SPEC cat. vluchten vereisen een privilege op de exploitatievergunning","category":"industrie","source":"AIP Nederland ENR 5.3, ED-269, 22 juli 2024"},"geometry":{"type":"Polygon","coordinates":[[[5.817222,51.829214],[5.817935,51.829192],[5.81864,51.829127],[5.819332,51.82902],[5.820003,51.828872],[5.820648,51.828683],[5.82126,51.828457],[5.821832,51.828194],[5.822361,51.827898],[5.82284,51.827572],[5.823265,51.827218],[5.823631,51.82684],[5.823936,51.826441],[5.824176,51.826026],[5.82435,51.825598],[5.824454,51.825162],[5.824489,51.824722],[5.824454,51.824282],[5.82435,51.823846],[5.824176,51.823418],[5.823936,51.823003],[5.823631,51.822605],[5.823265,51.822227],[5.82284,51.821873],[5.822361,51.821546],[5.821832,51.82125],[5.82126,51.820988],[5.820648,51.820761],[5.820003,51.820573],[5.819332,51.820424],[5.81864,51.820317],[5.817935,51.820252],[5.817222,51.820231],[5.81651,51.820252],[5.815804,51.820317],[5.815113,51.820424],[5.814441,51.820573],[5.813797,51.820761],[5.813185,51.820988],[5.812612,51.82125],[5.812084,51.821546],[5.811605,51.821873],[5.81118,51.822227],[5.810813,51.822605],[5.810508,51.823003],[5.810268,51.823418],[5.810095,51.823846],[5.80999,51.824282],[5.809955,51.824722],[5.80999,51.825162],[5.810095,51.825598],[5.810268,51.826026],[5.810508,51.826441],[5.810813,51.82684],[5.81118,51.827218],[5.811605,51.827572],[5.812084,51.827898],[5.812612,51.828194],[5.813185,51.828457],[5.813797,51.828683],[5.814441,51.828872],[5.815113,51.82902],[5.815804,51.829127],[5.81651,51.829192],[5.817222,51.829214]]]}},{"type":"Feature","properties":{"identifier":"5.180","name":"Industriegebied met risicos op zware ongevallen","restriction":"CONDITIONAL","rule":"OPEN cat. vluchten zijn hier verboden SPEC cat. vluchten vereisen een privilege op de exploitatievergunning","category":"industrie","source":"AIP Nederland ENR 5.3, ED-269, 22 juli 2024"},"geometry":{"type":"Polygon","coordinates":[[[5.597778,51.24088],[5.598481,51.240859],[5.599177,51.240794],[5.59986,51.240687],[5.600523,51.240539],[5.601159,51.24035],[5.601763,51.240123],[5.602329,51.239861],[5.60285,51.239565],[5.603323,51.239238],[5.603743,51.238884],[5.604105,51.238506],[5.604406,51.238108],[5.604643,51.237693],[5.604814,51.237265],[5.604917,51.236829],[5.604952,51.236389],[5.604917,51.235949],[5.604814,51.235513],[5.604643,51.235085],[5.604406,51.23467],[5.604105,51.234272],[5.603743,51.233894],[5.603323,51.233539],[5.60285,51.233213],[5.602329,51.232917],[5.601763,51.232654],[5.601159,51.232428],[5.600523,51.232239],[5.59986,51.232091],[5.599177,51.231984],[5.598481,51.231919],[5.597778,51.231897],[5.597075,51.231919],[5.596378,51.231984],[5.595695,51.232091],[5.595032,51.232239],[5.594396,51.232428],[5.593792,51.232654],[5.593227,51.232917],[5.592705,51.233213],[5.592232,51.233539],[5.591813,51.233894],[5.591451,51.234272],[5.59115,51.23467],[5.590913,51.235085],[5.590742,51.235513],[5.590639,51.235949],[5.590604,51.236389],[5.590639,51.236829],[5.590742,51.237265],[5.590913,51.237693],[5.59115,51.238108],[5.591451,51.238506],[5.591813,51.238884],[5.592232,51.239238],[5.592705,51.239565],[5.593227,51.239861],[5.593792,51.240123],[5.594396,51.24035],[5.595032,51.240539],[5.595695,51.240687],[5.596378,51.240794],[5.597075,51.240859],[5.597778,51.24088]]]}},{"type":"Feature","properties":{"identifier":"5.181","name":"Industriegebied met risicos op zware ongevallen","restriction":"CONDITIONAL","rule":"OPEN cat. vluchten zijn hier verboden SPEC cat. vluchten vereisen een privilege op de exploitatievergunning","category":"industrie","source":"AIP Nederland ENR 5.3, ED-269, 22 juli 2024"},"geometry":{"type":"Polygon","coordinates":[[[4.269722,51.502825],[4.270429,51.502803],[4.27113,51.502739],[4.271817,51.502632],[4.272483,51.502483],[4.273123,51.502295],[4.273731,51.502068],[4.274299,51.501805],[4.274824,51.501509],[4.275299,51.501183],[4.275721,51.500829],[4.276085,51.500451],[4.276388,51.500052],[4.276626,51.499637],[4.276799,51.49921],[4.276902,51.498774],[4.276937,51.498333],[4.276902,51.497893],[4.276799,51.497457],[4.276626,51.497029],[4.276388,51.496614],[4.276085,51.496216],[4.275721,51.495838],[4.275299,51.495484],[4.274824,51.495157],[4.274299,51.494861],[4.273731,51.494599],[4.273123,51.494372],[4.272483,51.494184],[4.271817,51.494035],[4.27113,51.493928],[4.270429,51.493863],[4.269722,51.493842],[4.269015,51.493863],[4.268315,51.493928],[4.267628,51.494035],[4.266961,51.494184],[4.266321,51.494372],[4.265714,51.494599],[4.265145,51.494861],[4.26462,51.495157],[4.264145,51.495484],[4.263723,51.495838],[4.263359,51.496216],[4.263056,51.496614],[4.262818,51.497029],[4.262646,51.497457],[4.262542,51.497893],[4.262507,51.498333],[4.262542,51.498774],[4.262646,51.49921],[4.262818,51.499637],[4.263056,51.500052],[4.263359,51.500451],[4.263723,51.500829],[4.264145,51.501183],[4.26462,51.501509],[4.265145,51.501805],[4.265714,51.502068],[4.266321,51.502295],[4.266961,51.502483],[4.267628,51.502632],[4.268315,51.502739],[4.269015,51.502803],[4.269722,51.502825]]]}},{"type":"Feature","properties":{"identifier":"5.182","name":"Industriegebied met risicos op zware ongevallen","restriction":"CONDITIONAL","rule":"OPEN cat. vluchten zijn hier verboden SPEC cat. vluchten vereisen een privilege op de exploitatievergunning","category":"industrie","source":"AIP Nederland ENR 5.3, ED-269, 22 juli 2024"},"geometry":{"type":"Polygon","coordinates":[[[5.851111,51.755603],[5.851822,51.755581],[5.852527,51.755516],[5.853217,51.755409],[5.853888,51.755261],[5.854531,51.755072],[5.855142,51.754846],[5.855714,51.754583],[5.856241,51.754287],[5.85672,51.753961],[5.857144,51.753606],[5.85751,51.753228],[5.857814,51.75283],[5.858054,51.752415],[5.858227,51.751987],[5.858331,51.751551],[5.858366,51.751111],[5.858331,51.750671],[5.858227,51.750235],[5.858054,51.749807],[5.857814,51.749392],[5.85751,51.748994],[5.857144,51.748616],[5.85672,51.748262],[5.856241,51.747935],[5.855714,51.747639],[5.855142,51.747377],[5.854531,51.74715],[5.853888,51.746961],[5.853217,51.746813],[5.852527,51.746706],[5.851822,51.746641],[5.851111,51.74662],[5.8504,51.746641],[5.849696,51.746706],[5.849005,51.746813],[5.848335,51.746961],[5.847691,51.74715],[5.84708,51.747377],[5.846508,51.747639],[5.845981,51.747935],[5.845503,51.748262],[5.845079,51.748616],[5.844713,51.748994],[5.844408,51.749392],[5.844168,51.749807],[5.843995,51.750235],[5.843891,51.750671],[5.843856,51.751111],[5.843891,51.751551],[5.843995,51.751987],[5.844168,51.752415],[5.844408,51.75283],[5.844713,51.753228],[5.845079,51.753606],[5.845503,51.753961],[5.845981,51.754287],[5.846508,51.754583],[5.84708,51.754846],[5.847691,51.755072],[5.848335,51.755261],[5.849005,51.755409],[5.849696,51.755516],[5.8504,51.755581],[5.851111,51.755603]]]}},{"type":"Feature","properties":{"identifier":"5.183","name":"Industriegebied met risicos op zware ongevallen","restriction":"CONDITIONAL","rule":"OPEN cat. vluchten zijn hier verboden SPEC cat. vluchten vereisen een privilege op de exploitatievergunning","category":"industrie","source":"AIP Nederland ENR 5.3, ED-269, 22 juli 2024"},"geometry":{"type":"Polygon","coordinates":[[[5.282778,51.707825],[5.283488,51.707803],[5.284192,51.707739],[5.284882,51.707632],[5.285551,51.707483],[5.286194,51.707295],[5.286804,51.707068],[5.287376,51.706805],[5.287903,51.706509],[5.28838,51.706183],[5.288804,51.705829],[5.28917,51.705451],[5.289474,51.705052],[5.289713,51.704637],[5.289886,51.70421],[5.28999,51.703774],[5.290025,51.703333],[5.28999,51.702893],[5.289886,51.702457],[5.289713,51.702029],[5.289474,51.701614],[5.28917,51.701216],[5.288804,51.700838],[5.28838,51.700484],[5.287903,51.700157],[5.287376,51.699861],[5.286804,51.699599],[5.286194,51.699372],[5.285551,51.699184],[5.284882,51.699035],[5.284192,51.698928],[5.283488,51.698863],[5.282778,51.698842],[5.282067,51.698863],[5.281364,51.698928],[5.280674,51.699035],[5.280004,51.699184],[5.279361,51.699372],[5.278751,51.699599],[5.27818,51.699861],[5.277653,51.700157],[5.277175,51.700484],[5.276752,51.700838],[5.276386,51.701216],[5.276082,51.701614],[5.275842,51.702029],[5.275669,51.702457],[5.275565,51.702893],[5.27553,51.703333],[5.275565,51.703774],[5.275669,51.70421],[5.275842,51.704637],[5.276082,51.705052],[5.276386,51.705451],[5.276752,51.705829],[5.277175,51.706183],[5.277653,51.706509],[5.27818,51.706805],[5.278751,51.707068],[5.279361,51.707295],[5.280004,51.707483],[5.280674,51.707632],[5.281364,51.707739],[5.282067,51.707803],[5.282778,51.707825]]]}},{"type":"Feature","properties":{"identifier":"5.184","name":"Industriegebied met risicos op zware ongevallen","restriction":"CONDITIONAL","rule":"OPEN cat. vluchten zijn hier verboden SPEC cat. vluchten vereisen een privilege op de exploitatievergunning","category":"industrie","source":"AIP Nederland ENR 5.3, ED-269, 22 juli 2024"},"geometry":{"type":"Polygon","coordinates":[[[4.838056,51.667825],[4.838765,51.667803],[4.839468,51.667739],[4.840158,51.667632],[4.840827,51.667483],[4.841469,51.667295],[4.842079,51.667068],[4.842649,51.666805],[4.843176,51.666509],[4.843653,51.666183],[4.844076,51.665829],[4.844442,51.665451],[4.844746,51.665052],[4.844985,51.664637],[4.845158,51.66421],[4.845262,51.663774],[4.845297,51.663333],[4.845262,51.662893],[4.845158,51.662457],[4.844985,51.662029],[4.844746,51.661614],[4.844442,51.661216],[4.844076,51.660838],[4.843653,51.660484],[4.843176,51.660157],[4.842649,51.659861],[4.842079,51.659599],[4.841469,51.659372],[4.840827,51.659184],[4.840158,51.659035],[4.839468,51.658928],[4.838765,51.658863],[4.838056,51.658842],[4.837346,51.658863],[4.836643,51.658928],[4.835954,51.659035],[4.835284,51.659184],[4.834642,51.659372],[4.834033,51.659599],[4.833462,51.659861],[4.832935,51.660157],[4.832458,51.660484],[4.832035,51.660838],[4.831669,51.661216],[4.831366,51.661614],[4.831126,51.662029],[4.830953,51.662457],[4.830849,51.662893],[4.830814,51.663333],[4.830849,51.663774],[4.830953,51.66421],[4.831126,51.664637],[4.831366,51.665052],[4.831669,51.665451],[4.832035,51.665829],[4.832458,51.666183],[4.832935,51.666509],[4.833462,51.666805],[4.834033,51.667068],[4.834642,51.667295],[4.835284,51.667483],[4.835954,51.667632],[4.836643,51.667739],[4.837346,51.667803],[4.838056,51.667825]]]}},{"type":"Feature","properties":{"identifier":"5.185","name":"Industriegebied met risicos op zware ongevallen","restriction":"CONDITIONAL","rule":"OPEN cat. vluchten zijn hier verboden SPEC cat. vluchten vereisen een privilege op de exploitatievergunning","category":"industrie","source":"AIP Nederland ENR 5.3, ED-269, 22 juli 2024"},"geometry":{"type":"Polygon","coordinates":[[[6.614167,52.373103],[6.614888,52.373081],[6.615602,52.373016],[6.616302,52.372909],[6.616982,52.372761],[6.617634,52.372572],[6.618254,52.372346],[6.618833,52.372083],[6.619368,52.371787],[6.619853,52.371461],[6.620283,52.371106],[6.620654,52.370728],[6.620963,52.37033],[6.621206,52.369915],[6.621382,52.369487],[6.621488,52.369051],[6.621523,52.368611],[6.621488,52.368171],[6.621382,52.367735],[6.621206,52.367307],[6.620963,52.366892],[6.620654,52.366494],[6.620283,52.366116],[6.619853,52.365762],[6.619368,52.365435],[6.618833,52.365139],[6.618254,52.364877],[6.617634,52.36465],[6.616982,52.364461],[6.616302,52.364313],[6.615602,52.364206],[6.614888,52.364141],[6.614167,52.36412],[6.613446,52.364141],[6.612732,52.364206],[6.612031,52.364313],[6.611352,52.364461],[6.610699,52.36465],[6.61008,52.364877],[6.6095,52.365139],[6.608965,52.365435],[6.60848,52.365762],[6.60805,52.366116],[6.607679,52.366494],[6.60737,52.366892],[6.607127,52.367307],[6.606952,52.367735],[6.606846,52.368171],[6.60681,52.368611],[6.606846,52.369051],[6.606952,52.369487],[6.607127,52.369915],[6.60737,52.37033],[6.607679,52.370728],[6.60805,52.371106],[6.60848,52.371461],[6.608965,52.371787],[6.6095,52.372083],[6.61008,52.372346],[6.610699,52.372572],[6.611352,52.372761],[6.612031,52.372909],[6.612732,52.373016],[6.613446,52.373081],[6.614167,52.373103]]]}},{"type":"Feature","properties":{"identifier":"5.186","name":"Industriegebied met risicos op zware ongevallen","restriction":"CONDITIONAL","rule":"OPEN cat. vluchten zijn hier verboden SPEC cat. vluchten vereisen een privilege op de exploitatievergunning","category":"industrie","source":"AIP Nederland ENR 5.3, ED-269, 22 juli 2024"},"geometry":{"type":"Polygon","coordinates":[[[6.716389,53.176714],[6.717123,53.176692],[6.717851,53.176627],[6.718564,53.17652],[6.719256,53.176372],[6.719921,53.176183],[6.720552,53.175957],[6.721143,53.175694],[6.721687,53.175398],[6.722181,53.175072],[6.722619,53.174718],[6.722997,53.17434],[6.723312,53.173941],[6.72356,53.173526],[6.723738,53.173098],[6.723846,53.172662],[6.723882,53.172222],[6.723846,53.171782],[6.723738,53.171346],[6.72356,53.170918],[6.723312,53.170503],[6.722997,53.170105],[6.722619,53.169727],[6.722181,53.169373],[6.721687,53.169046],[6.721143,53.16875],[6.720552,53.168488],[6.719921,53.168261],[6.719256,53.168073],[6.718564,53.167924],[6.717851,53.167817],[6.717123,53.167752],[6.716389,53.167731],[6.715654,53.167752],[6.714927,53.167817],[6.714214,53.167924],[6.713521,53.168073],[6.712857,53.168261],[6.712226,53.168488],[6.711635,53.16875],[6.71109,53.169046],[6.710596,53.169373],[6.710158,53.169727],[6.70978,53.170105],[6.709466,53.170503],[6.709218,53.170918],[6.70904,53.171346],[6.708932,53.171782],[6.708896,53.172222],[6.708932,53.172662],[6.70904,53.173098],[6.709218,53.173526],[6.709466,53.173941],[6.70978,53.17434],[6.710158,53.174718],[6.710596,53.175072],[6.71109,53.175398],[6.711635,53.175694],[6.712226,53.175957],[6.712857,53.176183],[6.713521,53.176372],[6.714214,53.17652],[6.714927,53.176627],[6.715654,53.176692],[6.716389,53.176714]]]}},{"type":"Feature","properties":{"identifier":"5.187","name":"Industriegebied met risicos op zware ongevallen","restriction":"CONDITIONAL","rule":"OPEN cat. vluchten zijn hier verboden SPEC cat. vluchten vereisen een privilege op de exploitatievergunning","category":"industrie","source":"AIP Nederland ENR 5.3, ED-269, 22 juli 2024"},"geometry":{"type":"Polygon","coordinates":[[[5.610833,51.341436],[5.611538,51.341414],[5.612236,51.34135],[5.61292,51.341243],[5.613585,51.341094],[5.614222,51.340906],[5.614828,51.340679],[5.615394,51.340416],[5.615917,51.34012],[5.616391,51.339794],[5.616811,51.33944],[5.617174,51.339062],[5.617476,51.338663],[5.617713,51.338248],[5.617885,51.337821],[5.617988,51.337385],[5.618023,51.336944],[5.617988,51.336504],[5.617885,51.336068],[5.617713,51.335641],[5.617476,51.335226],[5.617174,51.334827],[5.616811,51.334449],[5.616391,51.334095],[5.615917,51.333768],[5.615394,51.333472],[5.614828,51.33321],[5.614222,51.332983],[5.613585,51.332795],[5.61292,51.332646],[5.612236,51.332539],[5.611538,51.332474],[5.610833,51.332453],[5.610129,51.332474],[5.609431,51.332539],[5.608746,51.332646],[5.608082,51.332795],[5.607444,51.332983],[5.606839,51.33321],[5.606272,51.333472],[5.60575,51.333768],[5.605276,51.334095],[5.604855,51.334449],[5.604493,51.334827],[5.604191,51.335226],[5.603953,51.335641],[5.603782,51.336068],[5.603678,51.336504],[5.603644,51.336944],[5.603678,51.337385],[5.603782,51.337821],[5.603953,51.338248],[5.604191,51.338663],[5.604493,51.339062],[5.604855,51.33944],[5.605276,51.339794],[5.60575,51.34012],[5.606272,51.340416],[5.606839,51.340679],[5.607444,51.340906],[5.608082,51.341094],[5.608746,51.341243],[5.609431,51.34135],[5.610129,51.341414],[5.610833,51.341436]]]}},{"type":"Feature","properties":{"identifier":"5.188","name":"Industriegebied met risicos op zware ongevallen","restriction":"CONDITIONAL","rule":"OPEN cat. vluchten zijn hier verboden SPEC cat. vluchten vereisen een privilege op de exploitatievergunning","category":"industrie","source":"AIP Nederland ENR 5.3, ED-269, 22 juli 2024"},"geometry":{"type":"Polygon","coordinates":[[[5.262222,51.716158],[5.262933,51.716137],[5.263636,51.716072],[5.264326,51.715965],[5.264996,51.715816],[5.265639,51.715628],[5.26625,51.715401],[5.266821,51.715139],[5.267348,51.714843],[5.267826,51.714516],[5.268249,51.714162],[5.268615,51.713784],[5.268919,51.713386],[5.269159,51.712971],[5.269332,51.712543],[5.269436,51.712107],[5.269471,51.711667],[5.269436,51.711226],[5.269332,51.71079],[5.269159,51.710363],[5.268919,51.709948],[5.268615,51.709549],[5.268249,51.709171],[5.267826,51.708817],[5.267348,51.708491],[5.266821,51.708195],[5.26625,51.707932],[5.265639,51.707705],[5.264996,51.707517],[5.264326,51.707368],[5.263636,51.707261],[5.262933,51.707197],[5.262222,51.707175],[5.261512,51.707197],[5.260808,51.707261],[5.260118,51.707368],[5.259448,51.707517],[5.258805,51.707705],[5.258195,51.707932],[5.257624,51.708195],[5.257096,51.708491],[5.256619,51.708817],[5.256195,51.709171],[5.255829,51.709549],[5.255525,51.709948],[5.255285,51.710363],[5.255113,51.71079],[5.255008,51.711226],[5.254973,51.711667],[5.255008,51.712107],[5.255113,51.712543],[5.255285,51.712971],[5.255525,51.713386],[5.255829,51.713784],[5.256195,51.714162],[5.256619,51.714516],[5.257096,51.714843],[5.257624,51.715139],[5.258195,51.715401],[5.258805,51.715628],[5.259448,51.715816],[5.260118,51.715965],[5.260808,51.716072],[5.261512,51.716137],[5.262222,51.716158]]]}},{"type":"Feature","properties":{"identifier":"5.189","name":"Industriegebied met risicos op zware ongevallen","restriction":"CONDITIONAL","rule":"OPEN cat. vluchten zijn hier verboden SPEC cat. vluchten vereisen een privilege op de exploitatievergunning","category":"industrie","source":"AIP Nederland ENR 5.3, ED-269, 22 juli 2024"},"geometry":{"type":"Polygon","coordinates":[[[5.410833,51.886992],[5.411547,51.88697],[5.412253,51.886905],[5.412946,51.886798],[5.413618,51.88665],[5.414263,51.886461],[5.414876,51.886235],[5.415449,51.885972],[5.415979,51.885676],[5.416458,51.885349],[5.416883,51.884995],[5.417251,51.884617],[5.417556,51.884219],[5.417796,51.883804],[5.41797,51.883376],[5.418075,51.88294],[5.41811,51.8825],[5.418075,51.88206],[5.41797,51.881624],[5.417796,51.881196],[5.417556,51.880781],[5.417251,51.880383],[5.416883,51.880005],[5.416458,51.879651],[5.415979,51.879324],[5.415449,51.879028],[5.414876,51.878765],[5.414263,51.878539],[5.413618,51.87835],[5.412946,51.878202],[5.412253,51.878095],[5.411547,51.87803],[5.410833,51.878008],[5.41012,51.87803],[5.409414,51.878095],[5.408721,51.878202],[5.408049,51.87835],[5.407403,51.878539],[5.406791,51.878765],[5.406217,51.879028],[5.405688,51.879324],[5.405209,51.879651],[5.404783,51.880005],[5.404416,51.880383],[5.404111,51.880781],[5.40387,51.881196],[5.403697,51.881624],[5.403592,51.88206],[5.403557,51.8825],[5.403592,51.88294],[5.403697,51.883376],[5.40387,51.883804],[5.404111,51.884219],[5.404416,51.884617],[5.404783,51.884995],[5.405209,51.885349],[5.405688,51.885676],[5.406217,51.885972],[5.406791,51.886235],[5.407403,51.886461],[5.408049,51.88665],[5.408721,51.886798],[5.409414,51.886905],[5.41012,51.88697],[5.410833,51.886992]]]}},{"type":"Feature","properties":{"identifier":"5.190","name":"Industriegebied met risicos op zware ongevallen","restriction":"CONDITIONAL","rule":"OPEN cat. vluchten zijn hier verboden SPEC cat. vluchten vereisen een privilege op de exploitatievergunning","category":"industrie","source":"AIP Nederland ENR 5.3, ED-269, 22 juli 2024"},"geometry":{"type":"Polygon","coordinates":[[[5.750556,52.698658],[5.751282,52.698637],[5.752001,52.698572],[5.752707,52.698465],[5.753392,52.698316],[5.754049,52.698128],[5.754673,52.697901],[5.755257,52.697639],[5.755796,52.697343],[5.756284,52.697016],[5.756718,52.696662],[5.757091,52.696284],[5.757402,52.695886],[5.757647,52.695471],[5.757824,52.695043],[5.757931,52.694607],[5.757967,52.694167],[5.757931,52.693726],[5.757824,52.69329],[5.757647,52.692863],[5.757402,52.692448],[5.757091,52.692049],[5.756718,52.691671],[5.756284,52.691317],[5.755796,52.690991],[5.755257,52.690695],[5.754673,52.690432],[5.754049,52.690205],[5.753392,52.690017],[5.752707,52.689868],[5.752001,52.689761],[5.751282,52.689697],[5.750556,52.689675],[5.749829,52.689697],[5.74911,52.689761],[5.748404,52.689868],[5.747719,52.690017],[5.747062,52.690205],[5.746438,52.690432],[5.745854,52.690695],[5.745315,52.690991],[5.744827,52.691317],[5.744394,52.691671],[5.74402,52.692049],[5.743709,52.692448],[5.743464,52.692863],[5.743287,52.69329],[5.74318,52.693726],[5.743145,52.694167],[5.74318,52.694607],[5.743287,52.695043],[5.743464,52.695471],[5.743709,52.695886],[5.74402,52.696284],[5.744394,52.696662],[5.744827,52.697016],[5.745315,52.697343],[5.745854,52.697639],[5.746438,52.697901],[5.747062,52.698128],[5.747719,52.698316],[5.748404,52.698465],[5.74911,52.698572],[5.749829,52.698637],[5.750556,52.698658]]]}},{"type":"Feature","properties":{"identifier":"5.191","name":"Industriegebied met risicos op zware ongevallen","restriction":"CONDITIONAL","rule":"OPEN cat. vluchten zijn hier verboden SPEC cat. vluchten vereisen een privilege op de exploitatievergunning","category":"industrie","source":"AIP Nederland ENR 5.3, ED-269, 22 juli 2024"},"geometry":{"type":"Polygon","coordinates":[[[4.322778,51.883936],[4.323491,51.883914],[4.324197,51.88385],[4.32489,51.883743],[4.325562,51.883594],[4.326208,51.883406],[4.32682,51.883179],[4.327394,51.882916],[4.327923,51.88262],[4.328402,51.882294],[4.328828,51.88194],[4.329195,51.881562],[4.3295,51.881163],[4.32974,51.880748],[4.329914,51.880321],[4.330019,51.879885],[4.330054,51.879444],[4.330019,51.879004],[4.329914,51.878568],[4.32974,51.878141],[4.3295,51.877726],[4.329195,51.877327],[4.328828,51.876949],[4.328402,51.876595],[4.327923,51.876268],[4.327394,51.875972],[4.32682,51.87571],[4.326208,51.875483],[4.325562,51.875295],[4.32489,51.875146],[4.324197,51.875039],[4.323491,51.874974],[4.322778,51.874953],[4.322065,51.874974],[4.321358,51.875039],[4.320666,51.875146],[4.319993,51.875295],[4.319348,51.875483],[4.318735,51.87571],[4.318162,51.875972],[4.317633,51.876268],[4.317153,51.876595],[4.316728,51.876949],[4.316361,51.877327],[4.316056,51.877726],[4.315815,51.878141],[4.315642,51.878568],[4.315537,51.879004],[4.315502,51.879444],[4.315537,51.879885],[4.315642,51.880321],[4.315815,51.880748],[4.316056,51.881163],[4.316361,51.881562],[4.316728,51.88194],[4.317153,51.882294],[4.317633,51.88262],[4.318162,51.882916],[4.318735,51.883179],[4.319348,51.883406],[4.319993,51.883594],[4.320666,51.883743],[4.321358,51.88385],[4.322065,51.883914],[4.322778,51.883936]]]}},{"type":"Feature","properties":{"identifier":"5.192","name":"Industriegebied met risicos op zware ongevallen","restriction":"CONDITIONAL","rule":"OPEN cat. vluchten zijn hier verboden SPEC cat. vluchten vereisen een privilege op de exploitatievergunning","category":"industrie","source":"AIP Nederland ENR 5.3, ED-269, 22 juli 2024"},"geometry":{"type":"Polygon","coordinates":[[[5.668333,51.470603],[5.66904,51.470581],[5.66974,51.470516],[5.670426,51.470409],[5.671092,51.470261],[5.671732,51.470072],[5.672339,51.469846],[5.672907,51.469583],[5.673431,51.469287],[5.673907,51.468961],[5.674328,51.468606],[5.674692,51.468228],[5.674994,51.46783],[5.675233,51.467415],[5.675405,51.466987],[5.675508,51.466551],[5.675543,51.466111],[5.675508,51.465671],[5.675405,51.465235],[5.675233,51.464807],[5.674994,51.464392],[5.674692,51.463994],[5.674328,51.463616],[5.673907,51.463262],[5.673431,51.462935],[5.672907,51.462639],[5.672339,51.462377],[5.671732,51.46215],[5.671092,51.461961],[5.670426,51.461813],[5.66974,51.461706],[5.66904,51.461641],[5.668333,51.46162],[5.667627,51.461641],[5.666927,51.461706],[5.66624,51.461813],[5.665574,51.461961],[5.664935,51.46215],[5.664328,51.462377],[5.663759,51.462639],[5.663235,51.462935],[5.66276,51.463262],[5.662339,51.463616],[5.661975,51.463994],[5.661672,51.464392],[5.661434,51.464807],[5.661262,51.465235],[5.661158,51.465671],[5.661123,51.466111],[5.661158,51.466551],[5.661262,51.466987],[5.661434,51.467415],[5.661672,51.46783],[5.661975,51.468228],[5.662339,51.468606],[5.66276,51.468961],[5.663235,51.469287],[5.663759,51.469583],[5.664328,51.469846],[5.664935,51.470072],[5.665574,51.470261],[5.66624,51.470409],[5.666927,51.470516],[5.667627,51.470581],[5.668333,51.470603]]]}},{"type":"Feature","properties":{"identifier":"5.193","name":"Industriegebied met risicos op zware ongevallen","restriction":"CONDITIONAL","rule":"OPEN cat. vluchten zijn hier verboden SPEC cat. vluchten vereisen een privilege op de exploitatievergunning","category":"industrie","source":"AIP Nederland ENR 5.3, ED-269, 22 juli 2024"},"geometry":{"type":"Polygon","coordinates":[[[5.447778,51.510047],[5.448485,51.510026],[5.449186,51.509961],[5.449872,51.509854],[5.450539,51.509705],[5.451179,51.509517],[5.451787,51.50929],[5.452356,51.509028],[5.45288,51.508732],[5.453356,51.508405],[5.453778,51.508051],[5.454142,51.507673],[5.454445,51.507274],[5.454683,51.506859],[5.454855,51.506432],[5.454959,51.505996],[5.454994,51.505556],[5.454959,51.505115],[5.454855,51.504679],[5.454683,51.504252],[5.454445,51.503837],[5.454142,51.503438],[5.453778,51.50306],[5.453356,51.502706],[5.45288,51.50238],[5.452356,51.502084],[5.451787,51.501821],[5.451179,51.501594],[5.450539,51.501406],[5.449872,51.501257],[5.449186,51.50115],[5.448485,51.501086],[5.447778,51.501064],[5.44707,51.501086],[5.44637,51.50115],[5.445683,51.501257],[5.445016,51.501406],[5.444376,51.501594],[5.443769,51.501821],[5.4432,51.502084],[5.442675,51.50238],[5.4422,51.502706],[5.441778,51.50306],[5.441414,51.503438],[5.441111,51.503837],[5.440872,51.504252],[5.4407,51.504679],[5.440596,51.505115],[5.440562,51.505556],[5.440596,51.505996],[5.4407,51.506432],[5.440872,51.506859],[5.441111,51.507274],[5.441414,51.507673],[5.441778,51.508051],[5.4422,51.508405],[5.442675,51.508732],[5.4432,51.509028],[5.443769,51.50929],[5.444376,51.509517],[5.445016,51.509705],[5.445683,51.509854],[5.44637,51.509961],[5.44707,51.510026],[5.447778,51.510047]]]}},{"type":"Feature","properties":{"identifier":"5.194","name":"Industriegebied met risicos op zware ongevallen","restriction":"CONDITIONAL","rule":"OPEN cat. vluchten zijn hier verboden SPEC cat. vluchten vereisen een privilege op de exploitatievergunning","category":"industrie","source":"AIP Nederland ENR 5.3, ED-269, 22 juli 2024"},"geometry":{"type":"Polygon","coordinates":[[[6.057222,53.11838],[6.057956,53.118359],[6.058682,53.118294],[6.059394,53.118187],[6.060086,53.118039],[6.06075,53.11785],[6.06138,53.117623],[6.061969,53.117361],[6.062514,53.117065],[6.063007,53.116738],[6.063444,53.116384],[6.063822,53.116006],[6.064136,53.115608],[6.064383,53.115193],[6.064562,53.114765],[6.064669,53.114329],[6.064705,53.113889],[6.064669,53.113449],[6.064562,53.113013],[6.064383,53.112585],[6.064136,53.11217],[6.063822,53.111772],[6.063444,53.111394],[6.063007,53.111039],[6.062514,53.110713],[6.061969,53.110417],[6.06138,53.110154],[6.06075,53.109928],[6.060086,53.109739],[6.059394,53.109591],[6.058682,53.109484],[6.057956,53.109419],[6.057222,53.109397],[6.056489,53.109419],[6.055762,53.109484],[6.05505,53.109591],[6.054359,53.109739],[6.053695,53.109928],[6.053065,53.110154],[6.052475,53.110417],[6.051931,53.110713],[6.051438,53.111039],[6.051,53.111394],[6.050623,53.111772],[6.050309,53.11217],[6.050061,53.112585],[6.049883,53.113013],[6.049775,53.113449],[6.049739,53.113889],[6.049775,53.114329],[6.049883,53.114765],[6.050061,53.115193],[6.050309,53.115608],[6.050623,53.116006],[6.051,53.116384],[6.051438,53.116738],[6.051931,53.117065],[6.052475,53.117361],[6.053065,53.117623],[6.053695,53.11785],[6.054359,53.118039],[6.05505,53.118187],[6.055762,53.118294],[6.056489,53.118359],[6.057222,53.11838]]]}},{"type":"Feature","properties":{"identifier":"5.195","name":"Industriegebied met risicos op zware ongevallen","restriction":"CONDITIONAL","rule":"OPEN cat. vluchten zijn hier verboden SPEC cat. vluchten vereisen een privilege op de exploitatievergunning","category":"industrie","source":"AIP Nederland ENR 5.3, ED-269, 22 juli 2024"},"geometry":{"type":"Polygon","coordinates":[[[6.973611,53.297825],[6.974348,53.297803],[6.975077,53.297739],[6.975792,53.297632],[6.976487,53.297483],[6.977153,53.297295],[6.977786,53.297068],[6.978378,53.296805],[6.978925,53.296509],[6.97942,53.296183],[6.979859,53.295829],[6.980238,53.295451],[6.980554,53.295052],[6.980802,53.294637],[6.980981,53.29421],[6.981089,53.293774],[6.981126,53.293333],[6.981089,53.292893],[6.980981,53.292457],[6.980802,53.292029],[6.980554,53.291614],[6.980238,53.291216],[6.979859,53.290838],[6.97942,53.290484],[6.978925,53.290157],[6.978378,53.289861],[6.977786,53.289599],[6.977153,53.289372],[6.976487,53.289184],[6.975792,53.289035],[6.975077,53.288928],[6.974348,53.288863],[6.973611,53.288842],[6.972875,53.288863],[6.972145,53.288928],[6.97143,53.289035],[6.970735,53.289184],[6.970069,53.289372],[6.969436,53.289599],[6.968844,53.289861],[6.968298,53.290157],[6.967802,53.290484],[6.967363,53.290838],[6.966984,53.291216],[6.966669,53.291614],[6.96642,53.292029],[6.966241,53.292457],[6.966133,53.292893],[6.966097,53.293333],[6.966133,53.293774],[6.966241,53.29421],[6.96642,53.294637],[6.966669,53.295052],[6.966984,53.295451],[6.967363,53.295829],[6.967802,53.296183],[6.968298,53.296509],[6.968844,53.296805],[6.969436,53.297068],[6.970069,53.297295],[6.970735,53.297483],[6.97143,53.297632],[6.972145,53.297739],[6.972875,53.297803],[6.973611,53.297825]]]}},{"type":"Feature","properties":{"identifier":"5.196","name":"Industriegebied met risicos op zware ongevallen","restriction":"CONDITIONAL","rule":"OPEN cat. vluchten zijn hier verboden SPEC cat. vluchten vereisen een privilege op de exploitatievergunning","category":"industrie","source":"AIP Nederland ENR 5.3, ED-269, 22 juli 2024"},"geometry":{"type":"Polygon","coordinates":[[[5.479722,52.238936],[5.480441,52.238914],[5.481153,52.23885],[5.481851,52.238743],[5.482529,52.238594],[5.483179,52.238406],[5.483797,52.238179],[5.484375,52.237916],[5.484908,52.23762],[5.485391,52.237294],[5.48582,52.23694],[5.48619,52.236562],[5.486498,52.236163],[5.48674,52.235748],[5.486915,52.235321],[5.487021,52.234885],[5.487056,52.234444],[5.487021,52.234004],[5.486915,52.233568],[5.48674,52.233141],[5.486498,52.232726],[5.48619,52.232327],[5.48582,52.231949],[5.485391,52.231595],[5.484908,52.231268],[5.484375,52.230972],[5.483797,52.23071],[5.483179,52.230483],[5.482529,52.230295],[5.481851,52.230146],[5.481153,52.230039],[5.480441,52.229974],[5.479722,52.229953],[5.479003,52.229974],[5.478291,52.230039],[5.477593,52.230146],[5.476916,52.230295],[5.476265,52.230483],[5.475648,52.23071],[5.47507,52.230972],[5.474536,52.231268],[5.474053,52.231595],[5.473624,52.231949],[5.473254,52.232327],[5.472946,52.232726],[5.472704,52.233141],[5.472529,52.233568],[5.472424,52.234004],[5.472388,52.234444],[5.472424,52.234885],[5.472529,52.235321],[5.472704,52.235748],[5.472946,52.236163],[5.473254,52.236562],[5.473624,52.23694],[5.474053,52.237294],[5.474536,52.23762],[5.47507,52.237916],[5.475648,52.238179],[5.476265,52.238406],[5.476916,52.238594],[5.477593,52.238743],[5.478291,52.23885],[5.479003,52.238914],[5.479722,52.238936]]]}},{"type":"Feature","properties":{"identifier":"5.197","name":"Industriegebied met risicos op zware ongevallen","restriction":"CONDITIONAL","rule":"OPEN cat. vluchten zijn hier verboden SPEC cat. vluchten vereisen een privilege op de exploitatievergunning","category":"industrie","source":"AIP Nederland ENR 5.3, ED-269, 22 juli 2024"},"geometry":{"type":"Polygon","coordinates":[[[4.46,51.556436],[4.460708,51.556414],[4.461409,51.55635],[4.462097,51.556243],[4.462764,51.556094],[4.463405,51.555906],[4.464013,51.555679],[4.464583,51.555416],[4.465108,51.55512],[4.465584,51.554794],[4.466006,51.55444],[4.466371,51.554062],[4.466674,51.553663],[4.466912,51.553248],[4.467085,51.552821],[4.467189,51.552385],[4.467223,51.551944],[4.467189,51.551504],[4.467085,51.551068],[4.466912,51.550641],[4.466674,51.550226],[4.466371,51.549827],[4.466006,51.549449],[4.465584,51.549095],[4.465108,51.548768],[4.464583,51.548472],[4.464013,51.54821],[4.463405,51.547983],[4.462764,51.547795],[4.462097,51.547646],[4.461409,51.547539],[4.460708,51.547474],[4.46,51.547453],[4.459292,51.547474],[4.458591,51.547539],[4.457903,51.547646],[4.457236,51.547795],[4.456595,51.547983],[4.455987,51.54821],[4.455417,51.548472],[4.454892,51.548768],[4.454416,51.549095],[4.453994,51.549449],[4.453629,51.549827],[4.453326,51.550226],[4.453088,51.550641],[4.452915,51.551068],[4.452811,51.551504],[4.452777,51.551944],[4.452811,51.552385],[4.452915,51.552821],[4.453088,51.553248],[4.453326,51.553663],[4.453629,51.554062],[4.453994,51.55444],[4.454416,51.554794],[4.454892,51.55512],[4.455417,51.555416],[4.455987,51.555679],[4.456595,51.555906],[4.457236,51.556094],[4.457903,51.556243],[4.458591,51.55635],[4.459292,51.556414],[4.46,51.556436]]]}},{"type":"Feature","properties":{"identifier":"5.198","name":"Industriegebied met risicos op zware ongevallen","restriction":"CONDITIONAL","rule":"OPEN cat. vluchten zijn hier verboden SPEC cat. vluchten vereisen een privilege op de exploitatievergunning","category":"industrie","source":"AIP Nederland ENR 5.3, ED-269, 22 juli 2024"},"geometry":{"type":"Polygon","coordinates":[[[3.802778,51.223936],[3.803481,51.223914],[3.804177,51.22385],[3.804859,51.223743],[3.805522,51.223594],[3.806158,51.223406],[3.806762,51.223179],[3.807327,51.222916],[3.807849,51.22262],[3.808321,51.222294],[3.80874,51.22194],[3.809102,51.221562],[3.809403,51.221163],[3.80964,51.220748],[3.809811,51.220321],[3.809914,51.219885],[3.809949,51.219444],[3.809914,51.219004],[3.809811,51.218568],[3.80964,51.218141],[3.809403,51.217726],[3.809102,51.217327],[3.80874,51.216949],[3.808321,51.216595],[3.807849,51.216268],[3.807327,51.215972],[3.806762,51.21571],[3.806158,51.215483],[3.805522,51.215295],[3.804859,51.215146],[3.804177,51.215039],[3.803481,51.214974],[3.802778,51.214953],[3.802075,51.214974],[3.801379,51.215039],[3.800696,51.215146],[3.800033,51.215295],[3.799397,51.215483],[3.798794,51.21571],[3.798228,51.215972],[3.797707,51.216268],[3.797234,51.216595],[3.796815,51.216949],[3.796453,51.217327],[3.796152,51.217726],[3.795915,51.218141],[3.795744,51.218568],[3.795641,51.219004],[3.795607,51.219444],[3.795641,51.219885],[3.795744,51.220321],[3.795915,51.220748],[3.796152,51.221163],[3.796453,51.221562],[3.796815,51.22194],[3.797234,51.222294],[3.797707,51.22262],[3.798228,51.222916],[3.798794,51.223179],[3.799397,51.223406],[3.800033,51.223594],[3.800696,51.223743],[3.801379,51.22385],[3.802075,51.223914],[3.802778,51.223936]]]}},{"type":"Feature","properties":{"identifier":"5.199","name":"Industriegebied met risicos op zware ongevallen","restriction":"CONDITIONAL","rule":"OPEN cat. vluchten zijn hier verboden SPEC cat. vluchten vereisen een privilege op de exploitatievergunning","category":"industrie","source":"AIP Nederland ENR 5.3, ED-269, 22 juli 2024"},"geometry":{"type":"Polygon","coordinates":[[[4.880833,52.216158],[4.881552,52.216137],[4.882263,52.216072],[4.882961,52.215965],[4.883638,52.215816],[4.884289,52.215628],[4.884906,52.215401],[4.885484,52.215139],[4.886017,52.214843],[4.8865,52.214516],[4.886928,52.214162],[4.887298,52.213784],[4.887606,52.213386],[4.887848,52.212971],[4.888023,52.212543],[4.888128,52.212107],[4.888164,52.211667],[4.888128,52.211226],[4.888023,52.21079],[4.887848,52.210363],[4.887606,52.209948],[4.887298,52.209549],[4.886928,52.209171],[4.8865,52.208817],[4.886017,52.208491],[4.885484,52.208195],[4.884906,52.207932],[4.884289,52.207705],[4.883638,52.207517],[4.882961,52.207368],[4.882263,52.207261],[4.881552,52.207197],[4.880833,52.207175],[4.880115,52.207197],[4.879403,52.207261],[4.878705,52.207368],[4.878028,52.207517],[4.877378,52.207705],[4.876761,52.207932],[4.876183,52.208195],[4.87565,52.208491],[4.875167,52.208817],[4.874738,52.209171],[4.874369,52.209549],[4.874061,52.209948],[4.873819,52.210363],[4.873644,52.21079],[4.873538,52.211226],[4.873503,52.211667],[4.873538,52.212107],[4.873644,52.212543],[4.873819,52.212971],[4.874061,52.213386],[4.874369,52.213784],[4.874738,52.214162],[4.875167,52.214516],[4.87565,52.214843],[4.876183,52.215139],[4.876761,52.215401],[4.877378,52.215628],[4.878028,52.215816],[4.878705,52.215965],[4.879403,52.216072],[4.880115,52.216137],[4.880833,52.216158]]]}},{"type":"Feature","properties":{"identifier":"5.200","name":"Industriegebied met risicos op zware ongevallen","restriction":"CONDITIONAL","rule":"OPEN cat. vluchten zijn hier verboden SPEC cat. vluchten vereisen een privilege op de exploitatievergunning","category":"industrie","source":"AIP Nederland ENR 5.3, ED-269, 22 juli 2024"},"geometry":{"type":"Polygon","coordinates":[[[4.253611,51.513103],[4.254318,51.513081],[4.255019,51.513016],[4.255706,51.512909],[4.256373,51.512761],[4.257013,51.512572],[4.25762,51.512346],[4.258189,51.512083],[4.258714,51.511787],[4.25919,51.511461],[4.259611,51.511106],[4.259976,51.510728],[4.260278,51.51033],[4.260517,51.509915],[4.260689,51.509487],[4.260793,51.509051],[4.260828,51.508611],[4.260793,51.508171],[4.260689,51.507735],[4.260517,51.507307],[4.260278,51.506892],[4.259976,51.506494],[4.259611,51.506116],[4.25919,51.505762],[4.258714,51.505435],[4.258189,51.505139],[4.25762,51.504877],[4.257013,51.50465],[4.256373,51.504461],[4.255706,51.504313],[4.255019,51.504206],[4.254318,51.504141],[4.253611,51.50412],[4.252904,51.504141],[4.252203,51.504206],[4.251516,51.504313],[4.250849,51.504461],[4.250209,51.50465],[4.249602,51.504877],[4.249033,51.505139],[4.248508,51.505435],[4.248033,51.505762],[4.247611,51.506116],[4.247247,51.506494],[4.246944,51.506892],[4.246705,51.507307],[4.246533,51.507735],[4.246429,51.508171],[4.246395,51.508611],[4.246429,51.509051],[4.246533,51.509487],[4.246705,51.509915],[4.246944,51.51033],[4.247247,51.510728],[4.247611,51.511106],[4.248033,51.511461],[4.248508,51.511787],[4.249033,51.512083],[4.249602,51.512346],[4.250209,51.512572],[4.250849,51.512761],[4.251516,51.512909],[4.252203,51.513016],[4.252904,51.513081],[4.253611,51.513103]]]}},{"type":"Feature","properties":{"identifier":"5.201","name":"Industriegebied met risicos op zware ongevallen","restriction":"CONDITIONAL","rule":"OPEN cat. vluchten zijn hier verboden SPEC cat. vluchten vereisen een privilege op de exploitatievergunning","category":"industrie","source":"AIP Nederland ENR 5.3, ED-269, 22 juli 2024"},"geometry":{"type":"Polygon","coordinates":[[[5.260833,51.800603],[5.261545,51.800581],[5.26225,51.800516],[5.262942,51.800409],[5.263613,51.800261],[5.264257,51.800072],[5.264868,51.799846],[5.265441,51.799583],[5.265969,51.799287],[5.266447,51.798961],[5.266872,51.798606],[5.267238,51.798228],[5.267543,51.79783],[5.267783,51.797415],[5.267956,51.796987],[5.268061,51.796551],[5.268096,51.796111],[5.268061,51.795671],[5.267956,51.795235],[5.267783,51.794807],[5.267543,51.794392],[5.267238,51.793994],[5.266872,51.793616],[5.266447,51.793262],[5.265969,51.792935],[5.265441,51.792639],[5.264868,51.792377],[5.264257,51.79215],[5.263613,51.791961],[5.262942,51.791813],[5.26225,51.791706],[5.261545,51.791641],[5.260833,51.79162],[5.260121,51.791641],[5.259416,51.791706],[5.258725,51.791813],[5.258054,51.791961],[5.25741,51.79215],[5.256799,51.792377],[5.256226,51.792639],[5.255698,51.792935],[5.255219,51.793262],[5.254795,51.793616],[5.254428,51.793994],[5.254124,51.794392],[5.253884,51.794807],[5.25371,51.795235],[5.253606,51.795671],[5.253571,51.796111],[5.253606,51.796551],[5.25371,51.796987],[5.253884,51.797415],[5.254124,51.79783],[5.254428,51.798228],[5.254795,51.798606],[5.255219,51.798961],[5.255698,51.799287],[5.256226,51.799583],[5.256799,51.799846],[5.25741,51.800072],[5.258054,51.800261],[5.258725,51.800409],[5.259416,51.800516],[5.260121,51.800581],[5.260833,51.800603]]]}},{"type":"Feature","properties":{"identifier":"5.202","name":"Industriegebied met risicos op zware ongevallen","restriction":"CONDITIONAL","rule":"OPEN cat. vluchten zijn hier verboden SPEC cat. vluchten vereisen een privilege op de exploitatievergunning","category":"industrie","source":"AIP Nederland ENR 5.3, ED-269, 22 juli 2024"},"geometry":{"type":"Polygon","coordinates":[[[6.618333,52.368658],[6.619054,52.368637],[6.619768,52.368572],[6.620469,52.368465],[6.621148,52.368316],[6.621801,52.368128],[6.62242,52.367901],[6.623,52.367639],[6.623534,52.367343],[6.624019,52.367016],[6.624449,52.366662],[6.62482,52.366284],[6.625129,52.365886],[6.625372,52.365471],[6.625548,52.365043],[6.625653,52.364607],[6.625689,52.364167],[6.625653,52.363726],[6.625548,52.36329],[6.625372,52.362863],[6.625129,52.362448],[6.62482,52.362049],[6.624449,52.361671],[6.624019,52.361317],[6.623534,52.360991],[6.623,52.360695],[6.62242,52.360432],[6.621801,52.360205],[6.621148,52.360017],[6.620469,52.359868],[6.619768,52.359761],[6.619054,52.359697],[6.618333,52.359675],[6.617612,52.359697],[6.616898,52.359761],[6.616198,52.359868],[6.615518,52.360017],[6.614866,52.360205],[6.614247,52.360432],[6.613667,52.360695],[6.613132,52.360991],[6.612647,52.361317],[6.612217,52.361671],[6.611846,52.362049],[6.611538,52.362448],[6.611295,52.362863],[6.611119,52.36329],[6.611013,52.363726],[6.610978,52.364167],[6.611013,52.364607],[6.611119,52.365043],[6.611295,52.365471],[6.611538,52.365886],[6.611846,52.366284],[6.612217,52.366662],[6.612647,52.367016],[6.613132,52.367343],[6.613667,52.367639],[6.614247,52.367901],[6.614866,52.368128],[6.615518,52.368316],[6.616198,52.368465],[6.616898,52.368572],[6.617612,52.368637],[6.618333,52.368658]]]}},{"type":"Feature","properties":{"identifier":"5.203","name":"Industriegebied met risicos op zware ongevallen","restriction":"CONDITIONAL","rule":"OPEN cat. vluchten zijn hier verboden SPEC cat. vluchten vereisen een privilege op de exploitatievergunning","category":"industrie","source":"AIP Nederland ENR 5.3, ED-269, 22 juli 2024"},"geometry":{"type":"Polygon","coordinates":[[[5.273889,51.35838],[5.274594,51.358359],[5.275292,51.358294],[5.275977,51.358187],[5.276641,51.358039],[5.277279,51.35785],[5.277885,51.357623],[5.278452,51.357361],[5.278975,51.357065],[5.279449,51.356738],[5.279869,51.356384],[5.280232,51.356006],[5.280534,51.355608],[5.280771,51.355193],[5.280943,51.354765],[5.281046,51.354329],[5.281081,51.353889],[5.281046,51.353449],[5.280943,51.353013],[5.280771,51.352585],[5.280534,51.35217],[5.280232,51.351772],[5.279869,51.351394],[5.279449,51.351039],[5.278975,51.350713],[5.278452,51.350417],[5.277885,51.350154],[5.277279,51.349928],[5.276641,51.349739],[5.275977,51.349591],[5.275292,51.349484],[5.274594,51.349419],[5.273889,51.349397],[5.273184,51.349419],[5.272486,51.349484],[5.271801,51.349591],[5.271137,51.349739],[5.270499,51.349928],[5.269893,51.350154],[5.269326,51.350417],[5.268803,51.350713],[5.268329,51.351039],[5.267909,51.351394],[5.267546,51.351772],[5.267244,51.35217],[5.267006,51.352585],[5.266835,51.353013],[5.266731,51.353449],[5.266697,51.353889],[5.266731,51.354329],[5.266835,51.354765],[5.267006,51.355193],[5.267244,51.355608],[5.267546,51.356006],[5.267909,51.356384],[5.268329,51.356738],[5.268803,51.357065],[5.269326,51.357361],[5.269893,51.357623],[5.270499,51.35785],[5.271137,51.358039],[5.271801,51.358187],[5.272486,51.358294],[5.273184,51.358359],[5.273889,51.35838]]]}},{"type":"Feature","properties":{"identifier":"5.204","name":"Industriegebied met risicos op zware ongevallen","restriction":"CONDITIONAL","rule":"OPEN cat. vluchten zijn hier verboden SPEC cat. vluchten vereisen een privilege op de exploitatievergunning","category":"industrie","source":"AIP Nederland ENR 5.3, ED-269, 22 juli 2024"},"geometry":{"type":"Polygon","coordinates":[[[4.643056,52.146436],[4.643773,52.146414],[4.644483,52.14635],[4.64518,52.146243],[4.645856,52.146094],[4.646506,52.145906],[4.647122,52.145679],[4.647699,52.145416],[4.648231,52.14512],[4.648713,52.144794],[4.649141,52.14444],[4.64951,52.144062],[4.649817,52.143663],[4.650059,52.143248],[4.650234,52.142821],[4.650339,52.142385],[4.650374,52.141944],[4.650339,52.141504],[4.650234,52.141068],[4.650059,52.140641],[4.649817,52.140226],[4.64951,52.139827],[4.649141,52.139449],[4.648713,52.139095],[4.648231,52.138768],[4.647699,52.138472],[4.647122,52.13821],[4.646506,52.137983],[4.645856,52.137795],[4.64518,52.137646],[4.644483,52.137539],[4.643773,52.137474],[4.643056,52.137453],[4.642338,52.137474],[4.641628,52.137539],[4.640931,52.137646],[4.640255,52.137795],[4.639606,52.137983],[4.638989,52.13821],[4.638413,52.138472],[4.63788,52.138768],[4.637398,52.139095],[4.63697,52.139449],[4.636601,52.139827],[4.636294,52.140226],[4.636052,52.140641],[4.635877,52.141068],[4.635772,52.141504],[4.635737,52.141944],[4.635772,52.142385],[4.635877,52.142821],[4.636052,52.143248],[4.636294,52.143663],[4.636601,52.144062],[4.63697,52.14444],[4.637398,52.144794],[4.63788,52.14512],[4.638413,52.145416],[4.638989,52.145679],[4.639606,52.145906],[4.640255,52.146094],[4.640931,52.146243],[4.641628,52.14635],[4.642338,52.146414],[4.643056,52.146436]]]}},{"type":"Feature","properties":{"identifier":"5.205","name":"Industriegebied met risicos op zware ongevallen","restriction":"CONDITIONAL","rule":"OPEN cat. vluchten zijn hier verboden SPEC cat. vluchten vereisen een privilege op de exploitatievergunning","category":"industrie","source":"AIP Nederland ENR 5.3, ED-269, 22 juli 2024"},"geometry":{"type":"Polygon","coordinates":[[[5.052222,51.597269],[5.052931,51.597248],[5.053633,51.597183],[5.054321,51.597076],[5.054989,51.596927],[5.05563,51.596739],[5.056239,51.596512],[5.056809,51.59625],[5.057335,51.595954],[5.057811,51.595627],[5.058234,51.595273],[5.058598,51.594895],[5.058902,51.594497],[5.059141,51.594082],[5.059313,51.593654],[5.059417,51.593218],[5.059452,51.592778],[5.059417,51.592338],[5.059313,51.591902],[5.059141,51.591474],[5.058902,51.591059],[5.058598,51.59066],[5.058234,51.590282],[5.057811,51.589928],[5.057335,51.589602],[5.056809,51.589306],[5.056239,51.589043],[5.05563,51.588817],[5.054989,51.588628],[5.054321,51.58848],[5.053633,51.588373],[5.052931,51.588308],[5.052222,51.588286],[5.051514,51.588308],[5.050812,51.588373],[5.050123,51.58848],[5.049455,51.588628],[5.048814,51.588817],[5.048205,51.589043],[5.047636,51.589306],[5.04711,51.589602],[5.046633,51.589928],[5.046211,51.590282],[5.045846,51.59066],[5.045543,51.591059],[5.045304,51.591474],[5.045131,51.591902],[5.045027,51.592338],[5.044992,51.592778],[5.045027,51.593218],[5.045131,51.593654],[5.045304,51.594082],[5.045543,51.594497],[5.045846,51.594895],[5.046211,51.595273],[5.046633,51.595627],[5.04711,51.595954],[5.047636,51.59625],[5.048205,51.596512],[5.048814,51.596739],[5.049455,51.596927],[5.050123,51.597076],[5.050812,51.597183],[5.051514,51.597248],[5.052222,51.597269]]]}},{"type":"Feature","properties":{"identifier":"5.206","name":"Industriegebied met risicos op zware ongevallen","restriction":"CONDITIONAL","rule":"OPEN cat. vluchten zijn hier verboden SPEC cat. vluchten vereisen een privilege op de exploitatievergunning","category":"industrie","source":"AIP Nederland ENR 5.3, ED-269, 22 juli 2024"},"geometry":{"type":"Polygon","coordinates":[[[5.939444,51.976158],[5.940159,51.976137],[5.940867,51.976072],[5.941561,51.975965],[5.942235,51.975816],[5.942881,51.975628],[5.943495,51.975401],[5.94407,51.975139],[5.9446,51.974843],[5.94508,51.974516],[5.945507,51.974162],[5.945874,51.973784],[5.94618,51.973386],[5.946421,51.972971],[5.946595,51.972543],[5.9467,51.972107],[5.946735,51.971667],[5.9467,51.971226],[5.946595,51.97079],[5.946421,51.970363],[5.94618,51.969948],[5.945874,51.969549],[5.945507,51.969171],[5.94508,51.968817],[5.9446,51.968491],[5.94407,51.968195],[5.943495,51.967932],[5.942881,51.967705],[5.942235,51.967517],[5.941561,51.967368],[5.940867,51.967261],[5.940159,51.967197],[5.939444,51.967175],[5.93873,51.967197],[5.938022,51.967261],[5.937328,51.967368],[5.936654,51.967517],[5.936008,51.967705],[5.935394,51.967932],[5.934819,51.968195],[5.934289,51.968491],[5.933808,51.968817],[5.933382,51.969171],[5.933014,51.969549],[5.932709,51.969948],[5.932467,51.970363],[5.932294,51.97079],[5.932189,51.971226],[5.932154,51.971667],[5.932189,51.972107],[5.932294,51.972543],[5.932467,51.972971],[5.932709,51.973386],[5.933014,51.973784],[5.933382,51.974162],[5.933808,51.974516],[5.934289,51.974843],[5.934819,51.975139],[5.935394,51.975401],[5.936008,51.975628],[5.936654,51.975816],[5.937328,51.975965],[5.938022,51.976072],[5.93873,51.976137],[5.939444,51.976158]]]}},{"type":"Feature","properties":{"identifier":"5.207","name":"Industriegebied met risicos op zware ongevallen","restriction":"CONDITIONAL","rule":"OPEN cat. vluchten zijn hier verboden SPEC cat. vluchten vereisen een privilege op de exploitatievergunning","category":"industrie","source":"AIP Nederland ENR 5.3, ED-269, 22 juli 2024"},"geometry":{"type":"Polygon","coordinates":[[[5.055,51.594492],[5.055709,51.59447],[5.05641,51.594405],[5.057099,51.594298],[5.057767,51.59415],[5.058408,51.593961],[5.059016,51.593735],[5.059586,51.593472],[5.060112,51.593176],[5.060588,51.592849],[5.061011,51.592495],[5.061376,51.592117],[5.061679,51.591719],[5.061918,51.591304],[5.062091,51.590876],[5.062195,51.59044],[5.062229,51.59],[5.062195,51.58956],[5.062091,51.589124],[5.061918,51.588696],[5.061679,51.588281],[5.061376,51.587883],[5.061011,51.587505],[5.060588,51.587151],[5.060112,51.586824],[5.059586,51.586528],[5.059016,51.586265],[5.058408,51.586039],[5.057767,51.58585],[5.057099,51.585702],[5.05641,51.585595],[5.055709,51.58553],[5.055,51.585508],[5.054291,51.58553],[5.05359,51.585595],[5.052901,51.585702],[5.052233,51.58585],[5.051592,51.586039],[5.050984,51.586265],[5.050414,51.586528],[5.049888,51.586824],[5.049412,51.587151],[5.048989,51.587505],[5.048624,51.587883],[5.048321,51.588281],[5.048082,51.588696],[5.047909,51.589124],[5.047805,51.58956],[5.047771,51.59],[5.047805,51.59044],[5.047909,51.590876],[5.048082,51.591304],[5.048321,51.591719],[5.048624,51.592117],[5.048989,51.592495],[5.049412,51.592849],[5.049888,51.593176],[5.050414,51.593472],[5.050984,51.593735],[5.051592,51.593961],[5.052233,51.59415],[5.052901,51.594298],[5.05359,51.594405],[5.054291,51.59447],[5.055,51.594492]]]}},{"type":"Feature","properties":{"identifier":"5.208","name":"Industriegebied met risicos op zware ongevallen","restriction":"CONDITIONAL","rule":"OPEN cat. vluchten zijn hier verboden SPEC cat. vluchten vereisen een privilege op de exploitatievergunning","category":"industrie","source":"AIP Nederland ENR 5.3, ED-269, 22 juli 2024"},"geometry":{"type":"Polygon","coordinates":[[[5.956389,51.169492],[5.957091,51.16947],[5.957786,51.169405],[5.958468,51.169298],[5.95913,51.16915],[5.959765,51.168961],[5.960368,51.168735],[5.960933,51.168472],[5.961454,51.168176],[5.961926,51.167849],[5.962344,51.167495],[5.962706,51.167117],[5.963006,51.166719],[5.963243,51.166304],[5.963414,51.165876],[5.963517,51.16544],[5.963552,51.165],[5.963517,51.16456],[5.963414,51.164124],[5.963243,51.163696],[5.963006,51.163281],[5.962706,51.162883],[5.962344,51.162505],[5.961926,51.162151],[5.961454,51.161824],[5.960933,51.161528],[5.960368,51.161265],[5.959765,51.161039],[5.95913,51.16085],[5.958468,51.160702],[5.957786,51.160595],[5.957091,51.16053],[5.956389,51.160508],[5.955687,51.16053],[5.954992,51.160595],[5.95431,51.160702],[5.953648,51.16085],[5.953012,51.161039],[5.95241,51.161265],[5.951845,51.161528],[5.951324,51.161824],[5.950852,51.162151],[5.950433,51.162505],[5.950072,51.162883],[5.949771,51.163281],[5.949535,51.163696],[5.949364,51.164124],[5.949261,51.16456],[5.949226,51.165],[5.949261,51.16544],[5.949364,51.165876],[5.949535,51.166304],[5.949771,51.166719],[5.950072,51.167117],[5.950433,51.167495],[5.950852,51.167849],[5.951324,51.168176],[5.951845,51.168472],[5.95241,51.168735],[5.953012,51.168961],[5.953648,51.16915],[5.95431,51.169298],[5.954992,51.169405],[5.955687,51.16947],[5.956389,51.169492]]]}},{"type":"Feature","properties":{"identifier":"5.209","name":"Industriegebied met risicos op zware ongevallen","restriction":"CONDITIONAL","rule":"OPEN cat. vluchten zijn hier verboden SPEC cat. vluchten vereisen een privilege op de exploitatievergunning","category":"industrie","source":"AIP Nederland ENR 5.3, ED-269, 22 juli 2024"},"geometry":{"type":"Polygon","coordinates":[[[5.9425,51.64338],[5.943209,51.643359],[5.943912,51.643294],[5.944601,51.643187],[5.94527,51.643039],[5.945912,51.64285],[5.946521,51.642623],[5.947091,51.642361],[5.947618,51.642065],[5.948095,51.641738],[5.948518,51.641384],[5.948883,51.641006],[5.949186,51.640608],[5.949426,51.640193],[5.949598,51.639765],[5.949702,51.639329],[5.949737,51.638889],[5.949702,51.638449],[5.949598,51.638013],[5.949426,51.637585],[5.949186,51.63717],[5.948883,51.636772],[5.948518,51.636394],[5.948095,51.636039],[5.947618,51.635713],[5.947091,51.635417],[5.946521,51.635154],[5.945912,51.634928],[5.94527,51.634739],[5.944601,51.634591],[5.943912,51.634484],[5.943209,51.634419],[5.9425,51.634397],[5.941791,51.634419],[5.941088,51.634484],[5.940399,51.634591],[5.93973,51.634739],[5.939088,51.634928],[5.938479,51.635154],[5.937909,51.635417],[5.937382,51.635713],[5.936905,51.636039],[5.936482,51.636394],[5.936117,51.636772],[5.935814,51.63717],[5.935574,51.637585],[5.935402,51.638013],[5.935298,51.638449],[5.935263,51.638889],[5.935298,51.639329],[5.935402,51.639765],[5.935574,51.640193],[5.935814,51.640608],[5.936117,51.641006],[5.936482,51.641384],[5.936905,51.641738],[5.937382,51.642065],[5.937909,51.642361],[5.938479,51.642623],[5.939088,51.64285],[5.93973,51.643039],[5.940399,51.643187],[5.941088,51.643294],[5.941791,51.643359],[5.9425,51.64338]]]}},{"type":"Feature","properties":{"identifier":"5.210","name":"Industriegebied met risicos op zware ongevallen","restriction":"CONDITIONAL","rule":"OPEN cat. vluchten zijn hier verboden SPEC cat. vluchten vereisen een privilege op de exploitatievergunning","category":"industrie","source":"AIP Nederland ENR 5.3, ED-269, 22 juli 2024"},"geometry":{"type":"Polygon","coordinates":[[[5.054167,51.699214],[5.054877,51.699192],[5.05558,51.699127],[5.05627,51.69902],[5.05694,51.698872],[5.057583,51.698683],[5.058192,51.698457],[5.058764,51.698194],[5.059291,51.697898],[5.059768,51.697572],[5.060192,51.697218],[5.060557,51.69684],[5.060861,51.696441],[5.061101,51.696026],[5.061274,51.695598],[5.061378,51.695162],[5.061413,51.694722],[5.061378,51.694282],[5.061274,51.693846],[5.061101,51.693418],[5.060861,51.693003],[5.060557,51.692605],[5.060192,51.692227],[5.059768,51.691873],[5.059291,51.691546],[5.058764,51.69125],[5.058192,51.690988],[5.057583,51.690761],[5.05694,51.690573],[5.05627,51.690424],[5.05558,51.690317],[5.054877,51.690252],[5.054167,51.690231],[5.053456,51.690252],[5.052753,51.690317],[5.052063,51.690424],[5.051394,51.690573],[5.050751,51.690761],[5.050141,51.690988],[5.04957,51.69125],[5.049043,51.691546],[5.048565,51.691873],[5.048142,51.692227],[5.047776,51.692605],[5.047472,51.693003],[5.047232,51.693418],[5.04706,51.693846],[5.046955,51.694282],[5.04692,51.694722],[5.046955,51.695162],[5.04706,51.695598],[5.047232,51.696026],[5.047472,51.696441],[5.047776,51.69684],[5.048142,51.697218],[5.048565,51.697572],[5.049043,51.697898],[5.04957,51.698194],[5.050141,51.698457],[5.050751,51.698683],[5.051394,51.698872],[5.052063,51.69902],[5.052753,51.699127],[5.053456,51.699192],[5.054167,51.699214]]]}},{"type":"Feature","properties":{"identifier":"5.211","name":"Industriegebied met risicos op zware ongevallen","restriction":"CONDITIONAL","rule":"OPEN cat. vluchten zijn hier verboden SPEC cat. vluchten vereisen een privilege op de exploitatievergunning","category":"industrie","source":"AIP Nederland ENR 5.3, ED-269, 22 juli 2024"},"geometry":{"type":"Polygon","coordinates":[[[4.630556,51.789492],[4.631267,51.78947],[4.631972,51.789405],[4.632663,51.789298],[4.633334,51.78915],[4.633978,51.788961],[4.634589,51.788735],[4.635162,51.788472],[4.63569,51.788176],[4.636168,51.787849],[4.636593,51.787495],[4.636959,51.787117],[4.637264,51.786719],[4.637504,51.786304],[4.637677,51.785876],[4.637781,51.78544],[4.637816,51.785],[4.637781,51.78456],[4.637677,51.784124],[4.637504,51.783696],[4.637264,51.783281],[4.636959,51.782883],[4.636593,51.782505],[4.636168,51.782151],[4.63569,51.781824],[4.635162,51.781528],[4.634589,51.781265],[4.633978,51.781039],[4.633334,51.78085],[4.632663,51.780702],[4.631972,51.780595],[4.631267,51.78053],[4.630556,51.780508],[4.629844,51.78053],[4.629139,51.780595],[4.628448,51.780702],[4.627777,51.78085],[4.627133,51.781039],[4.626522,51.781265],[4.625949,51.781528],[4.625421,51.781824],[4.624943,51.782151],[4.624518,51.782505],[4.624152,51.782883],[4.623848,51.783281],[4.623607,51.783696],[4.623434,51.784124],[4.62333,51.78456],[4.623295,51.785],[4.62333,51.78544],[4.623434,51.785876],[4.623607,51.786304],[4.623848,51.786719],[4.624152,51.787117],[4.624518,51.787495],[4.624943,51.787849],[4.625421,51.788176],[4.625949,51.788472],[4.626522,51.788735],[4.627133,51.788961],[4.627777,51.78915],[4.628448,51.789298],[4.629139,51.789405],[4.629844,51.78947],[4.630556,51.789492]]]}},{"type":"Feature","properties":{"identifier":"5.212","name":"Industriegebied met risicos op zware ongevallen","restriction":"CONDITIONAL","rule":"OPEN cat. vluchten zijn hier verboden SPEC cat. vluchten vereisen een privilege op de exploitatievergunning","category":"industrie","source":"AIP Nederland ENR 5.3, ED-269, 22 juli 2024"},"geometry":{"type":"Polygon","coordinates":[[[4.643056,51.789492],[4.643767,51.78947],[4.644472,51.789405],[4.645163,51.789298],[4.645834,51.78915],[4.646478,51.788961],[4.647089,51.788735],[4.647662,51.788472],[4.64819,51.788176],[4.648668,51.787849],[4.649093,51.787495],[4.649459,51.787117],[4.649764,51.786719],[4.650004,51.786304],[4.650177,51.785876],[4.650281,51.78544],[4.650316,51.785],[4.650281,51.78456],[4.650177,51.784124],[4.650004,51.783696],[4.649764,51.783281],[4.649459,51.782883],[4.649093,51.782505],[4.648668,51.782151],[4.64819,51.781824],[4.647662,51.781528],[4.647089,51.781265],[4.646478,51.781039],[4.645834,51.78085],[4.645163,51.780702],[4.644472,51.780595],[4.643767,51.78053],[4.643056,51.780508],[4.642344,51.78053],[4.641639,51.780595],[4.640948,51.780702],[4.640277,51.78085],[4.639633,51.781039],[4.639022,51.781265],[4.638449,51.781528],[4.637921,51.781824],[4.637443,51.782151],[4.637018,51.782505],[4.636652,51.782883],[4.636348,51.783281],[4.636107,51.783696],[4.635934,51.784124],[4.63583,51.78456],[4.635795,51.785],[4.63583,51.78544],[4.635934,51.785876],[4.636107,51.786304],[4.636348,51.786719],[4.636652,51.787117],[4.637018,51.787495],[4.637443,51.787849],[4.637921,51.788176],[4.638449,51.788472],[4.639022,51.788735],[4.639633,51.788961],[4.640277,51.78915],[4.640948,51.789298],[4.641639,51.789405],[4.642344,51.78947],[4.643056,51.789492]]]}},{"type":"Feature","properties":{"identifier":"5.213","name":"Industriegebied met risicos op zware ongevallen","restriction":"CONDITIONAL","rule":"OPEN cat. vluchten zijn hier verboden SPEC cat. vluchten vereisen een privilege op de exploitatievergunning","category":"industrie","source":"AIP Nederland ENR 5.3, ED-269, 22 juli 2024"},"geometry":{"type":"Polygon","coordinates":[[[6.890833,53.102547],[6.891567,53.102526],[6.892293,53.102461],[6.893005,53.102354],[6.893696,53.102205],[6.89436,53.102017],[6.894989,53.10179],[6.895579,53.101528],[6.896123,53.101232],[6.896616,53.100905],[6.897053,53.100551],[6.89743,53.100173],[6.897744,53.099774],[6.897992,53.099359],[6.89817,53.098932],[6.898278,53.098496],[6.898314,53.098056],[6.898278,53.097615],[6.89817,53.097179],[6.897992,53.096752],[6.897744,53.096337],[6.89743,53.095938],[6.897053,53.09556],[6.896616,53.095206],[6.896123,53.09488],[6.895579,53.094584],[6.894989,53.094321],[6.89436,53.094094],[6.893696,53.093906],[6.893005,53.093757],[6.892293,53.09365],[6.891567,53.093586],[6.890833,53.093564],[6.8901,53.093586],[6.889374,53.09365],[6.888662,53.093757],[6.887971,53.093906],[6.887307,53.094094],[6.886677,53.094321],[6.886088,53.094584],[6.885544,53.09488],[6.885051,53.095206],[6.884614,53.09556],[6.884236,53.095938],[6.883922,53.096337],[6.883675,53.096752],[6.883497,53.097179],[6.883389,53.097615],[6.883353,53.098056],[6.883389,53.098496],[6.883497,53.098932],[6.883675,53.099359],[6.883922,53.099774],[6.884236,53.100173],[6.884614,53.100551],[6.885051,53.100905],[6.885544,53.101232],[6.886088,53.101528],[6.886677,53.10179],[6.887307,53.102017],[6.887971,53.102205],[6.888662,53.102354],[6.889374,53.102461],[6.8901,53.102526],[6.890833,53.102547]]]}},{"type":"Feature","properties":{"identifier":"5.214","name":"Industriegebied met risicos op zware ongevallen","restriction":"CONDITIONAL","rule":"OPEN cat. vluchten zijn hier verboden SPEC cat. vluchten vereisen een privilege op de exploitatievergunning","category":"industrie","source":"AIP Nederland ENR 5.3, ED-269, 22 juli 2024"},"geometry":{"type":"Polygon","coordinates":[[[6.572778,53.007825],[6.573509,53.007803],[6.574234,53.007739],[6.574944,53.007632],[6.575634,53.007483],[6.576296,53.007295],[6.576925,53.007068],[6.577513,53.006805],[6.578056,53.006509],[6.578547,53.006183],[6.578984,53.005829],[6.57936,53.005451],[6.579674,53.005052],[6.57992,53.004637],[6.580098,53.00421],[6.580206,53.003774],[6.580242,53.003333],[6.580206,53.002893],[6.580098,53.002457],[6.57992,53.002029],[6.579674,53.001614],[6.57936,53.001216],[6.578984,53.000838],[6.578547,53.000484],[6.578056,53.000157],[6.577513,52.999861],[6.576925,52.999599],[6.576296,52.999372],[6.575634,52.999184],[6.574944,52.999035],[6.574234,52.998928],[6.573509,52.998863],[6.572778,52.998842],[6.572046,52.998863],[6.571322,52.998928],[6.570611,52.999035],[6.569921,52.999184],[6.569259,52.999372],[6.568631,52.999599],[6.568043,52.999861],[6.5675,53.000157],[6.567008,53.000484],[6.566572,53.000838],[6.566195,53.001216],[6.565882,53.001614],[6.565635,53.002029],[6.565457,53.002457],[6.56535,53.002893],[6.565314,53.003333],[6.56535,53.003774],[6.565457,53.00421],[6.565635,53.004637],[6.565882,53.005052],[6.566195,53.005451],[6.566572,53.005829],[6.567008,53.006183],[6.5675,53.006509],[6.568043,53.006805],[6.568631,53.007068],[6.569259,53.007295],[6.569921,53.007483],[6.570611,53.007632],[6.571322,53.007739],[6.572046,53.007803],[6.572778,53.007825]]]}},{"type":"Feature","properties":{"identifier":"5.215","name":"Industriegebied met risicos op zware ongevallen","restriction":"CONDITIONAL","rule":"OPEN cat. vluchten zijn hier verboden SPEC cat. vluchten vereisen een privilege op de exploitatievergunning","category":"industrie","source":"AIP Nederland ENR 5.3, ED-269, 22 juli 2024"},"geometry":{"type":"Polygon","coordinates":[[[6.131944,51.400603],[6.13265,51.400581],[6.133349,51.400516],[6.134034,51.400409],[6.134699,51.400261],[6.135338,51.400072],[6.135944,51.399846],[6.136511,51.399583],[6.137035,51.399287],[6.137509,51.398961],[6.13793,51.398606],[6.138293,51.398228],[6.138595,51.39783],[6.138833,51.397415],[6.139005,51.396987],[6.139109,51.396551],[6.139143,51.396111],[6.139109,51.395671],[6.139005,51.395235],[6.138833,51.394807],[6.138595,51.394392],[6.138293,51.393994],[6.13793,51.393616],[6.137509,51.393262],[6.137035,51.392935],[6.136511,51.392639],[6.135944,51.392377],[6.135338,51.39215],[6.134699,51.391961],[6.134034,51.391813],[6.133349,51.391706],[6.13265,51.391641],[6.131944,51.39162],[6.131239,51.391641],[6.13054,51.391706],[6.129855,51.391813],[6.12919,51.391961],[6.128551,51.39215],[6.127945,51.392377],[6.127378,51.392639],[6.126854,51.392935],[6.12638,51.393262],[6.125959,51.393616],[6.125596,51.393994],[6.125294,51.394392],[6.125056,51.394807],[6.124884,51.395235],[6.12478,51.395671],[6.124746,51.396111],[6.12478,51.396551],[6.124884,51.396987],[6.125056,51.397415],[6.125294,51.39783],[6.125596,51.398228],[6.125959,51.398606],[6.12638,51.398961],[6.126854,51.399287],[6.127378,51.399583],[6.127945,51.399846],[6.128551,51.400072],[6.12919,51.400261],[6.129855,51.400409],[6.13054,51.400516],[6.131239,51.400581],[6.131944,51.400603]]]}},{"type":"Feature","properties":{"identifier":"5.216","name":"Industriegebied met risicos op zware ongevallen","restriction":"CONDITIONAL","rule":"OPEN cat. vluchten zijn hier verboden SPEC cat. vluchten vereisen een privilege op de exploitatievergunning","category":"industrie","source":"AIP Nederland ENR 5.3, ED-269, 22 juli 2024"},"geometry":{"type":"Polygon","coordinates":[[[6.008333,51.967825],[6.009048,51.967803],[6.009755,51.967739],[6.010449,51.967632],[6.011123,51.967483],[6.01177,51.967295],[6.012383,51.967068],[6.012958,51.966805],[6.013488,51.966509],[6.013968,51.966183],[6.014394,51.965829],[6.014762,51.965451],[6.015068,51.965052],[6.015309,51.964637],[6.015483,51.96421],[6.015588,51.963774],[6.015623,51.963333],[6.015588,51.962893],[6.015483,51.962457],[6.015309,51.962029],[6.015068,51.961614],[6.014762,51.961216],[6.014394,51.960838],[6.013968,51.960484],[6.013488,51.960157],[6.012958,51.959861],[6.012383,51.959599],[6.01177,51.959372],[6.011123,51.959184],[6.010449,51.959035],[6.009755,51.958928],[6.009048,51.958863],[6.008333,51.958842],[6.007619,51.958863],[6.006911,51.958928],[6.006217,51.959035],[6.005544,51.959184],[6.004897,51.959372],[6.004283,51.959599],[6.003709,51.959861],[6.003179,51.960157],[6.002698,51.960484],[6.002272,51.960838],[6.001905,51.961216],[6.001599,51.961614],[6.001358,51.962029],[6.001184,51.962457],[6.001079,51.962893],[6.001044,51.963333],[6.001079,51.963774],[6.001184,51.96421],[6.001358,51.964637],[6.001599,51.965052],[6.001905,51.965451],[6.002272,51.965829],[6.002698,51.966183],[6.003179,51.966509],[6.003709,51.966805],[6.004283,51.967068],[6.004897,51.967295],[6.005544,51.967483],[6.006217,51.967632],[6.006911,51.967739],[6.007619,51.967803],[6.008333,51.967825]]]}},{"type":"Feature","properties":{"identifier":"5.217","name":"Industriegebied met risicos op zware ongevallen","restriction":"CONDITIONAL","rule":"OPEN cat. vluchten zijn hier verboden SPEC cat. vluchten vereisen een privilege op de exploitatievergunning","category":"industrie","source":"AIP Nederland ENR 5.3, ED-269, 22 juli 2024"},"geometry":{"type":"Polygon","coordinates":[[[5.547778,51.782269],[5.548489,51.782248],[5.549194,51.782183],[5.549885,51.782076],[5.550556,51.781927],[5.5512,51.781739],[5.551811,51.781512],[5.552383,51.78125],[5.552911,51.780954],[5.553389,51.780627],[5.553814,51.780273],[5.55418,51.779895],[5.554485,51.779497],[5.554725,51.779082],[5.554898,51.778654],[5.555002,51.778218],[5.555037,51.777778],[5.555002,51.777338],[5.554898,51.776902],[5.554725,51.776474],[5.554485,51.776059],[5.55418,51.77566],[5.553814,51.775282],[5.553389,51.774928],[5.552911,51.774602],[5.552383,51.774306],[5.551811,51.774043],[5.5512,51.773817],[5.550556,51.773628],[5.549885,51.77348],[5.549194,51.773373],[5.548489,51.773308],[5.547778,51.773286],[5.547066,51.773308],[5.546362,51.773373],[5.54567,51.77348],[5.545,51.773628],[5.544356,51.773817],[5.543745,51.774043],[5.543172,51.774306],[5.542645,51.774602],[5.542166,51.774928],[5.541742,51.775282],[5.541375,51.77566],[5.541071,51.776059],[5.540831,51.776474],[5.540658,51.776902],[5.540553,51.777338],[5.540518,51.777778],[5.540553,51.778218],[5.540658,51.778654],[5.540831,51.779082],[5.541071,51.779497],[5.541375,51.779895],[5.541742,51.780273],[5.542166,51.780627],[5.542645,51.780954],[5.543172,51.78125],[5.543745,51.781512],[5.544356,51.781739],[5.545,51.781927],[5.54567,51.782076],[5.546362,51.782183],[5.547066,51.782248],[5.547778,51.782269]]]}},{"type":"Feature","properties":{"identifier":"5.218","name":"Industriegebied met risicos op zware ongevallen","restriction":"CONDITIONAL","rule":"OPEN cat. vluchten zijn hier verboden SPEC cat. vluchten vereisen een privilege op de exploitatievergunning","category":"industrie","source":"AIP Nederland ENR 5.3, ED-269, 22 juli 2024"},"geometry":{"type":"Polygon","coordinates":[[[3.643611,51.499214],[3.644318,51.499192],[3.645019,51.499127],[3.645705,51.49902],[3.646372,51.498872],[3.647012,51.498683],[3.647619,51.498457],[3.648188,51.498194],[3.648712,51.497898],[3.649188,51.497572],[3.64961,51.497218],[3.649974,51.49684],[3.650276,51.496441],[3.650515,51.496026],[3.650687,51.495598],[3.650791,51.495162],[3.650825,51.494722],[3.650791,51.494282],[3.650687,51.493846],[3.650515,51.493418],[3.650276,51.493003],[3.649974,51.492605],[3.64961,51.492227],[3.649188,51.491873],[3.648712,51.491546],[3.648188,51.49125],[3.647619,51.490988],[3.647012,51.490761],[3.646372,51.490573],[3.645705,51.490424],[3.645019,51.490317],[3.644318,51.490252],[3.643611,51.490231],[3.642904,51.490252],[3.642204,51.490317],[3.641517,51.490424],[3.64085,51.490573],[3.64021,51.490761],[3.639603,51.490988],[3.639034,51.49125],[3.63851,51.491546],[3.638034,51.491873],[3.637613,51.492227],[3.637249,51.492605],[3.636946,51.493003],[3.636707,51.493418],[3.636535,51.493846],[3.636431,51.494282],[3.636397,51.494722],[3.636431,51.495162],[3.636535,51.495598],[3.636707,51.496026],[3.636946,51.496441],[3.637249,51.49684],[3.637613,51.497218],[3.638034,51.497572],[3.63851,51.497898],[3.639034,51.498194],[3.639603,51.498457],[3.64021,51.498683],[3.64085,51.498872],[3.641517,51.49902],[3.642204,51.499127],[3.642904,51.499192],[3.643611,51.499214]]]}},{"type":"Feature","properties":{"identifier":"5.219","name":"Industriegebied met risicos op zware ongevallen","restriction":"CONDITIONAL","rule":"OPEN cat. vluchten zijn hier verboden SPEC cat. vluchten vereisen een privilege op de exploitatievergunning","category":"industrie","source":"AIP Nederland ENR 5.3, ED-269, 22 juli 2024"},"geometry":{"type":"Polygon","coordinates":[[[4.764722,51.614492],[4.765431,51.61447],[4.766133,51.614405],[4.766822,51.614298],[4.76749,51.61415],[4.768132,51.613961],[4.76874,51.613735],[4.769311,51.613472],[4.769837,51.613176],[4.770313,51.612849],[4.770736,51.612495],[4.771101,51.612117],[4.771404,51.611719],[4.771643,51.611304],[4.771816,51.610876],[4.77192,51.61044],[4.771955,51.61],[4.77192,51.60956],[4.771816,51.609124],[4.771643,51.608696],[4.771404,51.608281],[4.771101,51.607883],[4.770736,51.607505],[4.770313,51.607151],[4.769837,51.606824],[4.769311,51.606528],[4.76874,51.606265],[4.768132,51.606039],[4.76749,51.60585],[4.766822,51.605702],[4.766133,51.605595],[4.765431,51.60553],[4.764722,51.605508],[4.764013,51.60553],[4.763311,51.605595],[4.762623,51.605702],[4.761954,51.60585],[4.761313,51.606039],[4.760704,51.606265],[4.760134,51.606528],[4.759608,51.606824],[4.759131,51.607151],[4.758708,51.607505],[4.758344,51.607883],[4.75804,51.608281],[4.757801,51.608696],[4.757629,51.609124],[4.757524,51.60956],[4.75749,51.61],[4.757524,51.61044],[4.757629,51.610876],[4.757801,51.611304],[4.75804,51.611719],[4.758344,51.612117],[4.758708,51.612495],[4.759131,51.612849],[4.759608,51.613176],[4.760134,51.613472],[4.760704,51.613735],[4.761313,51.613961],[4.761954,51.61415],[4.762623,51.614298],[4.763311,51.614405],[4.764013,51.61447],[4.764722,51.614492]]]}},{"type":"Feature","properties":{"identifier":"5.220","name":"Industriegebied met risicos op zware ongevallen","restriction":"CONDITIONAL","rule":"OPEN cat. vluchten zijn hier verboden SPEC cat. vluchten vereisen een privilege op de exploitatievergunning","category":"industrie","source":"AIP Nederland ENR 5.3, ED-269, 22 juli 2024"},"geometry":{"type":"Polygon","coordinates":[[[4.188611,51.763936],[4.189322,51.763914],[4.190027,51.76385],[4.190718,51.763743],[4.191388,51.763594],[4.192032,51.763406],[4.192643,51.763179],[4.193215,51.762916],[4.193742,51.76262],[4.194221,51.762294],[4.194645,51.76194],[4.195011,51.761562],[4.195315,51.761163],[4.195555,51.760748],[4.195728,51.760321],[4.195833,51.759885],[4.195868,51.759444],[4.195833,51.759004],[4.195728,51.758568],[4.195555,51.758141],[4.195315,51.757726],[4.195011,51.757327],[4.194645,51.756949],[4.194221,51.756595],[4.193742,51.756268],[4.193215,51.755972],[4.192643,51.75571],[4.192032,51.755483],[4.191388,51.755295],[4.190718,51.755146],[4.190027,51.755039],[4.189322,51.754974],[4.188611,51.754953],[4.1879,51.754974],[4.187195,51.755039],[4.186505,51.755146],[4.185834,51.755295],[4.18519,51.755483],[4.18458,51.75571],[4.184008,51.755972],[4.18348,51.756268],[4.183002,51.756595],[4.182577,51.756949],[4.182211,51.757327],[4.181907,51.757726],[4.181667,51.758141],[4.181494,51.758568],[4.181389,51.759004],[4.181355,51.759444],[4.181389,51.759885],[4.181494,51.760321],[4.181667,51.760748],[4.181907,51.761163],[4.182211,51.761562],[4.182577,51.76194],[4.183002,51.762294],[4.18348,51.76262],[4.184008,51.762916],[4.18458,51.763179],[4.18519,51.763406],[4.185834,51.763594],[4.186505,51.763743],[4.187195,51.76385],[4.1879,51.763914],[4.188611,51.763936]]]}},{"type":"Feature","properties":{"identifier":"5.221","name":"Industriegebied met risicos op zware ongevallen","restriction":"CONDITIONAL","rule":"OPEN cat. vluchten zijn hier verboden SPEC cat. vluchten vereisen een privilege op de exploitatievergunning","category":"industrie","source":"AIP Nederland ENR 5.3, ED-269, 22 juli 2024"},"geometry":{"type":"Polygon","coordinates":[[[5.646389,52.033103],[5.647104,52.033081],[5.647813,52.033016],[5.648508,52.032909],[5.649183,52.032761],[5.64983,52.032572],[5.650445,52.032346],[5.65102,52.032083],[5.651551,52.031787],[5.652032,52.031461],[5.652459,52.031106],[5.652827,52.030728],[5.653133,52.03033],[5.653375,52.029915],[5.653549,52.029487],[5.653654,52.029051],[5.653689,52.028611],[5.653654,52.028171],[5.653549,52.027735],[5.653375,52.027307],[5.653133,52.026892],[5.652827,52.026494],[5.652459,52.026116],[5.652032,52.025762],[5.651551,52.025435],[5.65102,52.025139],[5.650445,52.024877],[5.64983,52.02465],[5.649183,52.024461],[5.648508,52.024313],[5.647813,52.024206],[5.647104,52.024141],[5.646389,52.02412],[5.645673,52.024141],[5.644965,52.024206],[5.64427,52.024313],[5.643595,52.024461],[5.642948,52.02465],[5.642333,52.024877],[5.641758,52.025139],[5.641227,52.025435],[5.640746,52.025762],[5.640319,52.026116],[5.639951,52.026494],[5.639644,52.026892],[5.639403,52.027307],[5.639229,52.027735],[5.639124,52.028171],[5.639089,52.028611],[5.639124,52.029051],[5.639229,52.029487],[5.639403,52.029915],[5.639644,52.03033],[5.639951,52.030728],[5.640319,52.031106],[5.640746,52.031461],[5.641227,52.031787],[5.641758,52.032083],[5.642333,52.032346],[5.642948,52.032572],[5.643595,52.032761],[5.64427,52.032909],[5.644965,52.033016],[5.645673,52.033081],[5.646389,52.033103]]]}},{"type":"Feature","properties":{"identifier":"5.222","name":"Industriegebied met risicos op zware ongevallen","restriction":"CONDITIONAL","rule":"OPEN cat. vluchten zijn hier verboden SPEC cat. vluchten vereisen een privilege op de exploitatievergunning","category":"industrie","source":"AIP Nederland ENR 5.3, ED-269, 22 juli 2024"},"geometry":{"type":"Polygon","coordinates":[[[4.716389,52.655047],[4.717115,52.655026],[4.717833,52.654961],[4.718538,52.654854],[4.719222,52.654705],[4.719879,52.654517],[4.720502,52.65429],[4.721086,52.654028],[4.721624,52.653732],[4.722112,52.653405],[4.722545,52.653051],[4.722918,52.652673],[4.723229,52.652274],[4.723474,52.651859],[4.72365,52.651432],[4.723757,52.650996],[4.723792,52.650556],[4.723757,52.650115],[4.72365,52.649679],[4.723474,52.649252],[4.723229,52.648837],[4.722918,52.648438],[4.722545,52.64806],[4.722112,52.647706],[4.721624,52.64738],[4.721086,52.647084],[4.720502,52.646821],[4.719879,52.646594],[4.719222,52.646406],[4.718538,52.646257],[4.717833,52.64615],[4.717115,52.646086],[4.716389,52.646064],[4.715663,52.646086],[4.714945,52.64615],[4.71424,52.646257],[4.713556,52.646406],[4.712899,52.646594],[4.712276,52.646821],[4.711692,52.647084],[4.711154,52.64738],[4.710666,52.647706],[4.710233,52.64806],[4.709859,52.648438],[4.709549,52.648837],[4.709304,52.649252],[4.709128,52.649679],[4.709021,52.650115],[4.708985,52.650556],[4.709021,52.650996],[4.709128,52.651432],[4.709304,52.651859],[4.709549,52.652274],[4.709859,52.652673],[4.710233,52.653051],[4.710666,52.653405],[4.711154,52.653732],[4.711692,52.654028],[4.712276,52.65429],[4.712899,52.654517],[4.713556,52.654705],[4.71424,52.654854],[4.714945,52.654961],[4.715663,52.655026],[4.716389,52.655047]]]}},{"type":"Feature","properties":{"identifier":"5.223","name":"Industriegebied met risicos op zware ongevallen","restriction":"CONDITIONAL","rule":"OPEN cat. vluchten zijn hier verboden SPEC cat. vluchten vereisen een privilege op de exploitatievergunning","category":"industrie","source":"AIP Nederland ENR 5.3, ED-269, 22 juli 2024"},"geometry":{"type":"Polygon","coordinates":[[[4.75,52.604214],[4.750725,52.604192],[4.751443,52.604127],[4.752147,52.60402],[4.75283,52.603872],[4.753486,52.603683],[4.754108,52.603457],[4.754691,52.603194],[4.755229,52.602898],[4.755716,52.602572],[4.756149,52.602218],[4.756522,52.60184],[4.756832,52.601441],[4.757077,52.601026],[4.757253,52.600598],[4.757359,52.600162],[4.757395,52.599722],[4.757359,52.599282],[4.757253,52.598846],[4.757077,52.598418],[4.756832,52.598003],[4.756522,52.597605],[4.756149,52.597227],[4.755716,52.596873],[4.755229,52.596546],[4.754691,52.59625],[4.754108,52.595988],[4.753486,52.595761],[4.75283,52.595573],[4.752147,52.595424],[4.751443,52.595317],[4.750725,52.595252],[4.75,52.595231],[4.749275,52.595252],[4.748557,52.595317],[4.747853,52.595424],[4.74717,52.595573],[4.746514,52.595761],[4.745892,52.595988],[4.745309,52.59625],[4.744771,52.596546],[4.744284,52.596873],[4.743851,52.597227],[4.743478,52.597605],[4.743168,52.598003],[4.742923,52.598418],[4.742747,52.598846],[4.742641,52.599282],[4.742605,52.599722],[4.742641,52.600162],[4.742747,52.600598],[4.742923,52.601026],[4.743168,52.601441],[4.743478,52.60184],[4.743851,52.602218],[4.744284,52.602572],[4.744771,52.602898],[4.745309,52.603194],[4.745892,52.603457],[4.746514,52.603683],[4.74717,52.603872],[4.747853,52.60402],[4.748557,52.604127],[4.749275,52.604192],[4.75,52.604214]]]}},{"type":"Feature","properties":{"identifier":"5.224","name":"Industriegebied met risicos op zware ongevallen","restriction":"CONDITIONAL","rule":"OPEN cat. vluchten zijn hier verboden SPEC cat. vluchten vereisen een privilege op de exploitatievergunning","category":"industrie","source":"AIP Nederland ENR 5.3, ED-269, 22 juli 2024"},"geometry":{"type":"Polygon","coordinates":[[[4.760278,52.611714],[4.761003,52.611692],[4.761721,52.611627],[4.762425,52.61152],[4.763108,52.611372],[4.763764,52.611183],[4.764387,52.610957],[4.76497,52.610694],[4.765508,52.610398],[4.765995,52.610072],[4.766428,52.609718],[4.766801,52.60934],[4.767111,52.608941],[4.767356,52.608526],[4.767532,52.608098],[4.767638,52.607662],[4.767674,52.607222],[4.767638,52.606782],[4.767532,52.606346],[4.767356,52.605918],[4.767111,52.605503],[4.766801,52.605105],[4.766428,52.604727],[4.765995,52.604373],[4.765508,52.604046],[4.76497,52.60375],[4.764387,52.603488],[4.763764,52.603261],[4.763108,52.603073],[4.762425,52.602924],[4.761721,52.602817],[4.761003,52.602752],[4.760278,52.602731],[4.759553,52.602752],[4.758835,52.602817],[4.758131,52.602924],[4.757447,52.603073],[4.756791,52.603261],[4.756169,52.603488],[4.755586,52.60375],[4.755048,52.604046],[4.75456,52.604373],[4.754128,52.604727],[4.753755,52.605105],[4.753445,52.605503],[4.7532,52.605918],[4.753024,52.606346],[4.752917,52.606782],[4.752882,52.607222],[4.752917,52.607662],[4.753024,52.608098],[4.7532,52.608526],[4.753445,52.608941],[4.753755,52.60934],[4.754128,52.609718],[4.75456,52.610072],[4.755048,52.610398],[4.755586,52.610694],[4.756169,52.610957],[4.756791,52.611183],[4.757447,52.611372],[4.758131,52.61152],[4.758835,52.611627],[4.759553,52.611692],[4.760278,52.611714]]]}},{"type":"Feature","properties":{"identifier":"5.225","name":"Industriegebied met risicos op zware ongevallen","restriction":"CONDITIONAL","rule":"OPEN cat. vluchten zijn hier verboden SPEC cat. vluchten vereisen een privilege op de exploitatievergunning","category":"industrie","source":"AIP Nederland ENR 5.3, ED-269, 22 juli 2024"},"geometry":{"type":"Polygon","coordinates":[[[5.445278,52.503103],[5.446001,52.503081],[5.446717,52.503016],[5.447419,52.502909],[5.448101,52.502761],[5.448756,52.502572],[5.449377,52.502346],[5.449958,52.502083],[5.450495,52.501787],[5.450981,52.501461],[5.451412,52.501106],[5.451785,52.500728],[5.452094,52.50033],[5.452338,52.499915],[5.452514,52.499487],[5.45262,52.499051],[5.452656,52.498611],[5.45262,52.498171],[5.452514,52.497735],[5.452338,52.497307],[5.452094,52.496892],[5.451785,52.496494],[5.451412,52.496116],[5.450981,52.495762],[5.450495,52.495435],[5.449958,52.495139],[5.449377,52.494877],[5.448756,52.49465],[5.448101,52.494461],[5.447419,52.494313],[5.446717,52.494206],[5.446001,52.494141],[5.445278,52.49412],[5.444555,52.494141],[5.443838,52.494206],[5.443136,52.494313],[5.442454,52.494461],[5.4418,52.49465],[5.441179,52.494877],[5.440597,52.495139],[5.440061,52.495435],[5.439575,52.495762],[5.439143,52.496116],[5.438771,52.496494],[5.438461,52.496892],[5.438217,52.497307],[5.438042,52.497735],[5.437935,52.498171],[5.4379,52.498611],[5.437935,52.499051],[5.438042,52.499487],[5.438217,52.499915],[5.438461,52.50033],[5.438771,52.500728],[5.439143,52.501106],[5.439575,52.501461],[5.440061,52.501787],[5.440597,52.502083],[5.441179,52.502346],[5.4418,52.502572],[5.442454,52.502761],[5.443136,52.502909],[5.443838,52.503016],[5.444555,52.503081],[5.445278,52.503103]]]}},{"type":"Feature","properties":{"identifier":"5.226","name":"Industriegebied met risicos op zware ongevallen","restriction":"CONDITIONAL","rule":"OPEN cat. vluchten zijn hier verboden SPEC cat. vluchten vereisen een privilege op de exploitatievergunning","category":"industrie","source":"AIP Nederland ENR 5.3, ED-269, 22 juli 2024"},"geometry":{"type":"Polygon","coordinates":[[[5.481944,52.237269],[5.482663,52.237248],[5.483375,52.237183],[5.484073,52.237076],[5.484751,52.236927],[5.485402,52.236739],[5.486019,52.236512],[5.486597,52.23625],[5.48713,52.235954],[5.487613,52.235627],[5.488042,52.235273],[5.488412,52.234895],[5.48872,52.234497],[5.488962,52.234082],[5.489137,52.233654],[5.489243,52.233218],[5.489278,52.232778],[5.489243,52.232338],[5.489137,52.231902],[5.488962,52.231474],[5.48872,52.231059],[5.488412,52.23066],[5.488042,52.230282],[5.487613,52.229928],[5.48713,52.229602],[5.486597,52.229306],[5.486019,52.229043],[5.485402,52.228817],[5.484751,52.228628],[5.484073,52.22848],[5.483375,52.228373],[5.482663,52.228308],[5.481944,52.228286],[5.481226,52.228308],[5.480514,52.228373],[5.479816,52.22848],[5.479138,52.228628],[5.478487,52.228817],[5.47787,52.229043],[5.477292,52.229306],[5.476759,52.229602],[5.476275,52.229928],[5.475847,52.230282],[5.475477,52.23066],[5.475169,52.231059],[5.474927,52.231474],[5.474752,52.231902],[5.474646,52.232338],[5.474611,52.232778],[5.474646,52.233218],[5.474752,52.233654],[5.474927,52.234082],[5.475169,52.234497],[5.475477,52.234895],[5.475847,52.235273],[5.476275,52.235627],[5.476759,52.235954],[5.477292,52.23625],[5.47787,52.236512],[5.478487,52.236739],[5.479138,52.236927],[5.479816,52.237076],[5.480514,52.237183],[5.481226,52.237248],[5.481944,52.237269]]]}},{"type":"Feature","properties":{"identifier":"5.227","name":"Industriegebied met risicos op zware ongevallen","restriction":"CONDITIONAL","rule":"OPEN cat. vluchten zijn hier verboden SPEC cat. vluchten vereisen een privilege op de exploitatievergunning","category":"industrie","source":"AIP Nederland ENR 5.3, ED-269, 22 juli 2024"},"geometry":{"type":"Polygon","coordinates":[[[6.906944,52.779214],[6.907672,52.779192],[6.908393,52.779127],[6.9091,52.77902],[6.909786,52.778872],[6.910444,52.778683],[6.911069,52.778457],[6.911655,52.778194],[6.912195,52.777898],[6.912684,52.777572],[6.913118,52.777218],[6.913492,52.77684],[6.913804,52.776441],[6.914049,52.776026],[6.914226,52.775598],[6.914333,52.775162],[6.914369,52.774722],[6.914333,52.774282],[6.914226,52.773846],[6.914049,52.773418],[6.913804,52.773003],[6.913492,52.772605],[6.913118,52.772227],[6.912684,52.771873],[6.912195,52.771546],[6.911655,52.77125],[6.911069,52.770988],[6.910444,52.770761],[6.909786,52.770573],[6.9091,52.770424],[6.908393,52.770317],[6.907672,52.770252],[6.906944,52.770231],[6.906217,52.770252],[6.905496,52.770317],[6.904789,52.770424],[6.904103,52.770573],[6.903444,52.770761],[6.90282,52.770988],[6.902234,52.77125],[6.901694,52.771546],[6.901205,52.771873],[6.900771,52.772227],[6.900396,52.772605],[6.900085,52.773003],[6.899839,52.773418],[6.899662,52.773846],[6.899555,52.774282],[6.89952,52.774722],[6.899555,52.775162],[6.899662,52.775598],[6.899839,52.776026],[6.900085,52.776441],[6.900396,52.77684],[6.900771,52.777218],[6.901205,52.777572],[6.901694,52.777898],[6.902234,52.778194],[6.90282,52.778457],[6.903444,52.778683],[6.904103,52.778872],[6.904789,52.77902],[6.905496,52.779127],[6.906217,52.779192],[6.906944,52.779214]]]}},{"type":"Feature","properties":{"identifier":"5.228","name":"Industriegebied met risicos op zware ongevallen","restriction":"CONDITIONAL","rule":"OPEN cat. vluchten zijn hier verboden SPEC cat. vluchten vereisen een privilege op de exploitatievergunning","category":"industrie","source":"AIP Nederland ENR 5.3, ED-269, 22 juli 2024"},"geometry":{"type":"Polygon","coordinates":[[[4.020278,51.366992],[4.020983,51.36697],[4.021681,51.366905],[4.022366,51.366798],[4.023031,51.36665],[4.023669,51.366461],[4.024274,51.366235],[4.024841,51.365972],[4.025364,51.365676],[4.025838,51.365349],[4.026259,51.364995],[4.026622,51.364617],[4.026924,51.364219],[4.027162,51.363804],[4.027333,51.363376],[4.027437,51.36294],[4.027471,51.3625],[4.027437,51.36206],[4.027333,51.361624],[4.027162,51.361196],[4.026924,51.360781],[4.026622,51.360383],[4.026259,51.360005],[4.025838,51.359651],[4.025364,51.359324],[4.024841,51.359028],[4.024274,51.358765],[4.023669,51.358539],[4.023031,51.35835],[4.022366,51.358202],[4.021681,51.358095],[4.020983,51.35803],[4.020278,51.358008],[4.019573,51.35803],[4.018874,51.358095],[4.01819,51.358202],[4.017525,51.35835],[4.016887,51.358539],[4.016281,51.358765],[4.015714,51.359028],[4.015191,51.359324],[4.014717,51.359651],[4.014297,51.360005],[4.013934,51.360383],[4.013632,51.360781],[4.013394,51.361196],[4.013222,51.361624],[4.013119,51.36206],[4.013084,51.3625],[4.013119,51.36294],[4.013222,51.363376],[4.013394,51.363804],[4.013632,51.364219],[4.013934,51.364617],[4.014297,51.364995],[4.014717,51.365349],[4.015191,51.365676],[4.015714,51.365972],[4.016281,51.366235],[4.016887,51.366461],[4.017525,51.36665],[4.01819,51.366798],[4.018874,51.366905],[4.019573,51.36697],[4.020278,51.366992]]]}},{"type":"Feature","properties":{"identifier":"5.229","name":"Industriegebied met risicos op zware ongevallen","restriction":"CONDITIONAL","rule":"OPEN cat. vluchten zijn hier verboden SPEC cat. vluchten vereisen een privilege op de exploitatievergunning","category":"industrie","source":"AIP Nederland ENR 5.3, ED-269, 22 juli 2024"},"geometry":{"type":"Polygon","coordinates":[[[6.735556,53.178103],[6.73629,53.178081],[6.737017,53.178016],[6.737731,53.177909],[6.738423,53.177761],[6.739088,53.177572],[6.739719,53.177346],[6.740309,53.177083],[6.740854,53.176787],[6.741348,53.176461],[6.741786,53.176106],[6.742164,53.175728],[6.742479,53.17533],[6.742726,53.174915],[6.742905,53.174487],[6.743013,53.174051],[6.743049,53.173611],[6.743013,53.173171],[6.742905,53.172735],[6.742726,53.172307],[6.742479,53.171892],[6.742164,53.171494],[6.741786,53.171116],[6.741348,53.170762],[6.740854,53.170435],[6.740309,53.170139],[6.739719,53.169877],[6.739088,53.16965],[6.738423,53.169461],[6.737731,53.169313],[6.737017,53.169206],[6.73629,53.169141],[6.735556,53.16912],[6.734821,53.169141],[6.734094,53.169206],[6.73338,53.169313],[6.732688,53.169461],[6.732023,53.16965],[6.731392,53.169877],[6.730802,53.170139],[6.730257,53.170435],[6.729763,53.170762],[6.729325,53.171116],[6.728947,53.171494],[6.728632,53.171892],[6.728385,53.172307],[6.728206,53.172735],[6.728098,53.173171],[6.728062,53.173611],[6.728098,53.174051],[6.728206,53.174487],[6.728385,53.174915],[6.728632,53.17533],[6.728947,53.175728],[6.729325,53.176106],[6.729763,53.176461],[6.730257,53.176787],[6.730802,53.177083],[6.731392,53.177346],[6.732023,53.177572],[6.732688,53.177761],[6.73338,53.177909],[6.734094,53.178016],[6.734821,53.178081],[6.735556,53.178103]]]}},{"type":"Feature","properties":{"identifier":"5.230","name":"Industriegebied met risicos op zware ongevallen","restriction":"CONDITIONAL","rule":"OPEN cat. vluchten zijn hier verboden SPEC cat. vluchten vereisen een privilege op de exploitatievergunning","category":"industrie","source":"AIP Nederland ENR 5.3, ED-269, 22 juli 2024"},"geometry":{"type":"Polygon","coordinates":[[[3.840556,51.302825],[3.84126,51.302803],[3.841957,51.302739],[3.842641,51.302632],[3.843305,51.302483],[3.843942,51.302295],[3.844546,51.302068],[3.845113,51.301805],[3.845635,51.301509],[3.846108,51.301183],[3.846528,51.300829],[3.846891,51.300451],[3.847192,51.300052],[3.84743,51.299637],[3.847601,51.29921],[3.847704,51.298774],[3.847739,51.298333],[3.847704,51.297893],[3.847601,51.297457],[3.84743,51.297029],[3.847192,51.296614],[3.846891,51.296216],[3.846528,51.295838],[3.846108,51.295484],[3.845635,51.295157],[3.845113,51.294861],[3.844546,51.294599],[3.843942,51.294372],[3.843305,51.294184],[3.842641,51.294035],[3.841957,51.293928],[3.84126,51.293863],[3.840556,51.293842],[3.839851,51.293863],[3.839154,51.293928],[3.83847,51.294035],[3.837807,51.294184],[3.837169,51.294372],[3.836565,51.294599],[3.835998,51.294861],[3.835476,51.295157],[3.835003,51.295484],[3.834583,51.295838],[3.83422,51.296216],[3.833919,51.296614],[3.833681,51.297029],[3.83351,51.297457],[3.833407,51.297893],[3.833372,51.298333],[3.833407,51.298774],[3.83351,51.29921],[3.833681,51.299637],[3.833919,51.300052],[3.83422,51.300451],[3.834583,51.300829],[3.835003,51.301183],[3.835476,51.301509],[3.835998,51.301805],[3.836565,51.302068],[3.837169,51.302295],[3.837807,51.302483],[3.83847,51.302632],[3.839154,51.302739],[3.839851,51.302803],[3.840556,51.302825]]]}},{"type":"Feature","properties":{"identifier":"5.231","name":"Industriegebied met risicos op zware ongevallen","restriction":"CONDITIONAL","rule":"OPEN cat. vluchten zijn hier verboden SPEC cat. vluchten vereisen een privilege op de exploitatievergunning","category":"industrie","source":"AIP Nederland ENR 5.3, ED-269, 22 juli 2024"},"geometry":{"type":"Polygon","coordinates":[[[4.989444,51.87088],[4.990157,51.870859],[4.990863,51.870794],[4.991556,51.870687],[4.992228,51.870539],[4.992873,51.87035],[4.993486,51.870123],[4.994059,51.869861],[4.994588,51.869565],[4.995067,51.869238],[4.995492,51.868884],[4.995859,51.868506],[4.996165,51.868108],[4.996405,51.867693],[4.996579,51.867265],[4.996683,51.866829],[4.996718,51.866389],[4.996683,51.865949],[4.996579,51.865513],[4.996405,51.865085],[4.996165,51.86467],[4.995859,51.864272],[4.995492,51.863894],[4.995067,51.863539],[4.994588,51.863213],[4.994059,51.862917],[4.993486,51.862654],[4.992873,51.862428],[4.992228,51.862239],[4.991556,51.862091],[4.990863,51.861984],[4.990157,51.861919],[4.989444,51.861897],[4.988731,51.861919],[4.988025,51.861984],[4.987333,51.862091],[4.986661,51.862239],[4.986016,51.862428],[4.985403,51.862654],[4.98483,51.862917],[4.984301,51.863213],[4.983822,51.863539],[4.983396,51.863894],[4.983029,51.864272],[4.982724,51.86467],[4.982484,51.865085],[4.98231,51.865513],[4.982206,51.865949],[4.982171,51.866389],[4.982206,51.866829],[4.98231,51.867265],[4.982484,51.867693],[4.982724,51.868108],[4.983029,51.868506],[4.983396,51.868884],[4.983822,51.869238],[4.984301,51.869565],[4.98483,51.869861],[4.985403,51.870123],[4.986016,51.87035],[4.986661,51.870539],[4.987333,51.870687],[4.988025,51.870794],[4.988731,51.870859],[4.989444,51.87088]]]}},{"type":"Feature","properties":{"identifier":"5.232","name":"Industriegebied met risicos op zware ongevallen","restriction":"CONDITIONAL","rule":"OPEN cat. vluchten zijn hier verboden SPEC cat. vluchten vereisen een privilege op de exploitatievergunning","category":"industrie","source":"AIP Nederland ENR 5.3, ED-269, 22 juli 2024"},"geometry":{"type":"Polygon","coordinates":[[[5.650556,51.24588],[5.651259,51.245859],[5.651955,51.245794],[5.652638,51.245687],[5.653301,51.245539],[5.653938,51.24535],[5.654542,51.245123],[5.655107,51.244861],[5.655629,51.244565],[5.656102,51.244238],[5.656521,51.243884],[5.656883,51.243506],[5.657184,51.243108],[5.657421,51.242693],[5.657592,51.242265],[5.657696,51.241829],[5.65773,51.241389],[5.657696,51.240949],[5.657592,51.240513],[5.657421,51.240085],[5.657184,51.23967],[5.656883,51.239272],[5.656521,51.238894],[5.656102,51.238539],[5.655629,51.238213],[5.655107,51.237917],[5.654542,51.237654],[5.653938,51.237428],[5.653301,51.237239],[5.652638,51.237091],[5.651955,51.236984],[5.651259,51.236919],[5.650556,51.236897],[5.649852,51.236919],[5.649156,51.236984],[5.648473,51.237091],[5.64781,51.237239],[5.647173,51.237428],[5.64657,51.237654],[5.646004,51.237917],[5.645482,51.238213],[5.64501,51.238539],[5.64459,51.238894],[5.644228,51.239272],[5.643927,51.23967],[5.64369,51.240085],[5.643519,51.240513],[5.643416,51.240949],[5.643381,51.241389],[5.643416,51.241829],[5.643519,51.242265],[5.64369,51.242693],[5.643927,51.243108],[5.644228,51.243506],[5.64459,51.243884],[5.64501,51.244238],[5.645482,51.244565],[5.646004,51.244861],[5.64657,51.245123],[5.647173,51.24535],[5.64781,51.245539],[5.648473,51.245687],[5.649156,51.245794],[5.649852,51.245859],[5.650556,51.24588]]]}},{"type":"Feature","properties":{"identifier":"5.233","name":"Industriegebied met risicos op zware ongevallen","restriction":"CONDITIONAL","rule":"OPEN cat. vluchten zijn hier verboden SPEC cat. vluchten vereisen een privilege op de exploitatievergunning","category":"industrie","source":"AIP Nederland ENR 5.3, ED-269, 22 juli 2024"},"geometry":{"type":"Polygon","coordinates":[[[5.581389,52.271992],[5.582108,52.27197],[5.582821,52.271905],[5.583519,52.271798],[5.584198,52.27165],[5.584849,52.271461],[5.585466,52.271235],[5.586045,52.270972],[5.586579,52.270676],[5.587062,52.270349],[5.587491,52.269995],[5.587862,52.269617],[5.58817,52.269219],[5.588412,52.268804],[5.588587,52.268376],[5.588693,52.26794],[5.588728,52.2675],[5.588693,52.26706],[5.588587,52.266624],[5.588412,52.266196],[5.58817,52.265781],[5.587862,52.265383],[5.587491,52.265005],[5.587062,52.264651],[5.586579,52.264324],[5.586045,52.264028],[5.585466,52.263765],[5.584849,52.263539],[5.584198,52.26335],[5.583519,52.263202],[5.582821,52.263095],[5.582108,52.26303],[5.581389,52.263008],[5.580669,52.26303],[5.579957,52.263095],[5.579258,52.263202],[5.57858,52.26335],[5.577929,52.263539],[5.577311,52.263765],[5.576733,52.264028],[5.576199,52.264324],[5.575715,52.264651],[5.575286,52.265005],[5.574916,52.265383],[5.574608,52.265781],[5.574365,52.266196],[5.57419,52.266624],[5.574085,52.26706],[5.574049,52.2675],[5.574085,52.26794],[5.57419,52.268376],[5.574365,52.268804],[5.574608,52.269219],[5.574916,52.269617],[5.575286,52.269995],[5.575715,52.270349],[5.576199,52.270676],[5.576733,52.270972],[5.577311,52.271235],[5.577929,52.271461],[5.57858,52.27165],[5.579258,52.271798],[5.579957,52.271905],[5.580669,52.27197],[5.581389,52.271992]]]}},{"type":"Feature","properties":{"identifier":"5.234","name":"Industriegebied met risicos op zware ongevallen","restriction":"CONDITIONAL","rule":"OPEN cat. vluchten zijn hier verboden SPEC cat. vluchten vereisen een privilege op de exploitatievergunning","category":"industrie","source":"AIP Nederland ENR 5.3, ED-269, 22 juli 2024"},"geometry":{"type":"Polygon","coordinates":[[[5.550556,51.786714],[5.551267,51.786692],[5.551972,51.786627],[5.552663,51.78652],[5.553334,51.786372],[5.553978,51.786183],[5.554589,51.785957],[5.555161,51.785694],[5.555689,51.785398],[5.556168,51.785072],[5.556592,51.784718],[5.556959,51.78434],[5.557263,51.783941],[5.557503,51.783526],[5.557676,51.783098],[5.557781,51.782662],[5.557816,51.782222],[5.557781,51.781782],[5.557676,51.781346],[5.557503,51.780918],[5.557263,51.780503],[5.556959,51.780105],[5.556592,51.779727],[5.556168,51.779373],[5.555689,51.779046],[5.555161,51.77875],[5.554589,51.778488],[5.553978,51.778261],[5.553334,51.778073],[5.552663,51.777924],[5.551972,51.777817],[5.551267,51.777752],[5.550556,51.777731],[5.549844,51.777752],[5.549139,51.777817],[5.548448,51.777924],[5.547777,51.778073],[5.547133,51.778261],[5.546522,51.778488],[5.54595,51.77875],[5.545422,51.779046],[5.544943,51.779373],[5.544519,51.779727],[5.544153,51.780105],[5.543848,51.780503],[5.543608,51.780918],[5.543435,51.781346],[5.54333,51.781782],[5.543295,51.782222],[5.54333,51.782662],[5.543435,51.783098],[5.543608,51.783526],[5.543848,51.783941],[5.544153,51.78434],[5.544519,51.784718],[5.544943,51.785072],[5.545422,51.785398],[5.54595,51.785694],[5.546522,51.785957],[5.547133,51.786183],[5.547777,51.786372],[5.548448,51.78652],[5.549139,51.786627],[5.549844,51.786692],[5.550556,51.786714]]]}},{"type":"Feature","properties":{"identifier":"5.235","name":"Industriegebied met risicos op zware ongevallen","restriction":"CONDITIONAL","rule":"OPEN cat. vluchten zijn hier verboden SPEC cat. vluchten vereisen een privilege op de exploitatievergunning","category":"industrie","source":"AIP Nederland ENR 5.3, ED-269, 22 juli 2024"},"geometry":{"type":"Polygon","coordinates":[[[4.471111,51.867269],[4.471824,51.867248],[4.47253,51.867183],[4.473222,51.867076],[4.473894,51.866927],[4.47454,51.866739],[4.475152,51.866512],[4.475725,51.86625],[4.476254,51.865954],[4.476733,51.865627],[4.477159,51.865273],[4.477526,51.864895],[4.477831,51.864497],[4.478071,51.864082],[4.478245,51.863654],[4.478349,51.863218],[4.478384,51.862778],[4.478349,51.862338],[4.478245,51.861902],[4.478071,51.861474],[4.477831,51.861059],[4.477526,51.86066],[4.477159,51.860282],[4.476733,51.859928],[4.476254,51.859602],[4.475725,51.859306],[4.475152,51.859043],[4.47454,51.858817],[4.473894,51.858628],[4.473222,51.85848],[4.47253,51.858373],[4.471824,51.858308],[4.471111,51.858286],[4.470398,51.858308],[4.469692,51.858373],[4.469,51.85848],[4.468328,51.858628],[4.467683,51.858817],[4.46707,51.859043],[4.466497,51.859306],[4.465968,51.859602],[4.465489,51.859928],[4.465064,51.860282],[4.464697,51.86066],[4.464392,51.861059],[4.464151,51.861474],[4.463978,51.861902],[4.463873,51.862338],[4.463838,51.862778],[4.463873,51.863218],[4.463978,51.863654],[4.464151,51.864082],[4.464392,51.864497],[4.464697,51.864895],[4.465064,51.865273],[4.465489,51.865627],[4.465968,51.865954],[4.466497,51.86625],[4.46707,51.866512],[4.467683,51.866739],[4.468328,51.866927],[4.469,51.867076],[4.469692,51.867183],[4.470398,51.867248],[4.471111,51.867269]]]}},{"type":"Feature","properties":{"identifier":"5.236","name":"Industriegebied met risicos op zware ongevallen","restriction":"CONDITIONAL","rule":"OPEN cat. vluchten zijn hier verboden SPEC cat. vluchten vereisen een privilege op de exploitatievergunning","category":"industrie","source":"AIP Nederland ENR 5.3, ED-269, 22 juli 2024"},"geometry":{"type":"Polygon","coordinates":[[[5.707778,50.884492],[5.708476,50.88447],[5.709167,50.884405],[5.709844,50.884298],[5.710502,50.88415],[5.711134,50.883961],[5.711733,50.883735],[5.712294,50.883472],[5.712812,50.883176],[5.713281,50.882849],[5.713697,50.882495],[5.714056,50.882117],[5.714355,50.881719],[5.71459,50.881304],[5.71476,50.880876],[5.714862,50.88044],[5.714897,50.88],[5.714862,50.87956],[5.71476,50.879124],[5.71459,50.878696],[5.714355,50.878281],[5.714056,50.877883],[5.713697,50.877505],[5.713281,50.877151],[5.712812,50.876824],[5.712294,50.876528],[5.711733,50.876265],[5.711134,50.876039],[5.710502,50.87585],[5.709844,50.875702],[5.709167,50.875595],[5.708476,50.87553],[5.707778,50.875508],[5.70708,50.87553],[5.706389,50.875595],[5.705711,50.875702],[5.705054,50.87585],[5.704422,50.876039],[5.703823,50.876265],[5.703262,50.876528],[5.702744,50.876824],[5.702275,50.877151],[5.701859,50.877505],[5.7015,50.877883],[5.701201,50.878281],[5.700966,50.878696],[5.700796,50.879124],[5.700693,50.87956],[5.700659,50.88],[5.700693,50.88044],[5.700796,50.880876],[5.700966,50.881304],[5.701201,50.881719],[5.7015,50.882117],[5.701859,50.882495],[5.702275,50.882849],[5.702744,50.883176],[5.703262,50.883472],[5.703823,50.883735],[5.704422,50.883961],[5.705054,50.88415],[5.705711,50.884298],[5.706389,50.884405],[5.70708,50.88447],[5.707778,50.884492]]]}},{"type":"Feature","properties":{"identifier":"5.237","name":"Industriegebied met risicos op zware ongevallen","restriction":"CONDITIONAL","rule":"OPEN cat. vluchten zijn hier verboden SPEC cat. vluchten vereisen een privilege op de exploitatievergunning","category":"industrie","source":"AIP Nederland ENR 5.3, ED-269, 22 juli 2024"},"geometry":{"type":"Polygon","coordinates":[[[5.451111,52.086992],[5.451828,52.08697],[5.452537,52.086905],[5.453233,52.086798],[5.453908,52.08665],[5.454557,52.086461],[5.455172,52.086235],[5.455748,52.085972],[5.456279,52.085676],[5.456761,52.085349],[5.457188,52.084995],[5.457557,52.084617],[5.457864,52.084219],[5.458105,52.083804],[5.45828,52.083376],[5.458385,52.08294],[5.45842,52.0825],[5.458385,52.08206],[5.45828,52.081624],[5.458105,52.081196],[5.457864,52.080781],[5.457557,52.080383],[5.457188,52.080005],[5.456761,52.079651],[5.456279,52.079324],[5.455748,52.079028],[5.455172,52.078765],[5.454557,52.078539],[5.453908,52.07835],[5.453233,52.078202],[5.452537,52.078095],[5.451828,52.07803],[5.451111,52.078008],[5.450395,52.07803],[5.449685,52.078095],[5.448989,52.078202],[5.448314,52.07835],[5.447666,52.078539],[5.44705,52.078765],[5.446474,52.079028],[5.445943,52.079324],[5.445461,52.079651],[5.445034,52.080005],[5.444665,52.080383],[5.444358,52.080781],[5.444117,52.081196],[5.443943,52.081624],[5.443837,52.08206],[5.443802,52.0825],[5.443837,52.08294],[5.443943,52.083376],[5.444117,52.083804],[5.444358,52.084219],[5.444665,52.084617],[5.445034,52.084995],[5.445461,52.085349],[5.445943,52.085676],[5.446474,52.085972],[5.44705,52.086235],[5.447666,52.086461],[5.448314,52.08665],[5.448989,52.086798],[5.449685,52.086905],[5.450395,52.08697],[5.451111,52.086992]]]}},{"type":"Feature","properties":{"identifier":"5.238","name":"Industriegebied met risicos op zware ongevallen","restriction":"CONDITIONAL","rule":"OPEN cat. vluchten zijn hier verboden SPEC cat. vluchten vereisen een privilege op de exploitatievergunning","category":"industrie","source":"AIP Nederland ENR 5.3, ED-269, 22 juli 2024"},"geometry":{"type":"Polygon","coordinates":[[[4.211667,51.707269],[4.212377,51.707248],[4.213081,51.707183],[4.213771,51.707076],[4.21444,51.706927],[4.215083,51.706739],[4.215693,51.706512],[4.216264,51.70625],[4.216791,51.705954],[4.217269,51.705627],[4.217693,51.705273],[4.218058,51.704895],[4.218362,51.704497],[4.218602,51.704082],[4.218775,51.703654],[4.218879,51.703218],[4.218914,51.702778],[4.218879,51.702338],[4.218775,51.701902],[4.218602,51.701474],[4.218362,51.701059],[4.218058,51.70066],[4.217693,51.700282],[4.217269,51.699928],[4.216791,51.699602],[4.216264,51.699306],[4.215693,51.699043],[4.215083,51.698817],[4.21444,51.698628],[4.213771,51.69848],[4.213081,51.698373],[4.212377,51.698308],[4.211667,51.698286],[4.210956,51.698308],[4.210253,51.698373],[4.209563,51.69848],[4.208893,51.698628],[4.20825,51.698817],[4.20764,51.699043],[4.207069,51.699306],[4.206542,51.699602],[4.206064,51.699928],[4.205641,51.700282],[4.205275,51.70066],[4.204971,51.701059],[4.204731,51.701474],[4.204558,51.701902],[4.204454,51.702338],[4.204419,51.702778],[4.204454,51.703218],[4.204558,51.703654],[4.204731,51.704082],[4.204971,51.704497],[4.205275,51.704895],[4.205641,51.705273],[4.206064,51.705627],[4.206542,51.705954],[4.207069,51.70625],[4.20764,51.706512],[4.20825,51.706739],[4.208893,51.706927],[4.209563,51.707076],[4.210253,51.707183],[4.210956,51.707248],[4.211667,51.707269]]]}},{"type":"Feature","properties":{"identifier":"5.239","name":"Industriegebied met risicos op zware ongevallen","restriction":"CONDITIONAL","rule":"OPEN cat. vluchten zijn hier verboden SPEC cat. vluchten vereisen een privilege op de exploitatievergunning","category":"industrie","source":"AIP Nederland ENR 5.3, ED-269, 22 juli 2024"},"geometry":{"type":"Polygon","coordinates":[[[4.840833,51.69588],[4.841544,51.695859],[4.842247,51.695794],[4.842937,51.695687],[4.843606,51.695539],[4.844249,51.69535],[4.844859,51.695123],[4.84543,51.694861],[4.845957,51.694565],[4.846434,51.694238],[4.846858,51.693884],[4.847223,51.693506],[4.847527,51.693108],[4.847767,51.692693],[4.84794,51.692265],[4.848044,51.691829],[4.848079,51.691389],[4.848044,51.690949],[4.84794,51.690513],[4.847767,51.690085],[4.847527,51.68967],[4.847223,51.689272],[4.846858,51.688894],[4.846434,51.688539],[4.845957,51.688213],[4.84543,51.687917],[4.844859,51.687654],[4.844249,51.687428],[4.843606,51.687239],[4.842937,51.687091],[4.842247,51.686984],[4.841544,51.686919],[4.840833,51.686897],[4.840123,51.686919],[4.83942,51.686984],[4.83873,51.687091],[4.838061,51.687239],[4.837418,51.687428],[4.836808,51.687654],[4.836237,51.687917],[4.83571,51.688213],[4.835232,51.688539],[4.834809,51.688894],[4.834443,51.689272],[4.834139,51.68967],[4.8339,51.690085],[4.833727,51.690513],[4.833623,51.690949],[4.833588,51.691389],[4.833623,51.691829],[4.833727,51.692265],[4.8339,51.692693],[4.834139,51.693108],[4.834443,51.693506],[4.834809,51.693884],[4.835232,51.694238],[4.83571,51.694565],[4.836237,51.694861],[4.836808,51.695123],[4.837418,51.69535],[4.838061,51.695539],[4.83873,51.695687],[4.83942,51.695794],[4.840123,51.695859],[4.840833,51.69588]]]}},{"type":"Feature","properties":{"identifier":"5.240","name":"Industriegebied met risicos op zware ongevallen","restriction":"CONDITIONAL","rule":"OPEN cat. vluchten zijn hier verboden SPEC cat. vluchten vereisen een privilege op de exploitatievergunning","category":"industrie","source":"AIP Nederland ENR 5.3, ED-269, 22 juli 2024"},"geometry":{"type":"Polygon","coordinates":[[[6.8,52.25338],[6.800719,52.253359],[6.801431,52.253294],[6.80213,52.253187],[6.802808,52.253039],[6.803458,52.25285],[6.804076,52.252623],[6.804654,52.252361],[6.805188,52.252065],[6.805671,52.251738],[6.8061,52.251384],[6.80647,52.251006],[6.806778,52.250608],[6.80702,52.250193],[6.807195,52.249765],[6.807301,52.249329],[6.807336,52.248889],[6.807301,52.248449],[6.807195,52.248013],[6.80702,52.247585],[6.806778,52.24717],[6.80647,52.246772],[6.8061,52.246394],[6.805671,52.246039],[6.805188,52.245713],[6.804654,52.245417],[6.804076,52.245154],[6.803458,52.244928],[6.802808,52.244739],[6.80213,52.244591],[6.801431,52.244484],[6.800719,52.244419],[6.8,52.244397],[6.799281,52.244419],[6.798569,52.244484],[6.79787,52.244591],[6.797192,52.244739],[6.796542,52.244928],[6.795924,52.245154],[6.795346,52.245417],[6.794812,52.245713],[6.794329,52.246039],[6.7939,52.246394],[6.79353,52.246772],[6.793222,52.24717],[6.79298,52.247585],[6.792805,52.248013],[6.792699,52.248449],[6.792664,52.248889],[6.792699,52.249329],[6.792805,52.249765],[6.79298,52.250193],[6.793222,52.250608],[6.79353,52.251006],[6.7939,52.251384],[6.794329,52.251738],[6.794812,52.252065],[6.795346,52.252361],[6.795924,52.252623],[6.796542,52.25285],[6.797192,52.253039],[6.79787,52.253187],[6.798569,52.253294],[6.799281,52.253359],[6.8,52.25338]]]}},{"type":"Feature","properties":{"identifier":"5.241","name":"Industriegebied met risicos op zware ongevallen","restriction":"CONDITIONAL","rule":"OPEN cat. vluchten zijn hier verboden SPEC cat. vluchten vereisen een privilege op de exploitatievergunning","category":"industrie","source":"AIP Nederland ENR 5.3, ED-269, 22 juli 2024"},"geometry":{"type":"Polygon","coordinates":[[[5.993333,51.206992],[5.994036,51.20697],[5.994732,51.206905],[5.995414,51.206798],[5.996077,51.20665],[5.996713,51.206461],[5.997316,51.206235],[5.997881,51.205972],[5.998402,51.205676],[5.998875,51.205349],[5.999294,51.204995],[5.999655,51.204617],[5.999956,51.204219],[6.000193,51.203804],[6.000364,51.203376],[6.000467,51.20294],[6.000502,51.2025],[6.000467,51.20206],[6.000364,51.201624],[6.000193,51.201196],[5.999956,51.200781],[5.999655,51.200383],[5.999294,51.200005],[5.998875,51.199651],[5.998402,51.199324],[5.997881,51.199028],[5.997316,51.198765],[5.996713,51.198539],[5.996077,51.19835],[5.995414,51.198202],[5.994732,51.198095],[5.994036,51.19803],[5.993333,51.198008],[5.992631,51.19803],[5.991935,51.198095],[5.991252,51.198202],[5.99059,51.19835],[5.989954,51.198539],[5.989351,51.198765],[5.988786,51.199028],[5.988264,51.199324],[5.987792,51.199651],[5.987373,51.200005],[5.987011,51.200383],[5.98671,51.200781],[5.986473,51.201196],[5.986303,51.201624],[5.986199,51.20206],[5.986165,51.2025],[5.986199,51.20294],[5.986303,51.203376],[5.986473,51.203804],[5.98671,51.204219],[5.987011,51.204617],[5.987373,51.204995],[5.987792,51.205349],[5.988264,51.205676],[5.988786,51.205972],[5.989351,51.206235],[5.989954,51.206461],[5.99059,51.20665],[5.991252,51.206798],[5.991935,51.206905],[5.992631,51.20697],[5.993333,51.206992]]]}},{"type":"Feature","properties":{"identifier":"5.242","name":"Industriegebied met risicos op zware ongevallen","restriction":"CONDITIONAL","rule":"OPEN cat. vluchten zijn hier verboden SPEC cat. vluchten vereisen een privilege op de exploitatievergunning","category":"industrie","source":"AIP Nederland ENR 5.3, ED-269, 22 juli 2024"},"geometry":{"type":"Polygon","coordinates":[[[5.106389,52.058936],[5.107105,52.058914],[5.107814,52.05885],[5.108509,52.058743],[5.109184,52.058594],[5.109832,52.058406],[5.110447,52.058179],[5.111023,52.057916],[5.111554,52.05762],[5.112035,52.057294],[5.112462,52.05694],[5.112831,52.056562],[5.113137,52.056163],[5.113379,52.055748],[5.113553,52.055321],[5.113658,52.054885],[5.113693,52.054444],[5.113658,52.054004],[5.113553,52.053568],[5.113379,52.053141],[5.113137,52.052726],[5.112831,52.052327],[5.112462,52.051949],[5.112035,52.051595],[5.111554,52.051268],[5.111023,52.050972],[5.110447,52.05071],[5.109832,52.050483],[5.109184,52.050295],[5.108509,52.050146],[5.107814,52.050039],[5.107105,52.049974],[5.106389,52.049953],[5.105673,52.049974],[5.104964,52.050039],[5.104269,52.050146],[5.103594,52.050295],[5.102946,52.050483],[5.102331,52.05071],[5.101755,52.050972],[5.101224,52.051268],[5.100742,52.051595],[5.100315,52.051949],[5.099947,52.052327],[5.09964,52.052726],[5.099399,52.053141],[5.099225,52.053568],[5.09912,52.054004],[5.099084,52.054444],[5.09912,52.054885],[5.099225,52.055321],[5.099399,52.055748],[5.09964,52.056163],[5.099947,52.056562],[5.100315,52.05694],[5.100742,52.057294],[5.101224,52.05762],[5.101755,52.057916],[5.102331,52.058179],[5.102946,52.058406],[5.103594,52.058594],[5.104269,52.058743],[5.104964,52.05885],[5.105673,52.058914],[5.106389,52.058936]]]}},{"type":"Feature","properties":{"identifier":"5.243","name":"Industriegebied met risicos op zware ongevallen","restriction":"CONDITIONAL","rule":"OPEN cat. vluchten zijn hier verboden SPEC cat. vluchten vereisen een privilege op de exploitatievergunning","category":"industrie","source":"AIP Nederland ENR 5.3, ED-269, 22 juli 2024"},"geometry":{"type":"Polygon","coordinates":[[[5.651944,51.964492],[5.652659,51.96447],[5.653366,51.964405],[5.65406,51.964298],[5.654734,51.96415],[5.65538,51.963961],[5.655994,51.963735],[5.656569,51.963472],[5.657099,51.963176],[5.657579,51.962849],[5.658005,51.962495],[5.658373,51.962117],[5.658679,51.961719],[5.65892,51.961304],[5.659093,51.960876],[5.659198,51.96044],[5.659233,51.96],[5.659198,51.95956],[5.659093,51.959124],[5.65892,51.958696],[5.658679,51.958281],[5.658373,51.957883],[5.658005,51.957505],[5.657579,51.957151],[5.657099,51.956824],[5.656569,51.956528],[5.655994,51.956265],[5.65538,51.956039],[5.654734,51.95585],[5.65406,51.955702],[5.653366,51.955595],[5.652659,51.95553],[5.651944,51.955508],[5.65123,51.95553],[5.650522,51.955595],[5.649829,51.955702],[5.649155,51.95585],[5.648508,51.956039],[5.647895,51.956265],[5.64732,51.956528],[5.64679,51.956824],[5.64631,51.957151],[5.645884,51.957505],[5.645516,51.957883],[5.64521,51.958281],[5.644969,51.958696],[5.644795,51.959124],[5.644691,51.95956],[5.644655,51.96],[5.644691,51.96044],[5.644795,51.960876],[5.644969,51.961304],[5.64521,51.961719],[5.645516,51.962117],[5.645884,51.962495],[5.64631,51.962849],[5.64679,51.963176],[5.64732,51.963472],[5.647895,51.963735],[5.648508,51.963961],[5.649155,51.96415],[5.649829,51.964298],[5.650522,51.964405],[5.65123,51.96447],[5.651944,51.964492]]]}},{"type":"Feature","properties":{"identifier":"5.244","name":"Industriegebied met risicos op zware ongevallen","restriction":"CONDITIONAL","rule":"OPEN cat. vluchten zijn hier verboden SPEC cat. vluchten vereisen een privilege op de exploitatievergunning","category":"industrie","source":"AIP Nederland ENR 5.3, ED-269, 22 juli 2024"},"geometry":{"type":"Polygon","coordinates":[[[6.073889,52.523936],[6.074612,52.523914],[6.075329,52.52385],[6.076032,52.523743],[6.076714,52.523594],[6.077368,52.523406],[6.07799,52.523179],[6.078572,52.522916],[6.079108,52.52262],[6.079595,52.522294],[6.080026,52.52194],[6.080399,52.521562],[6.080708,52.521163],[6.080953,52.520748],[6.081129,52.520321],[6.081235,52.519885],[6.08127,52.519444],[6.081235,52.519004],[6.081129,52.518568],[6.080953,52.518141],[6.080708,52.517726],[6.080399,52.517327],[6.080026,52.516949],[6.079595,52.516595],[6.079108,52.516268],[6.078572,52.515972],[6.07799,52.51571],[6.077368,52.515483],[6.076714,52.515295],[6.076032,52.515146],[6.075329,52.515039],[6.074612,52.514974],[6.073889,52.514953],[6.073165,52.514974],[6.072449,52.515039],[6.071746,52.515146],[6.071064,52.515295],[6.070409,52.515483],[6.069788,52.51571],[6.069206,52.515972],[6.068669,52.516268],[6.068183,52.516595],[6.067751,52.516949],[6.067379,52.517327],[6.067069,52.517726],[6.066825,52.518141],[6.066649,52.518568],[6.066543,52.519004],[6.066507,52.519444],[6.066543,52.519885],[6.066649,52.520321],[6.066825,52.520748],[6.067069,52.521163],[6.067379,52.521562],[6.067751,52.52194],[6.068183,52.522294],[6.068669,52.52262],[6.069206,52.522916],[6.069788,52.523179],[6.070409,52.523406],[6.071064,52.523594],[6.071746,52.523743],[6.072449,52.52385],[6.073165,52.523914],[6.073889,52.523936]]]}},{"type":"Feature","properties":{"identifier":"5.245","name":"Industriegebied met risicos op zware ongevallen","restriction":"CONDITIONAL","rule":"OPEN cat. vluchten zijn hier verboden SPEC cat. vluchten vereisen een privilege op de exploitatievergunning","category":"industrie","source":"AIP Nederland ENR 5.3, ED-269, 22 juli 2024"},"geometry":{"type":"Polygon","coordinates":[[[4.634444,52.475603],[4.635167,52.475581],[4.635883,52.475516],[4.636585,52.475409],[4.637266,52.475261],[4.63792,52.475072],[4.638541,52.474846],[4.639122,52.474583],[4.639658,52.474287],[4.640144,52.473961],[4.640575,52.473606],[4.640947,52.473228],[4.641257,52.47283],[4.6415,52.472415],[4.641676,52.471987],[4.641782,52.471551],[4.641818,52.471111],[4.641782,52.470671],[4.641676,52.470235],[4.6415,52.469807],[4.641257,52.469392],[4.640947,52.468994],[4.640575,52.468616],[4.640144,52.468262],[4.639658,52.467935],[4.639122,52.467639],[4.638541,52.467377],[4.63792,52.46715],[4.637266,52.466961],[4.636585,52.466813],[4.635883,52.466706],[4.635167,52.466641],[4.634444,52.46662],[4.633722,52.466641],[4.633006,52.466706],[4.632304,52.466813],[4.631623,52.466961],[4.630969,52.46715],[4.630348,52.467377],[4.629767,52.467639],[4.629231,52.467935],[4.628745,52.468262],[4.628314,52.468616],[4.627942,52.468994],[4.627632,52.469392],[4.627389,52.469807],[4.627213,52.470235],[4.627107,52.470671],[4.627071,52.471111],[4.627107,52.471551],[4.627213,52.471987],[4.627389,52.472415],[4.627632,52.47283],[4.627942,52.473228],[4.628314,52.473606],[4.628745,52.473961],[4.629231,52.474287],[4.629767,52.474583],[4.630348,52.474846],[4.630969,52.475072],[4.631623,52.475261],[4.632304,52.475409],[4.633006,52.475516],[4.633722,52.475581],[4.634444,52.475603]]]}},{"type":"Feature","properties":{"identifier":"5.246","name":"Industriegebied met risicos op zware ongevallen","restriction":"CONDITIONAL","rule":"OPEN cat. vluchten zijn hier verboden SPEC cat. vluchten vereisen een privilege op de exploitatievergunning","category":"industrie","source":"AIP Nederland ENR 5.3, ED-269, 22 juli 2024"},"geometry":{"type":"Polygon","coordinates":[[[6.032222,52.205603],[6.032941,52.205581],[6.033652,52.205516],[6.03435,52.205409],[6.035027,52.205261],[6.035677,52.205072],[6.036294,52.204846],[6.036871,52.204583],[6.037404,52.204287],[6.037887,52.203961],[6.038316,52.203606],[6.038685,52.203228],[6.038993,52.20283],[6.039235,52.202415],[6.03941,52.201987],[6.039515,52.201551],[6.039551,52.201111],[6.039515,52.200671],[6.03941,52.200235],[6.039235,52.199807],[6.038993,52.199392],[6.038685,52.198994],[6.038316,52.198616],[6.037887,52.198262],[6.037404,52.197935],[6.036871,52.197639],[6.036294,52.197377],[6.035677,52.19715],[6.035027,52.196961],[6.03435,52.196813],[6.033652,52.196706],[6.032941,52.196641],[6.032222,52.19662],[6.031504,52.196641],[6.030793,52.196706],[6.030095,52.196813],[6.029418,52.196961],[6.028768,52.19715],[6.028151,52.197377],[6.027573,52.197639],[6.02704,52.197935],[6.026557,52.198262],[6.026129,52.198616],[6.025759,52.198994],[6.025452,52.199392],[6.025209,52.199807],[6.025035,52.200235],[6.024929,52.200671],[6.024894,52.201111],[6.024929,52.201551],[6.025035,52.201987],[6.025209,52.202415],[6.025452,52.20283],[6.025759,52.203228],[6.026129,52.203606],[6.026557,52.203961],[6.02704,52.204287],[6.027573,52.204583],[6.028151,52.204846],[6.028768,52.205072],[6.029418,52.205261],[6.030095,52.205409],[6.030793,52.205516],[6.031504,52.205581],[6.032222,52.205603]]]}},{"type":"Feature","properties":{"identifier":"5.247","name":"Industriegebied met risicos op zware ongevallen","restriction":"CONDITIONAL","rule":"OPEN cat. vluchten zijn hier verboden SPEC cat. vluchten vereisen een privilege op de exploitatievergunning","category":"industrie","source":"AIP Nederland ENR 5.3, ED-269, 22 juli 2024"},"geometry":{"type":"Polygon","coordinates":[[[4.2475,51.877269],[4.248213,51.877248],[4.248919,51.877183],[4.249612,51.877076],[4.250284,51.876927],[4.250929,51.876739],[4.251542,51.876512],[4.252115,51.87625],[4.252644,51.875954],[4.253124,51.875627],[4.253549,51.875273],[4.253916,51.874895],[4.254221,51.874497],[4.254462,51.874082],[4.254635,51.873654],[4.25474,51.873218],[4.254775,51.872778],[4.25474,51.872338],[4.254635,51.871902],[4.254462,51.871474],[4.254221,51.871059],[4.253916,51.87066],[4.253549,51.870282],[4.253124,51.869928],[4.252644,51.869602],[4.252115,51.869306],[4.251542,51.869043],[4.250929,51.868817],[4.250284,51.868628],[4.249612,51.86848],[4.248919,51.868373],[4.248213,51.868308],[4.2475,51.868286],[4.246787,51.868308],[4.246081,51.868373],[4.245388,51.86848],[4.244716,51.868628],[4.244071,51.868817],[4.243458,51.869043],[4.242885,51.869306],[4.242356,51.869602],[4.241876,51.869928],[4.241451,51.870282],[4.241084,51.87066],[4.240779,51.871059],[4.240538,51.871474],[4.240365,51.871902],[4.24026,51.872338],[4.240225,51.872778],[4.24026,51.873218],[4.240365,51.873654],[4.240538,51.874082],[4.240779,51.874497],[4.241084,51.874895],[4.241451,51.875273],[4.241876,51.875627],[4.242356,51.875954],[4.242885,51.87625],[4.243458,51.876512],[4.244071,51.876739],[4.244716,51.876927],[4.245388,51.877076],[4.246081,51.877183],[4.246787,51.877248],[4.2475,51.877269]]]}},{"type":"Feature","properties":{"identifier":"5.248","name":"Industriegebied met risicos op zware ongevallen","restriction":"CONDITIONAL","rule":"OPEN cat. vluchten zijn hier verboden SPEC cat. vluchten vereisen een privilege op de exploitatievergunning","category":"industrie","source":"AIP Nederland ENR 5.3, ED-269, 22 juli 2024"},"geometry":{"type":"Polygon","coordinates":[[[5.724167,51.393103],[5.724872,51.393081],[5.725571,51.393016],[5.726256,51.392909],[5.726921,51.392761],[5.72756,51.392572],[5.728165,51.392346],[5.728733,51.392083],[5.729256,51.391787],[5.729731,51.391461],[5.730151,51.391106],[5.730514,51.390728],[5.730816,51.39033],[5.731054,51.389915],[5.731226,51.389487],[5.73133,51.389051],[5.731364,51.388611],[5.73133,51.388171],[5.731226,51.387735],[5.731054,51.387307],[5.730816,51.386892],[5.730514,51.386494],[5.730151,51.386116],[5.729731,51.385762],[5.729256,51.385435],[5.728733,51.385139],[5.728165,51.384877],[5.72756,51.38465],[5.726921,51.384461],[5.726256,51.384313],[5.725571,51.384206],[5.724872,51.384141],[5.724167,51.38412],[5.723461,51.384141],[5.722762,51.384206],[5.722077,51.384313],[5.721412,51.384461],[5.720774,51.38465],[5.720168,51.384877],[5.719601,51.385139],[5.719077,51.385435],[5.718603,51.385762],[5.718182,51.386116],[5.717819,51.386494],[5.717517,51.386892],[5.717279,51.387307],[5.717107,51.387735],[5.717004,51.388171],[5.716969,51.388611],[5.717004,51.389051],[5.717107,51.389487],[5.717279,51.389915],[5.717517,51.39033],[5.717819,51.390728],[5.718182,51.391106],[5.718603,51.391461],[5.719077,51.391787],[5.719601,51.392083],[5.720168,51.392346],[5.720774,51.392572],[5.721412,51.392761],[5.722077,51.392909],[5.722762,51.393016],[5.723461,51.393081],[5.724167,51.393103]]]}},{"type":"Feature","properties":{"identifier":"5.249","name":"Industriegebied met risicos op zware ongevallen","restriction":"CONDITIONAL","rule":"OPEN cat. vluchten zijn hier verboden SPEC cat. vluchten vereisen een privilege op de exploitatievergunning","category":"industrie","source":"AIP Nederland ENR 5.3, ED-269, 22 juli 2024"},"geometry":{"type":"Polygon","coordinates":[[[5.024167,51.602269],[5.024875,51.602248],[5.025577,51.602183],[5.026266,51.602076],[5.026934,51.601927],[5.027575,51.601739],[5.028184,51.601512],[5.028754,51.60125],[5.02928,51.600954],[5.029756,51.600627],[5.030179,51.600273],[5.030544,51.599895],[5.030847,51.599497],[5.031086,51.599082],[5.031258,51.598654],[5.031363,51.598218],[5.031397,51.597778],[5.031363,51.597338],[5.031258,51.596902],[5.031086,51.596474],[5.030847,51.596059],[5.030544,51.59566],[5.030179,51.595282],[5.029756,51.594928],[5.02928,51.594602],[5.028754,51.594306],[5.028184,51.594043],[5.027575,51.593817],[5.026934,51.593628],[5.026266,51.59348],[5.025577,51.593373],[5.024875,51.593308],[5.024167,51.593286],[5.023458,51.593308],[5.022756,51.593373],[5.022068,51.59348],[5.0214,51.593628],[5.020758,51.593817],[5.020149,51.594043],[5.01958,51.594306],[5.019054,51.594602],[5.018577,51.594928],[5.018155,51.595282],[5.01779,51.59566],[5.017486,51.596059],[5.017247,51.596474],[5.017075,51.596902],[5.016971,51.597338],[5.016936,51.597778],[5.016971,51.598218],[5.017075,51.598654],[5.017247,51.599082],[5.017486,51.599497],[5.01779,51.599895],[5.018155,51.600273],[5.018577,51.600627],[5.019054,51.600954],[5.01958,51.60125],[5.020149,51.601512],[5.020758,51.601739],[5.0214,51.601927],[5.022068,51.602076],[5.022756,51.602183],[5.023458,51.602248],[5.024167,51.602269]]]}},{"type":"Feature","properties":{"identifier":"5.250","name":"Industriegebied met risicos op zware ongevallen","restriction":"CONDITIONAL","rule":"OPEN cat. vluchten zijn hier verboden SPEC cat. vluchten vereisen een privilege op de exploitatievergunning","category":"industrie","source":"AIP Nederland ENR 5.3, ED-269, 22 juli 2024"},"geometry":{"type":"Polygon","coordinates":[[[3.601667,51.453936],[3.602373,51.453914],[3.603073,51.45385],[3.603759,51.453743],[3.604425,51.453594],[3.605064,51.453406],[3.605671,51.453179],[3.606239,51.452916],[3.606763,51.45262],[3.607238,51.452294],[3.607659,51.45194],[3.608023,51.451562],[3.608325,51.451163],[3.608564,51.450748],[3.608735,51.450321],[3.608839,51.449885],[3.608874,51.449444],[3.608839,51.449004],[3.608735,51.448568],[3.608564,51.448141],[3.608325,51.447726],[3.608023,51.447327],[3.607659,51.446949],[3.607238,51.446595],[3.606763,51.446268],[3.606239,51.445972],[3.605671,51.44571],[3.605064,51.445483],[3.604425,51.445295],[3.603759,51.445146],[3.603073,51.445039],[3.602373,51.444974],[3.601667,51.444953],[3.60096,51.444974],[3.600261,51.445039],[3.599575,51.445146],[3.598909,51.445295],[3.598269,51.445483],[3.597663,51.44571],[3.597094,51.445972],[3.59657,51.446268],[3.596095,51.446595],[3.595674,51.446949],[3.59531,51.447327],[3.595008,51.447726],[3.59477,51.448141],[3.594598,51.448568],[3.594494,51.449004],[3.594459,51.449444],[3.594494,51.449885],[3.594598,51.450321],[3.59477,51.450748],[3.595008,51.451163],[3.59531,51.451562],[3.595674,51.45194],[3.596095,51.452294],[3.59657,51.45262],[3.597094,51.452916],[3.597663,51.453179],[3.598269,51.453406],[3.598909,51.453594],[3.599575,51.453743],[3.600261,51.45385],[3.60096,51.453914],[3.601667,51.453936]]]}},{"type":"Feature","properties":{"identifier":"5.251","name":"Industriegebied met risicos op zware ongevallen","restriction":"CONDITIONAL","rule":"OPEN cat. vluchten zijn hier verboden SPEC cat. vluchten vereisen een privilege op de exploitatievergunning","category":"industrie","source":"AIP Nederland ENR 5.3, ED-269, 22 juli 2024"},"geometry":{"type":"Polygon","coordinates":[[[6.657222,52.324769],[6.657942,52.324748],[6.658656,52.324683],[6.659355,52.324576],[6.660034,52.324427],[6.660686,52.324239],[6.661305,52.324012],[6.661884,52.32375],[6.662418,52.323454],[6.662902,52.323127],[6.663332,52.322773],[6.663703,52.322395],[6.664011,52.321997],[6.664254,52.321582],[6.664429,52.321154],[6.664535,52.320718],[6.66457,52.320278],[6.664535,52.319838],[6.664429,52.319402],[6.664254,52.318974],[6.664011,52.318559],[6.663703,52.31816],[6.663332,52.317782],[6.662902,52.317428],[6.662418,52.317102],[6.661884,52.316806],[6.661305,52.316543],[6.660686,52.316317],[6.660034,52.316128],[6.659355,52.31598],[6.658656,52.315873],[6.657942,52.315808],[6.657222,52.315786],[6.656502,52.315808],[6.655789,52.315873],[6.655089,52.31598],[6.65441,52.316128],[6.653758,52.316317],[6.65314,52.316543],[6.652561,52.316806],[6.652026,52.317102],[6.651542,52.317428],[6.651112,52.317782],[6.650742,52.31816],[6.650433,52.318559],[6.65019,52.318974],[6.650015,52.319402],[6.649909,52.319838],[6.649874,52.320278],[6.649909,52.320718],[6.650015,52.321154],[6.65019,52.321582],[6.650433,52.321997],[6.650742,52.322395],[6.651112,52.322773],[6.651542,52.323127],[6.652026,52.323454],[6.652561,52.32375],[6.65314,52.324012],[6.653758,52.324239],[6.65441,52.324427],[6.655089,52.324576],[6.655789,52.324683],[6.656502,52.324748],[6.657222,52.324769]]]}},{"type":"Feature","properties":{"identifier":"5.252","name":"Industriegebied met risicos op zware ongevallen","restriction":"CONDITIONAL","rule":"OPEN cat. vluchten zijn hier verboden SPEC cat. vluchten vereisen een privilege op de exploitatievergunning","category":"industrie","source":"AIP Nederland ENR 5.3, ED-269, 22 juli 2024"},"geometry":{"type":"Polygon","coordinates":[[[5.06,51.584214],[5.060708,51.584192],[5.06141,51.584127],[5.062098,51.58402],[5.062766,51.583872],[5.063407,51.583683],[5.064016,51.583457],[5.064585,51.583194],[5.065111,51.582898],[5.065587,51.582572],[5.06601,51.582218],[5.066374,51.58184],[5.066678,51.581441],[5.066917,51.581026],[5.067089,51.580598],[5.067193,51.580162],[5.067228,51.579722],[5.067193,51.579282],[5.067089,51.578846],[5.066917,51.578418],[5.066678,51.578003],[5.066374,51.577605],[5.06601,51.577227],[5.065587,51.576873],[5.065111,51.576546],[5.064585,51.57625],[5.064016,51.575988],[5.063407,51.575761],[5.062766,51.575573],[5.062098,51.575424],[5.06141,51.575317],[5.060708,51.575252],[5.06,51.575231],[5.059292,51.575252],[5.05859,51.575317],[5.057902,51.575424],[5.057234,51.575573],[5.056593,51.575761],[5.055984,51.575988],[5.055415,51.57625],[5.054889,51.576546],[5.054413,51.576873],[5.05399,51.577227],[5.053626,51.577605],[5.053322,51.578003],[5.053083,51.578418],[5.052911,51.578846],[5.052807,51.579282],[5.052772,51.579722],[5.052807,51.580162],[5.052911,51.580598],[5.053083,51.581026],[5.053322,51.581441],[5.053626,51.58184],[5.05399,51.582218],[5.054413,51.582572],[5.054889,51.582898],[5.055415,51.583194],[5.055984,51.583457],[5.056593,51.583683],[5.057234,51.583872],[5.057902,51.58402],[5.05859,51.584127],[5.059292,51.584192],[5.06,51.584214]]]}},{"type":"Feature","properties":{"identifier":"5.253","name":"Industriegebied met risicos op zware ongevallen","restriction":"CONDITIONAL","rule":"OPEN cat. vluchten zijn hier verboden SPEC cat. vluchten vereisen een privilege op de exploitatievergunning","category":"industrie","source":"AIP Nederland ENR 5.3, ED-269, 22 juli 2024"},"geometry":{"type":"Polygon","coordinates":[[[4.241944,51.879492],[4.242658,51.87947],[4.243364,51.879405],[4.244056,51.879298],[4.244729,51.87915],[4.245374,51.878961],[4.245986,51.878735],[4.24656,51.878472],[4.247089,51.878176],[4.247568,51.877849],[4.247994,51.877495],[4.248361,51.877117],[4.248666,51.876719],[4.248906,51.876304],[4.24908,51.875876],[4.249185,51.87544],[4.24922,51.875],[4.249185,51.87456],[4.24908,51.874124],[4.248906,51.873696],[4.248666,51.873281],[4.248361,51.872883],[4.247994,51.872505],[4.247568,51.872151],[4.247089,51.871824],[4.24656,51.871528],[4.245986,51.871265],[4.245374,51.871039],[4.244729,51.87085],[4.244056,51.870702],[4.243364,51.870595],[4.242658,51.87053],[4.241944,51.870508],[4.241231,51.87053],[4.240525,51.870595],[4.239833,51.870702],[4.23916,51.87085],[4.238515,51.871039],[4.237903,51.871265],[4.237329,51.871528],[4.2368,51.871824],[4.236321,51.872151],[4.235895,51.872505],[4.235528,51.872883],[4.235223,51.873281],[4.234982,51.873696],[4.234809,51.874124],[4.234704,51.87456],[4.234669,51.875],[4.234704,51.87544],[4.234809,51.875876],[4.234982,51.876304],[4.235223,51.876719],[4.235528,51.877117],[4.235895,51.877495],[4.236321,51.877849],[4.2368,51.878176],[4.237329,51.878472],[4.237903,51.878735],[4.238515,51.878961],[4.23916,51.87915],[4.239833,51.879298],[4.240525,51.879405],[4.241231,51.87947],[4.241944,51.879492]]]}},{"type":"Feature","properties":{"identifier":"5.254","name":"Industriegebied met risicos op zware ongevallen","restriction":"CONDITIONAL","rule":"OPEN cat. vluchten zijn hier verboden SPEC cat. vluchten vereisen een privilege op de exploitatievergunning","category":"industrie","source":"AIP Nederland ENR 5.3, ED-269, 22 juli 2024"},"geometry":{"type":"Polygon","coordinates":[[[5.761111,51.94588],[5.761825,51.945859],[5.762533,51.945794],[5.763226,51.945687],[5.763899,51.945539],[5.764546,51.94535],[5.765159,51.945123],[5.765733,51.944861],[5.766263,51.944565],[5.766743,51.944238],[5.767169,51.943884],[5.767537,51.943506],[5.767842,51.943108],[5.768083,51.942693],[5.768257,51.942265],[5.768362,51.941829],[5.768397,51.941389],[5.768362,51.940949],[5.768257,51.940513],[5.768083,51.940085],[5.767842,51.93967],[5.767537,51.939272],[5.767169,51.938894],[5.766743,51.938539],[5.766263,51.938213],[5.765733,51.937917],[5.765159,51.937654],[5.764546,51.937428],[5.763899,51.937239],[5.763226,51.937091],[5.762533,51.936984],[5.761825,51.936919],[5.761111,51.936897],[5.760397,51.936919],[5.75969,51.936984],[5.758996,51.937091],[5.758323,51.937239],[5.757677,51.937428],[5.757063,51.937654],[5.756489,51.937917],[5.755959,51.938213],[5.755479,51.938539],[5.755053,51.938894],[5.754685,51.939272],[5.75438,51.93967],[5.754139,51.940085],[5.753965,51.940513],[5.75386,51.940949],[5.753825,51.941389],[5.75386,51.941829],[5.753965,51.942265],[5.754139,51.942693],[5.75438,51.943108],[5.754685,51.943506],[5.755053,51.943884],[5.755479,51.944238],[5.755959,51.944565],[5.756489,51.944861],[5.757063,51.945123],[5.757677,51.94535],[5.758323,51.945539],[5.758996,51.945687],[5.75969,51.945794],[5.760397,51.945859],[5.761111,51.94588]]]}},{"type":"Feature","properties":{"identifier":"5.255","name":"Industriegebied met risicos op zware ongevallen","restriction":"CONDITIONAL","rule":"OPEN cat. vluchten zijn hier verboden SPEC cat. vluchten vereisen een privilege op de exploitatievergunning","category":"industrie","source":"AIP Nederland ENR 5.3, ED-269, 22 juli 2024"},"geometry":{"type":"Polygon","coordinates":[[[6.083056,52.228103],[6.083774,52.228081],[6.084486,52.228016],[6.085184,52.227909],[6.085861,52.227761],[6.086512,52.227572],[6.087129,52.227346],[6.087707,52.227083],[6.08824,52.226787],[6.088723,52.226461],[6.089152,52.226106],[6.089522,52.225728],[6.08983,52.22533],[6.090072,52.224915],[6.090247,52.224487],[6.090352,52.224051],[6.090388,52.223611],[6.090352,52.223171],[6.090247,52.222735],[6.090072,52.222307],[6.08983,52.221892],[6.089522,52.221494],[6.089152,52.221116],[6.088723,52.220762],[6.08824,52.220435],[6.087707,52.220139],[6.087129,52.219877],[6.086512,52.21965],[6.085861,52.219461],[6.085184,52.219313],[6.084486,52.219206],[6.083774,52.219141],[6.083056,52.21912],[6.082337,52.219141],[6.081625,52.219206],[6.080927,52.219313],[6.08025,52.219461],[6.079599,52.21965],[6.078982,52.219877],[6.078404,52.220139],[6.077871,52.220435],[6.077388,52.220762],[6.076959,52.221116],[6.076589,52.221494],[6.076281,52.221892],[6.076039,52.222307],[6.075864,52.222735],[6.075759,52.223171],[6.075723,52.223611],[6.075759,52.224051],[6.075864,52.224487],[6.076039,52.224915],[6.076281,52.22533],[6.076589,52.225728],[6.076959,52.226106],[6.077388,52.226461],[6.077871,52.226787],[6.078404,52.227083],[6.078982,52.227346],[6.079599,52.227572],[6.08025,52.227761],[6.080927,52.227909],[6.081625,52.228016],[6.082337,52.228081],[6.083056,52.228103]]]}},{"type":"Feature","properties":{"identifier":"5.256","name":"Industriegebied met risicos op zware ongevallen","restriction":"CONDITIONAL","rule":"OPEN cat. vluchten zijn hier verboden SPEC cat. vluchten vereisen een privilege op de exploitatievergunning","category":"industrie","source":"AIP Nederland ENR 5.3, ED-269, 22 juli 2024"},"geometry":{"type":"Polygon","coordinates":[[[6.113889,52.254492],[6.114608,52.25447],[6.11532,52.254405],[6.116019,52.254298],[6.116696,52.25415],[6.117347,52.253961],[6.117965,52.253735],[6.118543,52.253472],[6.119077,52.253176],[6.11956,52.252849],[6.119989,52.252495],[6.120359,52.252117],[6.120667,52.251719],[6.12091,52.251304],[6.121084,52.250876],[6.12119,52.25044],[6.121225,52.25],[6.12119,52.24956],[6.121084,52.249124],[6.12091,52.248696],[6.120667,52.248281],[6.120359,52.247883],[6.119989,52.247505],[6.11956,52.247151],[6.119077,52.246824],[6.118543,52.246528],[6.117965,52.246265],[6.117347,52.246039],[6.116696,52.24585],[6.116019,52.245702],[6.11532,52.245595],[6.114608,52.24553],[6.113889,52.245508],[6.11317,52.24553],[6.112458,52.245595],[6.111759,52.245702],[6.111081,52.24585],[6.11043,52.246039],[6.109813,52.246265],[6.109235,52.246528],[6.108701,52.246824],[6.108218,52.247151],[6.107789,52.247505],[6.107419,52.247883],[6.107111,52.248281],[6.106868,52.248696],[6.106693,52.249124],[6.106588,52.24956],[6.106552,52.25],[6.106588,52.25044],[6.106693,52.250876],[6.106868,52.251304],[6.107111,52.251719],[6.107419,52.252117],[6.107789,52.252495],[6.108218,52.252849],[6.108701,52.253176],[6.109235,52.253472],[6.109813,52.253735],[6.11043,52.253961],[6.111081,52.25415],[6.111759,52.254298],[6.112458,52.254405],[6.11317,52.25447],[6.113889,52.254492]]]}},{"type":"Feature","properties":{"identifier":"5.257","name":"Industriegebied met risicos op zware ongevallen","restriction":"CONDITIONAL","rule":"OPEN cat. vluchten zijn hier verboden SPEC cat. vluchten vereisen een privilege op de exploitatievergunning","category":"industrie","source":"AIP Nederland ENR 5.3, ED-269, 22 juli 2024"},"geometry":{"type":"Polygon","coordinates":[[[4.325556,51.904492],[4.326269,51.90447],[4.326976,51.904405],[4.327669,51.904298],[4.328341,51.90415],[4.328987,51.903961],[4.3296,51.903735],[4.330173,51.903472],[4.330703,51.903176],[4.331183,51.902849],[4.331608,51.902495],[4.331975,51.902117],[4.332281,51.901719],[4.332521,51.901304],[4.332695,51.900876],[4.3328,51.90044],[4.332835,51.9],[4.3328,51.89956],[4.332695,51.899124],[4.332521,51.898696],[4.332281,51.898281],[4.331975,51.897883],[4.331608,51.897505],[4.331183,51.897151],[4.330703,51.896824],[4.330173,51.896528],[4.3296,51.896265],[4.328987,51.896039],[4.328341,51.89585],[4.327669,51.895702],[4.326976,51.895595],[4.326269,51.89553],[4.325556,51.895508],[4.324842,51.89553],[4.324135,51.895595],[4.323442,51.895702],[4.32277,51.89585],[4.322124,51.896039],[4.321511,51.896265],[4.320938,51.896528],[4.320408,51.896824],[4.319929,51.897151],[4.319503,51.897505],[4.319136,51.897883],[4.31883,51.898281],[4.31859,51.898696],[4.318416,51.899124],[4.318311,51.89956],[4.318276,51.9],[4.318311,51.90044],[4.318416,51.900876],[4.31859,51.901304],[4.31883,51.901719],[4.319136,51.902117],[4.319503,51.902495],[4.319929,51.902849],[4.320408,51.903176],[4.320938,51.903472],[4.321511,51.903735],[4.322124,51.903961],[4.32277,51.90415],[4.323442,51.904298],[4.324135,51.904405],[4.324842,51.90447],[4.325556,51.904492]]]}}]}